[
  { "evaluation": -0.3,  "fen": "rnbqkbnr/pppppppp/8/8/8/8/PPPPPPP1/RNBQKBNR w KQkq - 0 1", "description": "odds_missing_h2_pawn" },
  { "evaluation": -0.4,  "fen": "rnbqkbnr/pppppppp/8/8/8/8/1PPPPPPP/RNBQKBNR w KQkq - 0 1", "description": "odds_missing_a2_pawn" },
  { "evaluation": -0.6,  "fen": "rnbqkbnr/pppppppp/8/8/8/8/PPPP1PPP/RNBQKBNR w KQkq - 0 1", "description": "odds_missing_e2_pawn" },
  { "evaluation": -0.7,  "fen": "rnbqkbnr/pppppppp/8/8/8/4P3/PPPPKPPP/RNBQ1BNR w kq - 0 1", "description": "odds_misplaced_white_king" },
  { "evaluation": -0.8,  "fen": "rnbqkbnr/ppp2ppp/8/3pp3/8/8/PPPPPPPP/RNBQKBNR w KQkq - 0 1", "description": "odds_two_moves_for_black" },
  { "evaluation": -0.8,  "fen": "rnbqkbnr/pppppppp/8/8/8/8/PP1PPPPP/RNBQKBNR w KQkq - 0 1", "description": "odds_missing_c2_pawn" },
  { "evaluation": -0.9,  "fen": "rnbqkbnr/pppppppp/8/8/8/8/P1PPPPPP/RNBQKBNR w KQkq - 0 1", "description": "odds_missing_b2_pawn" },
  { "evaluation": -1,    "fen": "rnbqkbnr/pppppppp/8/8/8/8/1PPPPPP1/RNBQKBNR w KQkq - 0 1", "description": "odds_missing_a2_and_h2_pawns" },
  { "evaluation": -1.1,  "fen": "r1bqkb1r/ppp2ppp/2n2n2/3pp3/8/8/PPPPPPPP/RNBQKBNR w KQkq - 0 1", "description": "odds_four_moves_for_black" },
  { "evaluation": -1.2,  "fen": "rnbqkbnr/pppppppp/8/8/8/8/PPPPP1PP/RNBQKBNR w KQkq - 0 1", "description": "odds_missing_f2_pawn" },
  { "evaluation": -1.4,  "fen": "r2qk2r/ppp2ppp/2nbbn2/3pp3/8/8/PPPPPPPP/RNBQKBNR w KQkq - 0 1", "description": "odds_six_moves_for_black" },
  { "evaluation": -1.5,  "fen": "rnbqkb1r/pppppppp/8/8/8/8/PPPPPPPP/RNBQKBN1 w KQkq - 0 1", "description": "odds_rook_for_knight" },
  { "evaluation": -1.6,  "fen": "rnbqkbnr/pppppppp/8/8/8/8/1PPPP1PP/RNBQKBNR w KQkq - 0 1", "description": "odds_missing_a2_and_f2_pawns" },
  { "evaluation": -1.8,  "fen": "rnbqkbnr/pppppppp/8/8/8/8/1PPPPP1P/RNBQKBNR w KQkq - 0 1", "description": "odds_missing_a2_and_g2_pawns" },
  { "evaluation": -1.9,  "fen": "rnbqkbnr/pppppppp/8/8/8/8/PPP2PPP/RNBQKBNR w KQkq - 0 1", "description": "odds_missing_d2_and_e2_pawns" },
  { "evaluation": -2.3,  "fen": "rnbqkbnr/pppppppp/8/8/8/8/P1PPPP1P/RNBQKBNR w KQkq - 0 1", "description": "odds_missing_b2_and_g2_pawns" },
  { "evaluation": -2.4,  "fen": "rnbqkbnr/pppppppp/8/8/8/8/PPPPP2P/RNBQKBNR w KQkq - 0 1", "description": "odds_missing_f2_and_g2_pawns" },
  { "evaluation": -2.5,  "fen": "rnbqkbnr/pppppppp/8/8/8/8/PPPPP3/RNBQKBNR w KQkq - 0 1", "description": "odds_missing_three_pawns" },
  { "evaluation": -2.7,  "fen": "r2qk2r/ppp2ppp/2n2n2/2bppb2/8/8/PPPPPPPP/RNBQKBNR w KQkq - 0 1", "description": "odds_dream_position" },
  { "evaluation": -3,    "fen": "rnbqkbnr/1ppppppp/8/8/8/8/PPPPPPPP/R1BQKBNR w KQkq - 0 1", "description": "odds_knight_for_pawn" },
  { "evaluation": -3.4,  "fen": "rnbqkbnr/pppppppp/8/8/8/8/1PPPP3/RNBQKBNR w KQkq - 0 1", "description": "odds_missing_four_pawns" },
  { "evaluation": -3.5,  "fen": "rnbqkbnr/pppppppp/8/8/8/8/PPPPPPPP/RNBQKB1R w KQkq - 0 1", "description": "odds_missing_g1_knight" },
  { "evaluation": -3.7,  "fen": "rnbqkbnr/pppppppp/8/8/8/8/PPPPPPPP/R1BQKBNR w KQkq - 0 1", "description": "odds_missing_b1_knight" },
  { "evaluation": -3.8,  "fen": "rnbqkbnr/pppppppp/8/8/8/8/PPPPPPPP/RNBQK1NR w KQkq - 0 1", "description": "odds_missing_bishop" },
  { "evaluation": -4.3,  "fen": "rnbqkbnr/pppppppp/8/8/8/8/1PPPPPPP/R1BQKBNR w KQkq - 0 1", "description": "odds_missing_knight_and_a2_pawn" },
  { "evaluation": -4.6,  "fen": "rnbqkbnr/pppppppp/8/8/8/8/P1PPPPPP/R1BQKBNR w KQkq - 0 1", "description": "odds_missing_knight_and_b2_pawn" },
  { "evaluation": -4.8,  "fen": "r1bqkb1r/pppppppp/8/8/8/8/PPPPPPPP/NNNNKNNN w kq - 0 1", "description": "odds_knightmare" },
  { "evaluation": -5,    "fen": "3qk3/pppppppp/8/8/8/8/PPPPPPPP/2B1K1N1 w - - 0 1", "description": "odds_queen_vs_bishop_and_knight" },
  { "evaluation": -5.1,  "fen": "rnbqkbnr/pppppppp/8/8/8/8/PPPPPPPP/1NBQKBNR w Kkq - 0 1", "description": "odds_missing_a1_rook" },
  { "evaluation": -5.4,  "fen": "rnbqkbnr/pppppppp/8/8/8/8/PPPPPPPP/RNBQKBN1 w Qkq - 0 1", "description": "odds_missing_h1_rook" },
  { "evaluation": -6.1,  "fen": "rnbqkbnr/pppppppp/8/8/8/8/1PPPPPPP/1NBQKBNR w Kkq - 0 1", "description": "odds_missing_rook_and_a2_pawn" },
  { "evaluation": -7.4,  "fen": "rnbqkbnr/pppppppp/8/8/8/8/PPPPPPPP/R1BQKB1R w KQkq - 0 1", "description": "odds_missing_knights" },
  { "evaluation": -8.9,  "fen": "rnbqkbnr/pppppppp/8/8/8/8/PPPPPPPP/2BQKBNR w Kkq - 0 1", "description": "odds_missing_rook_and_knight" },
  { "evaluation": -9.8,  "fen": "rnbqkbnr/pppppppp/8/8/8/8/1PPPPPPP/2BQKBNR w Kkq - 0 1", "description": "odds_missing_rook_knight_and_pawn" },
  { "evaluation": -11.2, "fen": "rnbqkbnr/pppppppp/8/8/8/8/PPPPPPPP/RNB1KBNR w KQkq - 0 1", "description": "odds_missing_queen" },
  { "evaluation": -11.5, "fen": "rnbqkbnr/pppppppp/8/8/8/8/PPPPPPPP/R2QKB1R w KQkq - 0 1", "description": "odds_missing_two_knights_and_one_bishop" },
  { "evaluation": -15.7, "fen": "rnbqkbnr/pppppppp/8/8/8/8/PPPPPPPP/R2QK2R w KQkq - 0 1", "description": "odds_missing_bishops_and_knights" },
  { "evaluation": -19,   "fen": "rnbqkbnr/pppppppp/8/8/8/8/PPPPPPPP/R3KBNR w KQkq - 0 1", "description": "odds_missing_queen_bishop_knight" },
  { "evaluation": -22,   "fen": "rnbqkbnr/pppppppp/8/8/8/8/PPPPPPPP/1NB1KBN1 w kq - 0 1", "description": "odds_missing_queen_and_two_rooks" },
  { "evaluation": -31,   "fen": "rnbqkbnr/pppppppp/8/8/8/8/PPPPPPPP/4KBN1 w kq - 0 1", "description": "odds_missing_q_2r_b_n" }
]