{"v":"5.7.4","fr":100,"ip":0,"op":100,"w":500,"h":500,"nm":"Benchmark","ddd":0,"assets":[],"layers":[{"ddd":0,"ind":1,"ty":4,"nm":"Group 1950 Outlines","sr":1,"ks":{"o":{"a":0,"k":100,"ix":11},"r":{"a":0,"k":0,"ix":10},"p":{"a":0,"k":[250,250,0],"ix":2,"l":2},"a":{"a":0,"k":[58,58,0],"ix":1,"l":2},"s":{"a":0,"k":[162,162,100],"ix":6,"l":2}},"ao":0,"shapes":[{"ty":"gr","it":[{"ind":0,"ty":"sh","ix":1,"ks":{"a":0,"k":{"i":[[-5.827,-0.266],[2.433,-4.564],[-0.751,0],[0,0],[0,1.682],[0,0],[-0.41,0.023],[-0.079,-0.418],[-0.166,7.525],[1.235,-6.814],[0.424,0.024],[0,0.412],[0,0],[1.682,0],[0,0],[0,-1.682],[0,0],[-1.682,0],[0,0],[0.357,0.659]],"o":[[5.702,0.26],[-0.353,0.663],[0,0],[1.682,0],[0,0],[0,-0.411],[0.425,-0.024],[1.209,6.418],[-0.01,-6.972],[-0.076,0.418],[-0.411,-0.023],[0,0],[0,-1.682],[0,0],[-1.682,0],[0,0],[0,1.682],[0,0],[0.749,0],[-2.643,-4.878]],"v":[[-6.462,5.647],[-0.172,16.913],[0.655,18.531],[8.636,18.532],[11.724,15.444],[11.722,1.145],[12.453,0.371],[13.315,1.091],[25.341,0.105],[13.314,-1.083],[12.455,-0.365],[11.721,-1.141],[11.719,-15.439],[8.63,-18.527],[-22.253,-18.532],[-25.341,-15.444],[-25.336,15.439],[-22.247,18.527],[-14.263,18.529],[-13.446,16.922]],"c":true},"ix":2},"nm":"Path 1","mn":"ADBE Vector Shape - Group","hd":false},{"ty":"fl","c":{"a":1,"k":[{"i":{"x":[0.833],"y":[0.833]},"o":{"x":[0.167],"y":[0.167]},"t":4,"s":[1,1,1,1]},{"t":20,"s":[0.960784373564,0.745098039216,0.262745098039,1]}],"ix":4},"o":{"a":1,"k":[{"i":{"x":[0.833],"y":[0.833]},"o":{"x":[0.167],"y":[0.167]},"t":0,"s":[0]},{"t":4,"s":[100]}],"ix":5},"r":1,"bm":0,"nm":"Fill 1","mn":"ADBE Vector Graphic - Fill","hd":false},{"ty":"tr","p":{"a":0,"k":[18.57,17.917],"ix":2},"a":{"a":0,"k":[-6.79,-0.617],"ix":1},"s":{"a":1,"k":[{"i":{"x":[0,0],"y":[1,1]},"o":{"x":[0.167,0.167],"y":[0.167,0.167]},"t":0,"s":[110,110]},{"t":20,"s":[100,100]}],"ix":3},"r":{"a":0,"k":0,"ix":6},"o":{"a":0,"k":100,"ix":7},"sk":{"a":0,"k":0,"ix":4},"sa":{"a":0,"k":0,"ix":5},"nm":"Transform"}],"nm":"Group 1","np":2,"cix":2,"bm":0,"ix":1,"mn":"ADBE Vector Group","hd":false},{"ty":"gr","it":[{"ind":0,"ty":"sh","ix":1,"ks":{"a":0,"k":{"i":[[-0.266,-5.725],[4.792,2.574],[0,-0.75],[0,0],[-1.682,0],[0,0],[0.355,0.661],[-5.889,-0.001],[2.511,-4.683],[-0.75,0],[0,0],[0,1.682],[0,0],[-0.41,0.025],[-0.079,-0.419],[0.143,7.533],[1.442,-6.785],[0.423,0.026],[0,0.418],[0,0],[1.682,0],[0,0],[0,-1.682],[0,0],[-0.658,0.361]],"o":[[0.282,6.056],[-0.661,-0.355],[0,0],[0,1.682],[0,0],[0.75,0],[-2.513,-4.684],[5.889,0.001],[-0.355,0.661],[0,0],[1.682,0],[0,0],[0,-0.41],[0.426,-0.026],[1.252,6.606],[-0.132,-6.931],[-0.088,0.414],[-0.417,-0.026],[0,0],[0,-1.682],[0,0],[-1.682,0],[0,0],[0,0.751],[4.633,-2.545]],"v":[[-12.569,-0.379],[-23.785,6.63],[-25.396,7.451],[-25.395,15.439],[-22.306,18.527],[-14.33,18.529],[-13.507,16.914],[-6.871,5.645],[-0.231,16.916],[0.593,18.531],[8.577,18.532],[11.665,15.444],[11.662,1.204],[12.391,0.429],[13.259,1.147],[25.296,-0.063],[13.24,-1.124],[12.366,-0.422],[11.623,-1.212],[11.621,-15.439],[8.532,-18.527],[-22.351,-18.532],[-25.439,-15.444],[-25.437,-7.469],[-23.828,-6.654]],"c":true},"ix":2},"nm":"Path 1","mn":"ADBE Vector Shape - Group","hd":false},{"ty":"fl","c":{"a":1,"k":[{"i":{"x":[0.833],"y":[0.833]},"o":{"x":[0.167],"y":[0.167]},"t":14,"s":[1,1,1,1]},{"t":30,"s":[0.984313785329,0.886274569642,0.537254901961,1]}],"ix":4},"o":{"a":1,"k":[{"i":{"x":[0.833],"y":[0.833]},"o":{"x":[0.167],"y":[0.167]},"t":10,"s":[0]},{"t":14,"s":[100]}],"ix":5},"r":1,"bm":0,"nm":"Fill 1","mn":"ADBE Vector Graphic - Fill","hd":false},{"ty":"tr","p":{"a":0,"k":[57.828,17.915],"ix":2},"a":{"a":0,"k":[-7.099,-0.617],"ix":1},"s":{"a":1,"k":[{"i":{"x":[0,0],"y":[1,1]},"o":{"x":[0.167,0.167],"y":[0.167,0.167]},"t":12,"s":[110,110]},{"t":32,"s":[100,100]}],"ix":3},"r":{"a":0,"k":0,"ix":6},"o":{"a":0,"k":100,"ix":7},"sk":{"a":0,"k":0,"ix":4},"sa":{"a":0,"k":0,"ix":5},"nm":"Transform"}],"nm":"Group 2","np":2,"cix":2,"bm":0,"ix":2,"mn":"ADBE Vector Group","hd":false},{"ty":"gr","it":[{"ind":0,"ty":"sh","ix":1,"ks":{"a":0,"k":{"i":[[1.659,0.033],[0,0],[0,-1.682],[0,0],[-0.658,0.358],[-0.015,-5.704],[4.763,2.655],[0,-0.754],[0,0],[-1.682,0],[0,0],[-0.011,-0.443],[0.414,-0.089],[-7.43,-0.232],[6.825,1.436],[0,0.415],[-0.45,0],[0,0],[0,1.682],[0,0]],"o":[[0,0],[-1.682,0],[0,0],[0,0.749],[4.764,-2.588],[0.049,5.923],[-0.659,-0.367],[0,0],[0,1.682],[0,0],[0.443,0],[0.011,0.423],[-6.794,1.462],[7.467,-0.23],[-0.406,-0.085],[0,-0.45],[0,0],[1.682,0],[0,0],[0,-1.659]],"v":[[15.475,-25.317],[-15.408,-25.321],[-18.496,-22.234],[-18.494,-14.25],[-16.888,-13.433],[-5.623,-6.798],[-16.889,-0.12],[-18.507,0.691],[-18.506,8.65],[-15.417,11.738],[-1.398,11.741],[-0.581,12.537],[-1.302,13.405],[0.026,25.322],[1.317,13.4],[0.596,12.556],[1.41,11.741],[15.419,11.743],[18.507,8.655],[18.502,-22.228]],"c":true},"ix":2},"nm":"Path 1","mn":"ADBE Vector Shape - Group","hd":false},{"ty":"fl","c":{"a":1,"k":[{"i":{"x":[0.833],"y":[0.833]},"o":{"x":[0.167],"y":[0.167]},"t":24,"s":[1,1,1,1]},{"t":40,"s":[0.960784373564,0.745098039216,0.262745098039,1]}],"ix":4},"o":{"a":1,"k":[{"i":{"x":[0.833],"y":[0.833]},"o":{"x":[0.167],"y":[0.167]},"t":20,"s":[0]},{"t":24,"s":[100]}],"ix":5},"r":1,"bm":0,"nm":"Fill 1","mn":"ADBE Vector Graphic - Fill","hd":false},{"ty":"tr","p":{"a":0,"k":[97.557,18.544],"ix":2},"a":{"a":0,"k":[0.309,-6.79],"ix":1},"s":{"a":1,"k":[{"i":{"x":[0,0],"y":[1,1]},"o":{"x":[0.167,0.167],"y":[0.167,0.167]},"t":23,"s":[110,110]},{"t":43,"s":[100,100]}],"ix":3},"r":{"a":0,"k":0,"ix":6},"o":{"a":0,"k":100,"ix":7},"sk":{"a":0,"k":0,"ix":4},"sa":{"a":0,"k":0,"ix":5},"nm":"Transform"}],"nm":"Group 3","np":2,"cix":2,"bm":0,"ix":3,"mn":"ADBE Vector Group","hd":false},{"ty":"gr","it":[{"ind":0,"ty":"sh","ix":1,"ks":{"a":0,"k":{"i":[[-6.036,-0.275],[2.518,-4.646],[-0.751,0],[0,0],[0,1.682],[0,0],[-0.413,0.032],[-0.096,-0.411],[-0.349,7.369],[1.465,-6.369],[0.423,0.033],[0,0.409],[0,0],[1.682,0],[0,0],[0.03,0.413],[-0.411,0.092],[7.362,0.225],[-6.8,-1.522],[0.031,-0.42],[0.414,0],[0,0],[0,-1.682],[0,0],[-1.682,0],[0,0],[0.352,0.662]],"o":[[5.537,0.252],[-0.358,0.66],[0,0],[1.682,0],[0,0],[0,-0.414],[0.421,-0.033],[1.577,6.781],[0.08,-7.484],[-0.095,0.413],[-0.408,-0.032],[0,0],[0,-1.682],[0,0],[-0.414,0],[-0.031,-0.42],[6.791,-1.515],[-7.377,0.23],[0.411,0.092],[-0.03,0.413],[0,0],[-1.682,0],[0,0],[0,1.682],[0,0],[0.749,0],[-2.548,-4.786]],"v":[[-6.513,12.39],[-0.216,23.661],[0.603,25.274],[8.585,25.275],[11.672,22.187],[11.67,8.197],[12.402,7.407],[13.286,8.09],[25.313,6.879],[13.278,5.383],[12.393,6.077],[11.67,5.295],[11.667,-8.696],[8.579,-11.785],[-5.504,-11.787],[-6.291,-12.519],[-5.603,-13.396],[-6.865,-25.275],[-8.123,-13.397],[-7.435,-12.52],[-8.223,-11.787],[-22.304,-11.79],[-25.392,-8.702],[-25.387,22.181],[-22.299,25.27],[-14.314,25.271],[-13.49,23.66]],"c":true},"ix":2},"nm":"Path 1","mn":"ADBE Vector Shape - Group","hd":false},{"ty":"fl","c":{"a":1,"k":[{"i":{"x":[0.833],"y":[0.833]},"o":{"x":[0.167],"y":[0.167]},"t":34,"s":[1,1,1,1]},{"t":62,"s":[0.984313785329,0.886274569642,0.537254901961,1]}],"ix":4},"o":{"a":1,"k":[{"i":{"x":[0.833],"y":[0.833]},"o":{"x":[0.167],"y":[0.167]},"t":30,"s":[0]},{"t":34,"s":[100]}],"ix":5},"r":1,"bm":0,"nm":"Fill 1","mn":"ADBE Vector Graphic - Fill","hd":false},{"ty":"tr","p":{"a":0,"k":[18.293,56.405],"ix":2},"a":{"a":0,"k":[-7.099,5.247],"ix":1},"s":{"a":1,"k":[{"i":{"x":[0,0],"y":[1,1]},"o":{"x":[0.167,0.167],"y":[0.167,0.167]},"t":33,"s":[110,110]},{"t":53,"s":[100,100]}],"ix":3},"r":{"a":0,"k":0,"ix":6},"o":{"a":0,"k":100,"ix":7},"sk":{"a":0,"k":0,"ix":4},"sa":{"a":0,"k":0,"ix":5},"nm":"Transform"}],"nm":"Group 4","np":2,"cix":2,"bm":0,"ix":4,"mn":"ADBE Vector Group","hd":false},{"ty":"gr","it":[{"ind":0,"ty":"sh","ix":1,"ks":{"a":0,"k":{"i":[[-1.679,0],[0,0],[0,1.682],[0,0],[0.661,-0.352],[0.114,5.809],[-4.804,-2.678],[0,0.753],[0,0],[1.682,0],[0,0],[0.026,0.417],[-0.414,0.091],[7.186,-0.028],[-6.306,-1.255],[0.029,-0.425],[0.407,0],[0,0],[0,-1.682],[0,0],[-0.661,0.347],[0.085,-5.906],[5.231,3.044],[0,-0.738],[0,0]],"o":[[0,0],[1.682,0],[0,0],[0,-0.749],[-4.639,2.473],[-0.153,-5.978],[0.658,0.367],[0,0],[0,-1.682],[0,0],[-0.418,0],[-0.026,-0.423],[6.62,-1.449],[-7.321,0.029],[0.418,0.083],[-0.027,0.406],[0,0],[-1.682,0],[0,0],[0,0.747],[4.712,-2.474],[-0.077,5.316],[-0.638,-0.371],[0,0],[0.004,1.679]],"v":[[-15.439,25.362],[15.444,25.367],[18.532,22.279],[18.531,14.284],[16.921,13.46],[5.667,6.959],[16.912,0.162],[18.529,-0.649],[18.527,-8.604],[15.439,-11.693],[1.258,-11.695],[0.468,-12.438],[1.17,-13.314],[0.022,-25.338],[-1.147,-13.288],[-0.433,-12.417],[-1.205,-11.696],[-15.444,-11.698],[-18.532,-8.61],[-18.531,-0.611],[-16.925,0.218],[-5.618,6.957],[-16.982,13.435],[-18.529,14.217],[-18.527,22.281]],"c":true},"ix":2},"nm":"Path 1","mn":"ADBE Vector Shape - Group","hd":false},{"ty":"fl","c":{"a":1,"k":[{"i":{"x":[0.833],"y":[0.833]},"o":{"x":[0.167],"y":[0.167]},"t":44,"s":[1,1,1,1]},{"t":60,"s":[0.960784373564,0.745098039216,0.262745098039,1]}],"ix":4},"o":{"a":1,"k":[{"i":{"x":[0.833],"y":[0.833]},"o":{"x":[0.167],"y":[0.167]},"t":40,"s":[0]},{"t":44,"s":[100]}],"ix":5},"r":1,"bm":0,"nm":"Fill 1","mn":"ADBE Vector Graphic - Fill","hd":false},{"ty":"tr","p":{"a":0,"k":[58.164,57.252],"ix":2},"a":{"a":0,"k":[0,6.173],"ix":1},"s":{"a":1,"k":[{"i":{"x":[0,0],"y":[1,1]},"o":{"x":[0.167,0.167],"y":[0.167,0.167]},"t":42,"s":[110,110]},{"t":62,"s":[100,100]}],"ix":3},"r":{"a":0,"k":0,"ix":6},"o":{"a":0,"k":100,"ix":7},"sk":{"a":0,"k":0,"ix":4},"sa":{"a":0,"k":0,"ix":5},"nm":"Transform"}],"nm":"Group 5","np":2,"cix":2,"bm":0,"ix":5,"mn":"ADBE Vector Group","hd":false},{"ty":"gr","it":[{"ind":0,"ty":"sh","ix":1,"ks":{"a":0,"k":{"i":[[0.028,-0.419],[-0.408,-0.104],[6.854,-0.498],[-6.768,1.452],[0.029,0.423],[0.414,0],[0,0],[0,1.683],[0,0],[0.401,0.054],[0.138,-0.393],[-0.215,6.57],[-1.991,-5.823],[-0.413,0.054],[0,0.402],[0,0],[-1.681,0],[0,0],[0.346,-0.662],[-6.08,0.434],[2.96,5.09],[-0.739,0],[0,0],[0,-1.681],[0,0],[1.682,0],[0,0]],"o":[[-0.028,0.42],[6.042,1.54],[-7.63,0.554],[0.414,-0.089],[-0.028,-0.413],[0,0],[-1.681,0],[0,0],[0,-0.404],[-0.413,-0.056],[-2.149,6.103],[0.225,-6.892],[0.135,0.394],[0.399,-0.052],[0,0],[0,-1.681],[0,0],[0.747,0],[-2.528,4.833],[5.125,-0.364],[-0.371,-0.639],[0,0],[1.682,0],[0,0],[0,1.681],[0,0],[-0.419,0]],"v":[[7.378,12.207],[8.065,13.095],[7.33,25.044],[5.619,13.095],[6.32,12.219],[5.536,11.486],[-8.623,11.484],[-11.712,8.395],[-11.714,-4.973],[-12.414,-5.773],[-13.348,-5.165],[-25.164,-7.144],[-13.34,-8.961],[-12.412,-8.345],[-11.715,-9.139],[-11.717,-22.511],[-8.629,-25.598],[-0.642,-25.597],[0.187,-23.992],[7.324,-12.71],[13.409,-24.048],[14.192,-25.595],[22.285,-25.594],[25.374,-22.505],[25.379,8.378],[22.291,11.466],[8.174,11.464]],"c":true},"ix":2},"nm":"Path 1","mn":"ADBE Vector Shape - Group","hd":false},{"ty":"fl","c":{"a":1,"k":[{"i":{"x":[0.833],"y":[0.833]},"o":{"x":[0.167],"y":[0.167]},"t":54,"s":[1,1,1,1]},{"t":70,"s":[0.984313785329,0.886274569642,0.537254901961,1]}],"ix":4},"o":{"a":1,"k":[{"i":{"x":[0.833],"y":[0.833]},"o":{"x":[0.167],"y":[0.167]},"t":50,"s":[0]},{"t":54,"s":[100]}],"ix":5},"r":1,"bm":0,"nm":"Fill 1","mn":"ADBE Vector Graphic - Fill","hd":false},{"ty":"tr","p":{"a":0,"k":[96.896,58.237],"ix":2},"a":{"a":0,"k":[6.481,-6.79],"ix":1},"s":{"a":1,"k":[{"i":{"x":[0,0],"y":[1,1]},"o":{"x":[0.167,0.167],"y":[0.167,0.167]},"t":51,"s":[110,110]},{"t":71,"s":[100,100]}],"ix":3},"r":{"a":0,"k":0,"ix":6},"o":{"a":0,"k":100,"ix":7},"sk":{"a":0,"k":0,"ix":4},"sa":{"a":0,"k":0,"ix":5},"nm":"Transform"}],"nm":"Group 6","np":2,"cix":2,"bm":0,"ix":6,"mn":"ADBE Vector Group","hd":false},{"ty":"gr","it":[{"ind":0,"ty":"sh","ix":1,"ks":{"a":0,"k":{"i":[[0.017,5.839],[-4.762,-2.622],[0,0.751],[0,0],[1.682,0],[0,0],[0.031,0.419],[-0.404,0.11],[7.343,0.345],[-6.991,-1.322],[0.029,-0.422],[0.407,0],[0,0],[0,-1.682],[0,0],[-1.682,0],[0,0],[0,1.682],[0,0],[0.661,-0.349]],"o":[[-0.018,-5.95],[0.658,0.362],[0,0],[0,-1.682],[0,0],[-0.42,0],[-0.031,-0.417],[6.11,-1.658],[-7.058,-0.331],[0.416,0.079],[-0.027,0.406],[0,0],[-1.682,0],[0,0],[0,1.682],[0,0],[1.682,0],[0,0],[0,-0.748],[-4.639,2.45]],"v":[[5.653,7.12],[16.917,0.343],[18.529,-0.47],[18.527,-8.471],[15.439,-11.559],[1.321,-11.562],[0.522,-12.305],[1.194,-13.197],[0.201,-25.161],[-1.254,-13.154],[-0.549,-12.291],[-1.321,-11.57],[-15.444,-11.572],[-18.532,-8.484],[-18.527,22.399],[-15.439,25.488],[15.444,25.493],[18.532,22.405],[18.531,14.412],[16.922,13.584]],"c":true},"ix":2},"nm":"Path 1","mn":"ADBE Vector Shape - Group","hd":false},{"ty":"fl","c":{"a":1,"k":[{"i":{"x":[0.833],"y":[0.833]},"o":{"x":[0.167],"y":[0.167]},"t":64,"s":[1,1,1,1]},{"t":80,"s":[0.960784373564,0.745098039216,0.262745098039,1]}],"ix":4},"o":{"a":1,"k":[{"i":{"x":[0.833],"y":[0.833]},"o":{"x":[0.167],"y":[0.167]},"t":60,"s":[0]},{"t":64,"s":[100]}],"ix":5},"r":1,"bm":0,"nm":"Fill 1","mn":"ADBE Vector Graphic - Fill","hd":false},{"ty":"tr","p":{"a":0,"k":[17.927,97.102],"ix":2},"a":{"a":0,"k":[-0.617,6.79],"ix":1},"s":{"a":1,"k":[{"i":{"x":[0,0],"y":[1,1]},"o":{"x":[0.167,0.167],"y":[0.167,0.167]},"t":60,"s":[110,110]},{"t":80,"s":[100,100]}],"ix":3},"r":{"a":0,"k":0,"ix":6},"o":{"a":0,"k":100,"ix":7},"sk":{"a":0,"k":0,"ix":4},"sa":{"a":0,"k":0,"ix":5},"nm":"Transform"}],"nm":"Group 7","np":2,"cix":2,"bm":0,"ix":7,"mn":"ADBE Vector Group","hd":false},{"ty":"gr","it":[{"ind":0,"ty":"sh","ix":1,"ks":{"a":0,"k":{"i":[[-0.131,5.992],[-4.718,-2.758],[0,0.683],[0,0],[1.682,0],[0,0],[0,-1.682],[0,0],[0.403,-0.029],[0,0],[0.099,0.391],[0.197,-7.4],[-1.474,6.904],[-0.411,-0.028],[0,0],[0,-0.406],[0,0],[-1.682,0],[0,0],[0,1.682],[0,0],[0.593,-0.333]],"o":[[0.129,-5.93],[0.59,0.345],[0,0],[0,-1.682],[0,0],[-1.682,0],[0,0],[0,0.405],[0,0],[-0.402,0.029],[-1.674,-6.605],[0.255,7.468],[0.086,-0.403],[0,0],[0.405,0.027],[0,0],[0,1.682],[0,0],[1.682,0],[0,0],[0,-0.68],[-4.701,2.639]],"v":[[12.448,-0.018],[23.871,-6.522],[25.322,-7.243],[25.32,-15.427],[22.232,-18.516],[-8.652,-18.521],[-11.739,-15.433],[-11.737,-1.311],[-12.453,-0.541],[-12.507,-0.537],[-13.361,-1.186],[-25.326,-0.024],[-13.338,1.176],[-12.485,0.498],[-12.457,0.5],[-11.737,1.271],[-11.734,15.427],[-8.646,18.516],[22.237,18.521],[25.325,15.433],[25.324,7.274],[23.875,6.541]],"c":true},"ix":2},"nm":"Path 1","mn":"ADBE Vector Shape - Group","hd":false},{"ty":"fl","c":{"a":1,"k":[{"i":{"x":[0.833],"y":[0.833]},"o":{"x":[0.167],"y":[0.167]},"t":74,"s":[1,1,1,1]},{"t":90,"s":[0.984313785329,0.886274569642,0.537254901961,1]}],"ix":4},"o":{"a":1,"k":[{"i":{"x":[0.833],"y":[0.833]},"o":{"x":[0.167],"y":[0.167]},"t":70,"s":[0]},{"t":74,"s":[100]}],"ix":5},"r":1,"bm":0,"nm":"Fill 1","mn":"ADBE Vector Graphic - Fill","hd":false},{"ty":"tr","p":{"a":0,"k":[57.713,97.241],"ix":2},"a":{"a":0,"k":[6.481,0],"ix":1},"s":{"a":1,"k":[{"i":{"x":[0,0],"y":[1,1]},"o":{"x":[0.167,0.167],"y":[0.167,0.167]},"t":71,"s":[110,110]},{"t":91,"s":[100,100]}],"ix":3},"r":{"a":0,"k":0,"ix":6},"o":{"a":0,"k":100,"ix":7},"sk":{"a":0,"k":0,"ix":4},"sa":{"a":0,"k":0,"ix":5},"nm":"Transform"}],"nm":"Group 8","np":2,"cix":2,"bm":0,"ix":8,"mn":"ADBE Vector Group","hd":false},{"ty":"gr","it":[{"ind":0,"ty":"sh","ix":1,"ks":{"a":0,"k":{"i":[[5.601,-0.473],[-2.702,4.97],[0.751,0],[0,0],[0,-1.682],[0,0],[0.403,-0.04],[0.111,0.407],[-0.281,-7.297],[-1.517,6.256],[-0.383,-0.031],[0,-0.424],[0,0],[-1.682,0],[0,0],[0,1.682],[0,0],[1.682,0],[0,0],[-0.356,-0.662]],"o":[[-5.935,0.501],[0.358,-0.659],[0,0],[-1.682,0],[0,0],[0,0.405],[-0.419,0.042],[-1.69,-6.17],[0.261,6.781],[0.091,-0.373],[0.423,0.034],[0,0],[0,1.682],[0,0],[1.682,0],[0,0],[0,-1.682],[0,0],[-0.752,0],[2.422,4.51]],"v":[[7.552,-5.54],[0.277,-16.822],[-0.54,-18.433],[-8.516,-18.434],[-11.604,-15.346],[-11.602,-1.598],[-12.311,-0.814],[-13.215,-1.478],[-25.134,0.371],[-13.208,1.558],[-12.411,0.933],[-11.648,1.744],[-11.645,15.437],[-8.557,18.526],[22.327,18.53],[25.414,15.443],[25.41,-15.441],[22.321,-18.529],[14.39,-18.531],[13.566,-16.912]],"c":true},"ix":2},"nm":"Path 1","mn":"ADBE Vector Shape - Group","hd":false},{"ty":"fl","c":{"a":1,"k":[{"i":{"x":[0.833],"y":[0.833]},"o":{"x":[0.167],"y":[0.167]},"t":84,"s":[1,1,1,1]},{"t":100,"s":[0.960784373564,0.745098039216,0.262745098039,1]}],"ix":4},"o":{"a":1,"k":[{"i":{"x":[0.833],"y":[0.833]},"o":{"x":[0.167],"y":[0.167]},"t":80,"s":[0]},{"t":84,"s":[100]}],"ix":5},"r":1,"bm":0,"nm":"Fill 1","mn":"ADBE Vector Graphic - Fill","hd":false},{"ty":"tr","p":{"a":0,"k":[96.846,97.532],"ix":2},"a":{"a":0,"k":[6.481,0.309],"ix":1},"s":{"a":1,"k":[{"i":{"x":[0,0],"y":[1,1]},"o":{"x":[0.167,0.167],"y":[0.167,0.167]},"t":80,"s":[110,110]},{"t":100,"s":[100,100]}],"ix":3},"r":{"a":0,"k":0,"ix":6},"o":{"a":0,"k":100,"ix":7},"sk":{"a":0,"k":0,"ix":4},"sa":{"a":0,"k":0,"ix":5},"nm":"Transform"}],"nm":"Group 9","np":2,"cix":2,"bm":0,"ix":9,"mn":"ADBE Vector Group","hd":false}],"ip":0,"op":200,"st":0,"bm":0}],"markers":[]}