{"v":"5.7.4","fr":100,"ip":0,"op":100,"w":500,"h":500,"nm":"Daily Bonus","ddd":0,"assets":[],"layers":[{"ddd":0,"ind":1,"ty":4,"nm":"check 3","parent":3,"sr":1,"ks":{"o":{"a":1,"k":[{"i":{"x":[0.2],"y":[1]},"o":{"x":[0.167],"y":[0.167]},"t":50,"s":[0]},{"t":75,"s":[100]}],"ix":11},"r":{"a":0,"k":0,"ix":10},"p":{"a":1,"k":[{"i":{"x":0,"y":1},"o":{"x":0.167,"y":0.167},"t":50,"s":[52.5,-48,0],"to":[0,8.333,0],"ti":[0,-8.333,0]},{"t":100,"s":[52.5,2,0]}],"ix":2,"l":2},"a":{"a":0,"k":[26,30.5,0],"ix":1,"l":2},"s":{"a":0,"k":[100,100,100],"ix":6,"l":2}},"ao":0,"shapes":[{"ind":0,"ty":"sh","ix":1,"ks":{"a":0,"k":{"i":[[0.17,0.162],[0,0],[0.24,0],[0.172,-0.168],[0,0],[0,0],[0.24,0],[0.172,-0.168],[0,0],[0.047,-0.111],[0,-0.12],[-0.047,-0.111],[-0.087,-0.083],[0,0],[-0.24,0],[-0.172,0.168],[0,0],[0,0],[0.006,0.235]],"o":[[0,0],[-0.172,-0.168],[-0.24,0],[0,0],[0,0],[-0.172,-0.168],[-0.24,0],[0,0],[-0.087,0.083],[-0.047,0.111],[0,0.12],[0.047,0.111],[0,0],[0.172,0.168],[0.24,0],[0,0],[0,0],[0.162,-0.171],[-0.006,-0.235]],"v":[[39.11,17.626],[35.934,14.449],[35.29,14.187],[34.647,14.449],[21.496,27.537],[15.27,21.311],[14.626,21.049],[13.983,21.311],[10.806,24.487],[10.603,24.781],[10.531,25.13],[10.603,25.48],[10.806,25.774],[20.892,35.859],[21.535,36.121],[22.179,35.859],[26.022,32],[39.142,18.88],[39.385,18.246]],"c":true},"ix":2},"nm":"Path 1","mn":"ADBE Vector Shape - Group","hd":false},{"ty":"fl","c":{"a":0,"k":[1,1,1,1],"ix":4},"o":{"a":0,"k":100,"ix":5},"r":1,"bm":0,"nm":"Fill 1","mn":"ADBE Vector Graphic - Fill","hd":false},{"ind":2,"ty":"sh","ix":3,"ks":{"a":0,"k":{"i":[[0.17,0.162],[0,0],[0.24,0],[0.172,-0.168],[0,0],[0,0],[0.24,0],[0.172,-0.168],[0,0],[0.047,-0.111],[0,-0.12],[-0.047,-0.111],[-0.087,-0.083],[0,0],[-0.24,0],[-0.172,0.168],[0,0],[0,0],[0.006,0.235]],"o":[[0,0],[-0.172,-0.168],[-0.24,0],[0,0],[0,0],[-0.172,-0.168],[-0.24,0],[0,0],[-0.087,0.083],[-0.047,0.111],[0,0.12],[0.047,0.111],[0,0],[0.172,0.168],[0.24,0],[0,0],[0,0],[0.162,-0.171],[-0.006,-0.235]],"v":[[39.11,20.126],[35.934,16.949],[35.29,16.687],[34.647,16.949],[21.496,30.037],[15.27,23.811],[14.626,23.549],[13.983,23.811],[10.806,26.987],[10.603,27.281],[10.531,27.63],[10.603,27.98],[10.806,28.274],[20.892,38.359],[21.535,38.621],[22.179,38.359],[26.022,34.5],[39.142,21.38],[39.385,20.746]],"c":true},"ix":2},"nm":"Path 2","mn":"ADBE Vector Shape - Group","hd":false},{"ty":"fl","c":{"a":0,"k":[0,0,0,1],"ix":4},"o":{"a":0,"k":15,"ix":5},"r":1,"bm":0,"nm":"Fill 2","mn":"ADBE Vector Graphic - Fill","hd":false},{"ind":4,"ty":"sh","ix":5,"ks":{"a":0,"k":{"i":[[-7.695,7.671],[7.671,7.695],[7.695,-7.671],[-7.671,-7.695]],"o":[[7.695,-7.671],[-7.671,-7.695],[-7.695,7.671],[7.671,7.695]],"v":[[39.392,39.436],[39.435,11.613],[11.612,11.57],[11.569,39.393]],"c":true},"ix":2},"nm":"Path 3","mn":"ADBE Vector Shape - Group","hd":false},{"ty":"fl","c":{"a":0,"k":[0.521568627451,0.662745098039,0.305882352941,1],"ix":4},"o":{"a":0,"k":100,"ix":5},"r":1,"bm":0,"nm":"Fill 3","mn":"ADBE Vector Graphic - Fill","hd":false},{"ind":6,"ty":"sh","ix":7,"ks":{"a":0,"k":{"i":[[-3.268,13.697],[13.697,3.268],[3.268,-13.697],[-13.697,-3.268]],"o":[[3.268,-13.697],[-13.697,-3.268],[-3.268,13.697],[13.697,3.268]],"v":[[50.305,31.421],[31.421,0.702],[0.702,19.586],[19.586,50.305]],"c":true},"ix":2},"nm":"Path 4","mn":"ADBE Vector Shape - Group","hd":false},{"ty":"fl","c":{"a":0,"k":[0.588235294118,0.737254901961,0.294117647059,1],"ix":4},"o":{"a":0,"k":100,"ix":5},"r":1,"bm":0,"nm":"Fill 4","mn":"ADBE Vector Graphic - Fill","hd":false},{"ind":8,"ty":"sh","ix":9,"ks":{"a":0,"k":{"i":[[0,-14.085],[14.085,0],[0,14.085],[-14.085,0]],"o":[[0,14.085],[-14.085,0],[0,-14.085],[14.085,0]],"v":[[51.007,31.455],[25.503,56.959],[0,31.455],[25.503,5.952]],"c":true},"ix":2},"nm":"Path 5","mn":"ADBE Vector Shape - Group","hd":false},{"ty":"fl","c":{"a":0,"k":[0.521568627451,0.662745098039,0.305882352941,1],"ix":4},"o":{"a":0,"k":100,"ix":5},"r":1,"bm":0,"nm":"Fill 5","mn":"ADBE Vector Graphic - Fill","hd":false}],"ip":50,"op":200,"st":-225,"bm":0},{"ddd":0,"ind":2,"ty":4,"nm":"check 2","parent":4,"sr":1,"ks":{"o":{"a":1,"k":[{"i":{"x":[0.2],"y":[1]},"o":{"x":[0.167],"y":[0.167]},"t":25,"s":[0]},{"t":50,"s":[100]}],"ix":11},"r":{"a":0,"k":0,"ix":10},"p":{"a":1,"k":[{"i":{"x":0,"y":1},"o":{"x":0.167,"y":0.167},"t":25,"s":[54,-48,0],"to":[0,8.333,0],"ti":[0,-8.333,0]},{"t":75,"s":[54,2,0]}],"ix":2,"l":2},"a":{"a":0,"k":[26,30.5,0],"ix":1,"l":2},"s":{"a":0,"k":[100,100,100],"ix":6,"l":2}},"ao":0,"shapes":[{"ind":0,"ty":"sh","ix":1,"ks":{"a":0,"k":{"i":[[0.17,0.162],[0,0],[0.24,0],[0.172,-0.168],[0,0],[0,0],[0.24,0],[0.172,-0.168],[0,0],[0.047,-0.111],[0,-0.12],[-0.047,-0.111],[-0.087,-0.083],[0,0],[-0.24,0],[-0.172,0.168],[0,0],[0,0],[0.006,0.235]],"o":[[0,0],[-0.172,-0.168],[-0.24,0],[0,0],[0,0],[-0.172,-0.168],[-0.24,0],[0,0],[-0.087,0.083],[-0.047,0.111],[0,0.12],[0.047,0.111],[0,0],[0.172,0.168],[0.24,0],[0,0],[0,0],[0.162,-0.171],[-0.006,-0.235]],"v":[[39.11,17.626],[35.934,14.449],[35.29,14.187],[34.647,14.449],[21.496,27.537],[15.27,21.311],[14.626,21.049],[13.983,21.311],[10.806,24.487],[10.603,24.781],[10.531,25.13],[10.603,25.48],[10.806,25.774],[20.892,35.859],[21.535,36.121],[22.179,35.859],[26.022,32],[39.142,18.88],[39.385,18.246]],"c":true},"ix":2},"nm":"Path 1","mn":"ADBE Vector Shape - Group","hd":false},{"ty":"fl","c":{"a":0,"k":[1,1,1,1],"ix":4},"o":{"a":0,"k":100,"ix":5},"r":1,"bm":0,"nm":"Fill 1","mn":"ADBE Vector Graphic - Fill","hd":false},{"ind":2,"ty":"sh","ix":3,"ks":{"a":0,"k":{"i":[[0.17,0.162],[0,0],[0.24,0],[0.172,-0.168],[0,0],[0,0],[0.24,0],[0.172,-0.168],[0,0],[0.047,-0.111],[0,-0.12],[-0.047,-0.111],[-0.087,-0.083],[0,0],[-0.24,0],[-0.172,0.168],[0,0],[0,0],[0.006,0.235]],"o":[[0,0],[-0.172,-0.168],[-0.24,0],[0,0],[0,0],[-0.172,-0.168],[-0.24,0],[0,0],[-0.087,0.083],[-0.047,0.111],[0,0.12],[0.047,0.111],[0,0],[0.172,0.168],[0.24,0],[0,0],[0,0],[0.162,-0.171],[-0.006,-0.235]],"v":[[39.11,20.126],[35.934,16.949],[35.29,16.687],[34.647,16.949],[21.496,30.037],[15.27,23.811],[14.626,23.549],[13.983,23.811],[10.806,26.987],[10.603,27.281],[10.531,27.63],[10.603,27.98],[10.806,28.274],[20.892,38.359],[21.535,38.621],[22.179,38.359],[26.022,34.5],[39.142,21.38],[39.385,20.746]],"c":true},"ix":2},"nm":"Path 2","mn":"ADBE Vector Shape - Group","hd":false},{"ty":"fl","c":{"a":0,"k":[0,0,0,1],"ix":4},"o":{"a":0,"k":15,"ix":5},"r":1,"bm":0,"nm":"Fill 2","mn":"ADBE Vector Graphic - Fill","hd":false},{"ind":4,"ty":"sh","ix":5,"ks":{"a":0,"k":{"i":[[-7.695,7.671],[7.671,7.695],[7.695,-7.671],[-7.671,-7.695]],"o":[[7.695,-7.671],[-7.671,-7.695],[-7.695,7.671],[7.671,7.695]],"v":[[39.392,39.436],[39.435,11.613],[11.612,11.57],[11.569,39.393]],"c":true},"ix":2},"nm":"Path 3","mn":"ADBE Vector Shape - Group","hd":false},{"ty":"fl","c":{"a":0,"k":[0.521568627451,0.662745098039,0.305882352941,1],"ix":4},"o":{"a":0,"k":100,"ix":5},"r":1,"bm":0,"nm":"Fill 3","mn":"ADBE Vector Graphic - Fill","hd":false},{"ind":6,"ty":"sh","ix":7,"ks":{"a":0,"k":{"i":[[-3.268,13.697],[13.697,3.268],[3.268,-13.697],[-13.697,-3.268]],"o":[[3.268,-13.697],[-13.697,-3.268],[-3.268,13.697],[13.697,3.268]],"v":[[50.305,31.421],[31.421,0.702],[0.702,19.586],[19.586,50.305]],"c":true},"ix":2},"nm":"Path 4","mn":"ADBE Vector Shape - Group","hd":false},{"ty":"fl","c":{"a":0,"k":[0.588235294118,0.737254901961,0.294117647059,1],"ix":4},"o":{"a":0,"k":100,"ix":5},"r":1,"bm":0,"nm":"Fill 4","mn":"ADBE Vector Graphic - Fill","hd":false},{"ind":8,"ty":"sh","ix":9,"ks":{"a":0,"k":{"i":[[0,-14.085],[14.085,0],[0,14.085],[-14.085,0]],"o":[[0,14.085],[-14.085,0],[0,-14.085],[14.085,0]],"v":[[51.007,31.455],[25.503,56.959],[0,31.455],[25.503,5.952]],"c":true},"ix":2},"nm":"Path 5","mn":"ADBE Vector Shape - Group","hd":false},{"ty":"fl","c":{"a":0,"k":[0.521568627451,0.662745098039,0.305882352941,1],"ix":4},"o":{"a":0,"k":100,"ix":5},"r":1,"bm":0,"nm":"Fill 5","mn":"ADBE Vector Graphic - Fill","hd":false}],"ip":25,"op":200,"st":-251,"bm":0},{"ddd":0,"ind":3,"ty":4,"nm":"3","sr":1,"ks":{"o":{"a":1,"k":[{"i":{"x":[0.2],"y":[1]},"o":{"x":[0.167],"y":[0.167]},"t":50,"s":[0]},{"t":75,"s":[100]}],"ix":11},"r":{"a":0,"k":0,"ix":10},"p":{"a":1,"k":[{"i":{"x":0.833,"y":0.833},"o":{"x":0.167,"y":0.167},"t":49,"s":[358.5,201.364,0],"to":[0,0,0],"ti":[0,0,0]},{"i":{"x":0,"y":1},"o":{"x":0.167,"y":0.167},"t":50,"s":[358.5,201.364,0],"to":[0,8.106,0],"ti":[0,-8.106,0]},{"t":75,"s":[358.5,250,0]}],"ix":2,"l":2},"a":{"a":0,"k":[52.5,52.5,0],"ix":1,"l":2},"s":{"a":0,"k":[100,100,100],"ix":6,"l":2}},"ao":0,"shapes":[{"ty":"gr","it":[{"ind":0,"ty":"sh","ix":1,"ks":{"a":0,"k":{"i":[[3.621,0],[2.393,0.517],[1.811,1.002],[0,0],[-1.584,-0.42],[-1.423,0],[-0.808,0.42],[0,0.873],[0.614,0.388],[1.455,0],[0,0],[0,0],[0,0],[0,0],[0,0],[0,0],[0,0],[0,0],[0,0],[0,0],[0,0],[-2.231,-1.908],[0,-3.007],[1.099,-1.778],[2.296,-1.132]],"o":[[-2.328,0],[-2.393,-0.517],[0,0],[1.455,0.841],[1.617,0.388],[1.293,0],[0.841,-0.453],[0,-0.744],[-0.614,-0.42],[0,0],[0,0],[0,0],[0,0],[0,0],[0,0],[0,0],[0,0],[0,0],[0,0],[0,0],[4.268,0],[2.231,1.908],[0,1.94],[-1.067,1.778],[-2.263,1.132]],"v":[[-1.067,17.363],[-8.148,16.587],[-14.453,14.308],[-10.573,5.869],[-6.014,7.76],[-1.455,8.342],[1.698,7.712],[2.959,5.723],[2.037,4.026],[-1.067,3.395],[-5.578,3.395],[-5.578,-3.638],[3.201,-12.562],[4.22,-8.73],[-12.707,-8.73],[-12.707,-17.363],[12.61,-17.363],[12.61,-10.331],[3.832,-1.407],[-1.649,-4.511],[1.358,-4.511],[11.107,-1.649],[14.453,5.723],[12.804,11.301],[7.76,15.666]],"c":true},"ix":2},"nm":"Path 1","mn":"ADBE Vector Shape - Group","hd":false},{"ty":"fl","c":{"a":0,"k":[1,1,1,1],"ix":4},"o":{"a":0,"k":100,"ix":5},"r":1,"bm":0,"nm":"Fill 1","mn":"ADBE Vector Graphic - Fill","hd":false},{"ty":"tr","p":{"a":0,"k":[67.77,52.56],"ix":2},"a":{"a":0,"k":[0,0],"ix":1},"s":{"a":0,"k":[100,100],"ix":3},"r":{"a":0,"k":0,"ix":6},"o":{"a":0,"k":100,"ix":7},"sk":{"a":0,"k":0,"ix":4},"sa":{"a":0,"k":0,"ix":5},"nm":"Transform"}],"nm":"Group 1","np":2,"cix":2,"bm":0,"ix":1,"mn":"ADBE Vector Group","hd":false},{"ty":"gr","it":[{"ind":0,"ty":"sh","ix":1,"ks":{"a":0,"k":{"i":[[3.621,0],[2.393,0.517],[1.811,1.002],[0,0],[-1.584,-0.42],[-1.423,0],[-0.808,0.42],[0,0.873],[0.614,0.388],[1.455,0],[0,0],[0,0],[0,0],[0,0],[0,0],[0,0],[0,0],[0,0],[0,0],[0,0],[0,0],[-2.231,-1.908],[0,-3.007],[1.099,-1.778],[2.296,-1.132]],"o":[[-2.328,0],[-2.393,-0.517],[0,0],[1.455,0.841],[1.617,0.388],[1.293,0],[0.841,-0.453],[0,-0.744],[-0.614,-0.42],[0,0],[0,0],[0,0],[0,0],[0,0],[0,0],[0,0],[0,0],[0,0],[0,0],[0,0],[4.268,0],[2.231,1.908],[0,1.94],[-1.067,1.778],[-2.263,1.132]],"v":[[-1.067,17.363],[-8.148,16.587],[-14.453,14.308],[-10.573,5.869],[-6.014,7.76],[-1.455,8.342],[1.698,7.712],[2.959,5.723],[2.037,4.026],[-1.067,3.395],[-5.578,3.395],[-5.578,-3.638],[3.201,-12.562],[4.22,-8.73],[-12.707,-8.73],[-12.707,-17.363],[12.61,-17.363],[12.61,-10.331],[3.832,-1.407],[-1.649,-4.511],[1.358,-4.511],[11.107,-1.649],[14.453,5.723],[12.804,11.301],[7.76,15.666]],"c":true},"ix":2},"nm":"Path 1","mn":"ADBE Vector Shape - Group","hd":false},{"ty":"fl","c":{"a":0,"k":[0,0,0,1],"ix":4},"o":{"a":0,"k":15,"ix":5},"r":1,"bm":0,"nm":"Fill 1","mn":"ADBE Vector Graphic - Fill","hd":false},{"ty":"tr","p":{"a":0,"k":[67.77,55.793],"ix":2},"a":{"a":0,"k":[0,0],"ix":1},"s":{"a":0,"k":[100,100],"ix":3},"r":{"a":0,"k":0,"ix":6},"o":{"a":0,"k":100,"ix":7},"sk":{"a":0,"k":0,"ix":4},"sa":{"a":0,"k":0,"ix":5},"nm":"Transform"}],"nm":"Group 2","np":2,"cix":2,"bm":0,"ix":2,"mn":"ADBE Vector Group","hd":false},{"ty":"gr","it":[{"ind":0,"ty":"sh","ix":1,"ks":{"a":0,"k":{"i":[[0,0],[0,0],[0,0.894],[0,0],[0.894,0],[0,0],[0,0],[-3.017,-1.299],[-1.955,-2.97],[0,-3.555],[1.955,-2.97],[3.266,-1.406],[3.247,0.429]],"o":[[0,0],[0.894,0],[0,0],[0,-0.894],[0,0],[0,0],[3.247,-0.429],[3.266,1.406],[1.955,2.97],[0,3.555],[-1.955,2.97],[-3.017,1.299],[0,0]],"v":[[-26.382,26.382],[24.763,26.382],[26.382,24.763],[26.382,-24.763],[24.763,-26.382],[-26.382,-26.382],[-26.382,-18.035],[-16.81,-16.709],[-8.808,-10.002],[-5.811,0],[-8.808,10.002],[-16.81,16.709],[-26.382,18.035]],"c":true},"ix":2},"nm":"Path 1","mn":"ADBE Vector Shape - Group","hd":false},{"ty":"fl","c":{"a":0,"k":[0.945098042488,0.670588254929,0.133333340287,1],"ix":4},"o":{"a":0,"k":100,"ix":5},"r":1,"bm":0,"nm":"Fill 2","mn":"ADBE Vector Graphic - Fill","hd":false},{"ind":2,"ty":"sh","ix":3,"ks":{"a":0,"k":{"i":[[0,0],[-2.104,0],[0,0],[0,4.208],[0,0],[4.208,0],[0,0],[0,-2.104],[0,0],[-0.86,0.516],[-0.784,0.274],[-0.552,0.111],[-0.006,0.001],[-0.083,0.015],[-2.189,-0.942],[-1.31,-1.99],[0,-2.383],[1.31,-1.99],[2.189,-0.942],[2.346,0.417],[0.083,0.016],[0.006,0.001],[0.527,0.184],[0.711,0.427],[0,-1.003]],"o":[[0,2.104],[0,0],[4.208,0],[0,0],[0,-4.208],[0,0],[-2.104,0],[0,0],[0,1.003],[0.711,-0.427],[0.527,-0.184],[0.006,-0.001],[0.083,-0.016],[2.346,-0.417],[2.189,0.942],[1.31,1.99],[0,2.383],[-1.31,1.99],[-2.189,0.942],[-0.083,-0.015],[-0.006,-0.001],[-0.552,-0.111],[-0.784,-0.274],[-0.86,-0.516],[0,0]],"v":[[-32.382,28.573],[-28.573,32.382],[24.763,32.382],[32.382,24.763],[32.382,-24.763],[24.763,-32.382],[-28.573,-32.382],[-32.382,-28.573],[-32.382,-11.509],[-30.271,-10.456],[-28.021,-11.509],[-26.401,-11.952],[-26.382,-11.956],[-26.133,-12.003],[-19.182,-11.198],[-13.819,-6.703],[-11.811,0],[-13.819,6.703],[-19.182,11.198],[-26.133,12.003],[-26.382,11.956],[-26.401,11.952],[-28.021,11.509],[-30.271,10.456],[-32.382,11.509]],"c":true},"ix":2},"nm":"Path 2","mn":"ADBE Vector Shape - Group","hd":false},{"ty":"fl","c":{"a":0,"k":[0.968627510819,0.752941236309,0.270588235294,1],"ix":4},"o":{"a":0,"k":100,"ix":5},"r":1,"bm":0,"nm":"Fill 1","mn":"ADBE Vector Graphic - Fill","hd":false},{"ty":"tr","p":{"a":0,"k":[52.382,52.382],"ix":2},"a":{"a":0,"k":[0,0],"ix":1},"s":{"a":0,"k":[162,162],"ix":3},"r":{"a":0,"k":0,"ix":6},"o":{"a":0,"k":100,"ix":7},"sk":{"a":0,"k":0,"ix":4},"sa":{"a":0,"k":0,"ix":5},"nm":"Transform"}],"nm":"light","np":4,"cix":2,"bm":0,"ix":3,"mn":"ADBE Vector Group","hd":false},{"ty":"gr","it":[{"ind":0,"ty":"sh","ix":1,"ks":{"a":0,"k":{"i":[[0,0],[0,-6.803],[0,0],[6.803,0],[0,0],[0,3.402],[0,0],[-1.391,-0.834],[-2.375,-0.422],[-3.538,1.523],[-2.118,3.217],[0,3.852],[2.118,3.217],[3.538,1.523],[3.793,-0.674],[2.049,-1.228],[0,1.622],[0,0],[-3.402,0]],"o":[[6.803,0],[0,0],[0,6.803],[0,0],[-3.402,0],[0,0],[0,-1.622],[2.049,1.228],[3.793,0.674],[3.538,-1.523],[2.118,-3.217],[0,-3.852],[-2.118,-3.217],[-3.538,-1.523],[-2.375,0.422],[-1.391,0.834],[0,0],[0,-3.402],[0,0]],"v":[[40.034,-52.353],[52.353,-40.034],[52.353,40.034],[40.034,52.353],[-46.194,52.353],[-52.353,46.194],[-52.353,18.607],[-48.939,16.904],[-42.25,19.406],[-31.012,18.104],[-22.342,10.837],[-19.095,0],[-22.342,-10.837],[-31.012,-18.104],[-42.25,-19.406],[-48.939,-16.904],[-52.353,-18.607],[-52.353,-46.194],[-46.194,-52.353]],"c":true},"ix":2},"nm":"Path 1","mn":"ADBE Vector Shape - Group","hd":false},{"ty":"fl","c":{"a":0,"k":[0.945098099054,0.670588235294,0.133333333333,1],"ix":4},"o":{"a":0,"k":100,"ix":5},"r":1,"bm":0,"nm":"Fill 1","mn":"ADBE Vector Graphic - Fill","hd":false},{"ty":"tr","p":{"a":0,"k":[52.353,52.353],"ix":2},"a":{"a":0,"k":[0,0],"ix":1},"s":{"a":0,"k":[100,100],"ix":3},"r":{"a":0,"k":0,"ix":6},"o":{"a":0,"k":100,"ix":7},"sk":{"a":0,"k":0,"ix":4},"sa":{"a":0,"k":0,"ix":5},"nm":"Transform"}],"nm":"Group 4","np":2,"cix":2,"bm":0,"ix":4,"mn":"ADBE Vector Group","hd":false}],"ip":50,"op":200,"st":-225,"bm":0},{"ddd":0,"ind":4,"ty":4,"nm":"2","sr":1,"ks":{"o":{"a":1,"k":[{"i":{"x":[0.2],"y":[1]},"o":{"x":[0.167],"y":[0.167]},"t":25,"s":[0]},{"t":50,"s":[100]}],"ix":11},"r":{"a":0,"k":0,"ix":10},"p":{"a":1,"k":[{"i":{"x":0,"y":1},"o":{"x":0.167,"y":0.167},"t":25,"s":[270,201.364,0],"to":[0,8.106,0],"ti":[0,-8.106,0]},{"t":50,"s":[270,250,0]}],"ix":2,"l":2},"a":{"a":0,"k":[69,52.5,0],"ix":1,"l":2},"s":{"a":0,"k":[100,100,100],"ix":6,"l":2}},"ao":0,"shapes":[{"ind":0,"ty":"sh","ix":1,"ks":{"a":0,"k":{"i":[[0,0],[0,0],[0,0],[-0.356,0.55],[-0.129,0.42],[0,0.388],[0.55,0.453],[1.099,0],[0.905,-0.55],[0.517,-1.035],[0,0],[-2.457,1.455],[-3.654,0],[-2.069,-0.873],[-1.164,-1.584],[0,-2.166],[0.291,-1.099],[0.841,-1.229],[1.649,-1.487],[0,0],[0,0],[0,0],[0,0]],"o":[[0,0],[0,0],[0.776,-0.744],[0.388,-0.55],[0.129,-0.453],[0,-0.841],[-0.55,-0.485],[-1.002,0],[-0.905,0.517],[0,0],[1.229,-2.328],[2.457,-1.455],[2.684,0],[2.069,0.873],[1.164,1.584],[0,1.099],[-0.259,1.099],[-0.841,1.196],[0,0],[0,0],[0,0],[0,0],[0,0]],"v":[[55.723,69.353],[55.723,62.321],[67.994,50.971],[69.691,49.031],[70.467,47.576],[70.661,46.315],[69.837,44.375],[67.363,43.648],[64.502,44.472],[62.368,46.8],[53.734,42.484],[59.264,36.809],[68.43,34.626],[75.56,35.936],[80.41,39.622],[82.156,45.248],[81.72,48.546],[80.071,52.038],[76.336,56.064],[67.121,64.455],[65.326,60.478],[82.932,60.478],[82.932,69.353]],"c":true},"ix":2},"nm":"Path 1","mn":"ADBE Vector Shape - Group","hd":false},{"ty":"fl","c":{"a":0,"k":[0.945098099054,0.670588235294,0.133333333333,1],"ix":4},"o":{"a":0,"k":100,"ix":5},"r":1,"bm":0,"nm":"Fill 1","mn":"ADBE Vector Graphic - Fill","hd":false},{"ty":"gr","it":[{"ind":0,"ty":"sh","ix":1,"ks":{"a":0,"k":{"i":[[-0.665,1.011],[0,1.21],[0.665,1.011],[1.111,0.478],[1.191,-0.212],[0.644,-0.386],[1.99,0.958],[0,3.272],[0,0],[0,0],[0,0],[-3.017,-1.299],[-1.955,-2.97],[0,-3.555],[1.955,-2.97],[3.266,-1.406],[3.247,0.429],[0,0],[0,0],[0,0],[-2.041,0.983],[-2.388,-1.432],[-0.746,-0.133],[-1.111,0.478]],"o":[[0.665,-1.011],[0,-1.21],[-0.665,-1.011],[-1.111,-0.478],[-0.746,0.133],[-2.388,1.432],[-2.041,-0.983],[0,0],[0,0],[0,0],[3.247,-0.429],[3.266,1.406],[1.955,2.97],[0,3.555],[-1.955,2.97],[-3.017,1.299],[0,0],[0,0],[0,0],[0,-3.272],[1.99,-0.958],[0.644,0.386],[1.191,0.212],[1.111,-0.478]],"v":[[35.648,3.405],[36.668,0],[35.648,-3.405],[32.925,-5.687],[29.394,-6.096],[27.293,-5.31],[20.225,-5.008],[16.096,-11.51],[16.096,-26.382],[-36.668,-26.382],[-36.668,-18.035],[-27.097,-16.709],[-19.094,-10.002],[-16.097,0],[-19.094,10.002],[-27.097,16.709],[-36.668,18.035],[-36.668,26.382],[16.096,26.382],[16.096,11.51],[20.225,5.008],[27.293,5.31],[29.394,6.096],[32.925,5.687]],"c":true},"ix":2},"nm":"Path 1","mn":"ADBE Vector Shape - Group","hd":false},{"ty":"fl","c":{"a":0,"k":[0.984313726425,0.937254905701,0.768627464771,1],"ix":4},"o":{"a":0,"k":100,"ix":5},"r":1,"bm":0,"nm":"Fill 1","mn":"ADBE Vector Graphic - Fill","hd":false},{"ind":2,"ty":"sh","ix":3,"ks":{"a":0,"k":{"i":[[0,0],[-0.86,-0.516],[-0.784,-0.274],[-0.552,-0.111],[-0.006,-0.001],[-0.083,-0.015],[-2.189,0.942],[-1.31,1.99],[0,2.383],[1.31,1.99],[2.189,0.942],[2.346,-0.417],[0.083,-0.016],[0.006,-0.001],[0.527,-0.184],[0.711,-0.427],[0,1.003],[0,0],[-2.104,0],[0,0],[0,-2.104],[0,0],[-0.86,0.516],[-0.784,0.274],[-0.552,0.111],[-0.006,0.001],[-0.083,0.015],[-2.189,-0.942],[-1.31,-1.99],[0,-2.383],[1.31,-1.99],[2.189,-0.942],[2.346,0.417],[0.083,0.016],[0.006,0.001],[0.528,0.184],[0.711,0.426],[0,-1.003],[0,0],[2.104,0],[0,0],[0,2.104]],"o":[[0,-1.003],[0.711,0.427],[0.527,0.184],[0.006,0.001],[0.083,0.016],[2.346,0.417],[2.189,-0.942],[1.31,-1.99],[0,-2.383],[-1.31,-1.99],[-2.189,-0.942],[-0.083,0.015],[-0.006,0.001],[-0.552,0.111],[-0.784,0.274],[-0.86,0.516],[0,0],[0,-2.104],[0,0],[2.104,0],[0,0],[0,1.003],[0.711,-0.426],[0.528,-0.184],[0.006,-0.001],[0.083,-0.016],[2.346,-0.417],[2.189,0.942],[1.31,1.99],[0,2.383],[-1.31,1.99],[-2.189,0.942],[-0.083,-0.015],[-0.006,-0.001],[-0.552,-0.111],[-0.784,-0.274],[-0.86,-0.516],[0,0],[0,2.104],[0,0],[-2.104,0],[0,0]],"v":[[-42.668,11.509],[-40.557,10.456],[-38.308,11.509],[-36.687,11.952],[-36.668,11.956],[-36.42,12.003],[-29.469,11.198],[-24.105,6.703],[-22.097,0],[-24.105,-6.703],[-29.469,-11.198],[-36.42,-12.003],[-36.668,-11.956],[-36.687,-11.952],[-38.308,-11.509],[-40.557,-10.456],[-42.668,-11.509],[-42.668,-28.573],[-38.859,-32.382],[18.286,-32.382],[22.096,-28.573],[22.096,-11.51],[24.208,-10.456],[26.456,-11.51],[28.077,-11.953],[28.096,-11.957],[28.345,-12.004],[35.297,-11.199],[40.66,-6.704],[42.668,0],[40.66,6.704],[35.297,11.199],[28.345,12.004],[28.096,11.957],[28.077,11.953],[26.456,11.51],[24.208,10.456],[22.096,11.51],[22.096,28.573],[18.286,32.382],[-38.859,32.382],[-42.668,28.573]],"c":true},"ix":2},"nm":"Path 2","mn":"ADBE Vector Shape - Group","hd":false},{"ty":"fl","c":{"a":0,"k":[1,0.964705942191,0.839215746113,1],"ix":4},"o":{"a":0,"k":100,"ix":5},"r":1,"bm":0,"nm":"Fill 2","mn":"ADBE Vector Graphic - Fill","hd":false},{"ty":"tr","p":{"a":0,"k":[69.168,52.132],"ix":2},"a":{"a":0,"k":[0,0],"ix":1},"s":{"a":0,"k":[162,162],"ix":3},"r":{"a":0,"k":0,"ix":6},"o":{"a":0,"k":100,"ix":7},"sk":{"a":0,"k":0,"ix":4},"sa":{"a":0,"k":0,"ix":5},"nm":"Transform"}],"nm":"light","np":4,"cix":2,"bm":0,"ix":3,"mn":"ADBE Vector Group","hd":false},{"ty":"gr","it":[{"ind":0,"ty":"sh","ix":1,"ks":{"a":0,"k":{"i":[[0,-3.852],[2.118,-3.218],[3.539,-1.523],[3.793,0.674],[2.049,1.228],[0,-1.622],[0,0],[3.402,0],[0,0],[0,3.402],[0,0],[-1.391,-0.834],[-2.375,-0.422],[-3.538,1.523],[-2.118,3.217],[0,3.852],[2.118,3.217],[3.538,1.523],[3.793,-0.674],[2.049,-1.228],[0,1.622],[0,0],[-3.402,0],[0,0],[0,-3.402],[0,0],[-1.391,0.834],[-2.375,0.422],[-3.539,-1.523],[-2.118,-3.218]],"o":[[0,3.852],[-2.118,3.218],[-3.539,1.523],[-2.375,-0.422],[-1.391,-0.834],[0,0],[0,3.402],[0,0],[-3.402,0],[0,0],[0,-1.622],[2.049,1.228],[3.793,0.674],[3.538,-1.523],[2.118,-3.217],[0,-3.852],[-2.118,-3.217],[-3.538,-1.523],[-2.375,0.422],[-1.391,0.834],[0,0],[0,-3.402],[0,0],[3.402,0],[0,0],[0,1.622],[2.049,-1.228],[3.793,-0.674],[3.539,1.523],[2.118,3.218]],"v":[[68.982,0],[65.736,10.838],[57.064,18.105],[45.826,19.407],[39.137,16.904],[35.723,18.608],[35.723,46.194],[29.564,52.353],[-62.823,52.353],[-68.982,46.194],[-68.982,18.607],[-65.569,16.904],[-58.88,19.406],[-47.642,18.104],[-38.971,10.837],[-35.725,0],[-38.971,-10.837],[-47.642,-18.104],[-58.88,-19.406],[-65.569,-16.904],[-68.982,-18.607],[-68.982,-46.194],[-62.823,-52.353],[29.564,-52.353],[35.723,-46.194],[35.723,-18.608],[39.137,-16.904],[45.826,-19.407],[57.064,-18.105],[65.736,-10.838]],"c":true},"ix":2},"nm":"Path 1","mn":"ADBE Vector Shape - Group","hd":false},{"ty":"fl","c":{"a":0,"k":[0.98431378603,0.937254965305,0.768627524376,1],"ix":4},"o":{"a":0,"k":100,"ix":5},"r":1,"bm":0,"nm":"Fill 1","mn":"ADBE Vector Graphic - Fill","hd":false},{"ty":"tr","p":{"a":0,"k":[68.982,52.353],"ix":2},"a":{"a":0,"k":[0,0],"ix":1},"s":{"a":0,"k":[100,100],"ix":3},"r":{"a":0,"k":0,"ix":6},"o":{"a":0,"k":100,"ix":7},"sk":{"a":0,"k":0,"ix":4},"sa":{"a":0,"k":0,"ix":5},"nm":"Transform"}],"nm":"Group 3","np":2,"cix":2,"bm":0,"ix":4,"mn":"ADBE Vector Group","hd":false}],"ip":25,"op":200,"st":-251,"bm":0},{"ddd":0,"ind":5,"ty":4,"nm":"3s","parent":3,"sr":1,"ks":{"o":{"a":1,"k":[{"i":{"x":[0.2],"y":[1]},"o":{"x":[0.167],"y":[0.167]},"t":50,"s":[0]},{"t":75,"s":[100]}],"ix":11},"r":{"a":0,"k":0,"ix":10},"p":{"a":1,"k":[{"i":{"x":0,"y":0},"o":{"x":0.167,"y":0.167},"t":50,"s":[52.5,120,0],"to":[0,0,0],"ti":[0,0,0]},{"t":75,"s":[52.5,120,0]}],"ix":2,"l":2},"a":{"a":0,"k":[52.5,105,0],"ix":1,"l":2},"s":{"a":0,"k":[100,100,100],"ix":6,"l":2}},"ao":0,"shapes":[{"ty":"gr","it":[{"ind":0,"ty":"sh","ix":1,"ks":{"a":0,"k":{"i":[[0,0],[0,-6.803],[0,0],[6.803,0],[0,0],[0,3.402],[0,0],[-1.391,-0.834],[-2.375,-0.422],[-3.538,1.523],[-2.118,3.217],[0,3.852],[2.118,3.217],[3.538,1.523],[3.793,-0.674],[2.049,-1.228],[0,1.622],[0,0],[-3.402,0]],"o":[[6.803,0],[0,0],[0,6.803],[0,0],[-3.402,0],[0,0],[0,-1.622],[2.049,1.228],[3.793,0.674],[3.538,-1.523],[2.118,-3.217],[0,-3.852],[-2.118,-3.217],[-3.538,-1.523],[-2.375,0.422],[-1.391,0.834],[0,0],[0,-3.402],[0,0]],"v":[[40.034,-52.353],[52.353,-40.034],[52.353,40.034],[40.034,52.353],[-46.194,52.353],[-52.353,46.194],[-52.353,18.607],[-48.939,16.904],[-42.25,19.406],[-31.012,18.104],[-22.342,10.837],[-19.095,0],[-22.342,-10.837],[-31.012,-18.104],[-42.25,-19.406],[-48.939,-16.904],[-52.353,-18.607],[-52.353,-46.194],[-46.194,-52.353]],"c":true},"ix":2},"nm":"Path 1","mn":"ADBE Vector Shape - Group","hd":false},{"ty":"fl","c":{"a":0,"k":[0.898039275525,0.560784313725,0.164705882353,1],"ix":4},"o":{"a":0,"k":100,"ix":5},"r":1,"bm":0,"nm":"Fill 1","mn":"ADBE Vector Graphic - Fill","hd":false},{"ty":"tr","p":{"a":0,"k":[52.353,52.353],"ix":2},"a":{"a":0,"k":[0,0],"ix":1},"s":{"a":0,"k":[100,100],"ix":3},"r":{"a":0,"k":0,"ix":6},"o":{"a":0,"k":100,"ix":7},"sk":{"a":0,"k":0,"ix":4},"sa":{"a":0,"k":0,"ix":5},"nm":"Transform"}],"nm":"Group 1","np":2,"cix":2,"bm":0,"ix":1,"mn":"ADBE Vector Group","hd":false}],"ip":50,"op":200,"st":-225,"bm":0},{"ddd":0,"ind":6,"ty":4,"nm":"check","parent":7,"sr":1,"ks":{"o":{"a":1,"k":[{"i":{"x":[0.2],"y":[1]},"o":{"x":[0.167],"y":[0.167]},"t":0,"s":[0]},{"t":25,"s":[100]}],"ix":11},"r":{"a":0,"k":0,"ix":10},"p":{"a":1,"k":[{"i":{"x":0,"y":1},"o":{"x":0.167,"y":0.167},"t":0,"s":[55,-48,0],"to":[0,8.333,0],"ti":[0,-8.333,0]},{"t":50,"s":[55,2,0]}],"ix":2,"l":2},"a":{"a":0,"k":[26,30.5,0],"ix":1,"l":2},"s":{"a":0,"k":[100,100,100],"ix":6,"l":2}},"ao":0,"shapes":[{"ind":0,"ty":"sh","ix":1,"ks":{"a":0,"k":{"i":[[0.17,0.162],[0,0],[0.24,0],[0.172,-0.168],[0,0],[0,0],[0.24,0],[0.172,-0.168],[0,0],[0.047,-0.111],[0,-0.12],[-0.047,-0.111],[-0.087,-0.083],[0,0],[-0.24,0],[-0.172,0.168],[0,0],[0,0],[0.006,0.235]],"o":[[0,0],[-0.172,-0.168],[-0.24,0],[0,0],[0,0],[-0.172,-0.168],[-0.24,0],[0,0],[-0.087,0.083],[-0.047,0.111],[0,0.12],[0.047,0.111],[0,0],[0.172,0.168],[0.24,0],[0,0],[0,0],[0.162,-0.171],[-0.006,-0.235]],"v":[[39.11,17.626],[35.934,14.449],[35.29,14.187],[34.647,14.449],[21.496,27.537],[15.27,21.311],[14.626,21.049],[13.983,21.311],[10.806,24.487],[10.603,24.781],[10.531,25.13],[10.603,25.48],[10.806,25.774],[20.892,35.859],[21.535,36.121],[22.179,35.859],[26.022,32],[39.142,18.88],[39.385,18.246]],"c":true},"ix":2},"nm":"Path 1","mn":"ADBE Vector Shape - Group","hd":false},{"ty":"fl","c":{"a":0,"k":[1,1,1,1],"ix":4},"o":{"a":0,"k":100,"ix":5},"r":1,"bm":0,"nm":"Fill 1","mn":"ADBE Vector Graphic - Fill","hd":false},{"ind":2,"ty":"sh","ix":3,"ks":{"a":0,"k":{"i":[[0.17,0.162],[0,0],[0.24,0],[0.172,-0.168],[0,0],[0,0],[0.24,0],[0.172,-0.168],[0,0],[0.047,-0.111],[0,-0.12],[-0.047,-0.111],[-0.087,-0.083],[0,0],[-0.24,0],[-0.172,0.168],[0,0],[0,0],[0.006,0.235]],"o":[[0,0],[-0.172,-0.168],[-0.24,0],[0,0],[0,0],[-0.172,-0.168],[-0.24,0],[0,0],[-0.087,0.083],[-0.047,0.111],[0,0.12],[0.047,0.111],[0,0],[0.172,0.168],[0.24,0],[0,0],[0,0],[0.162,-0.171],[-0.006,-0.235]],"v":[[39.11,20.126],[35.934,16.949],[35.29,16.687],[34.647,16.949],[21.496,30.037],[15.27,23.811],[14.626,23.549],[13.983,23.811],[10.806,26.987],[10.603,27.281],[10.531,27.63],[10.603,27.98],[10.806,28.274],[20.892,38.359],[21.535,38.621],[22.179,38.359],[26.022,34.5],[39.142,21.38],[39.385,20.746]],"c":true},"ix":2},"nm":"Path 2","mn":"ADBE Vector Shape - Group","hd":false},{"ty":"fl","c":{"a":0,"k":[0,0,0,1],"ix":4},"o":{"a":0,"k":15,"ix":5},"r":1,"bm":0,"nm":"Fill 2","mn":"ADBE Vector Graphic - Fill","hd":false},{"ind":4,"ty":"sh","ix":5,"ks":{"a":0,"k":{"i":[[-7.695,7.671],[7.671,7.695],[7.695,-7.671],[-7.671,-7.695]],"o":[[7.695,-7.671],[-7.671,-7.695],[-7.695,7.671],[7.671,7.695]],"v":[[39.392,39.436],[39.435,11.613],[11.612,11.57],[11.569,39.393]],"c":true},"ix":2},"nm":"Path 3","mn":"ADBE Vector Shape - Group","hd":false},{"ty":"fl","c":{"a":0,"k":[0.521568627451,0.662745098039,0.305882352941,1],"ix":4},"o":{"a":0,"k":100,"ix":5},"r":1,"bm":0,"nm":"Fill 3","mn":"ADBE Vector Graphic - Fill","hd":false},{"ind":6,"ty":"sh","ix":7,"ks":{"a":0,"k":{"i":[[-3.268,13.697],[13.697,3.268],[3.268,-13.697],[-13.697,-3.268]],"o":[[3.268,-13.697],[-13.697,-3.268],[-3.268,13.697],[13.697,3.268]],"v":[[50.305,31.421],[31.421,0.702],[0.702,19.586],[19.586,50.305]],"c":true},"ix":2},"nm":"Path 4","mn":"ADBE Vector Shape - Group","hd":false},{"ty":"fl","c":{"a":0,"k":[0.588235294118,0.737254901961,0.294117647059,1],"ix":4},"o":{"a":0,"k":100,"ix":5},"r":1,"bm":0,"nm":"Fill 4","mn":"ADBE Vector Graphic - Fill","hd":false},{"ind":8,"ty":"sh","ix":9,"ks":{"a":0,"k":{"i":[[0,-14.085],[14.085,0],[0,14.085],[-14.085,0]],"o":[[0,14.085],[-14.085,0],[0,-14.085],[14.085,0]],"v":[[51.007,31.455],[25.503,56.959],[0,31.455],[25.503,5.952]],"c":true},"ix":2},"nm":"Path 5","mn":"ADBE Vector Shape - Group","hd":false},{"ty":"fl","c":{"a":0,"k":[0.521568627451,0.662745098039,0.305882352941,1],"ix":4},"o":{"a":0,"k":100,"ix":5},"r":1,"bm":0,"nm":"Fill 5","mn":"ADBE Vector Graphic - Fill","hd":false}],"ip":0,"op":200,"st":-275,"bm":0},{"ddd":0,"ind":7,"ty":4,"nm":"1","sr":1,"ks":{"o":{"a":1,"k":[{"i":{"x":[0.2],"y":[1]},"o":{"x":[0.167],"y":[0.167]},"t":0,"s":[0]},{"t":25,"s":[100]}],"ix":11},"r":{"a":0,"k":0,"ix":10},"p":{"a":1,"k":[{"i":{"x":0,"y":1},"o":{"x":0.167,"y":0.167},"t":0,"s":[166,201.364,0],"to":[-0.083,8.106,0],"ti":[0.083,-8.106,0]},{"t":25,"s":[165.5,250,0]}],"ix":2,"l":2},"a":{"a":0,"k":[69,52.5,0],"ix":1,"l":2},"s":{"a":0,"k":[100,100,100],"ix":6,"l":2}},"ao":0,"shapes":[{"ty":"gr","it":[{"ind":0,"ty":"sh","ix":1,"ks":{"a":0,"k":{"i":[[0,0],[0,0],[0,0],[0,0],[0,0],[0,0],[0,0]],"o":[[0,0],[0,0],[0,0],[0,0],[0,0],[0,0],[0,0]],"v":[[-2.813,16.975],[-2.813,-12.998],[2.086,-8.342],[-8.633,-8.342],[-8.633,-16.975],[8.633,-16.975],[8.633,16.975]],"c":true},"ix":2},"nm":"Path 1","mn":"ADBE Vector Shape - Group","hd":false},{"ty":"fl","c":{"a":0,"k":[1,1,1,1],"ix":4},"o":{"a":0,"k":100,"ix":5},"r":1,"bm":0,"nm":"Fill 1","mn":"ADBE Vector Graphic - Fill","hd":false},{"ty":"tr","p":{"a":0,"k":[67.45,52.378],"ix":2},"a":{"a":0,"k":[0,0],"ix":1},"s":{"a":0,"k":[100,100],"ix":3},"r":{"a":0,"k":0,"ix":6},"o":{"a":0,"k":100,"ix":7},"sk":{"a":0,"k":0,"ix":4},"sa":{"a":0,"k":0,"ix":5},"nm":"Transform"}],"nm":"Group 1","np":2,"cix":2,"bm":0,"ix":1,"mn":"ADBE Vector Group","hd":false},{"ty":"gr","it":[{"ind":0,"ty":"sh","ix":1,"ks":{"a":0,"k":{"i":[[0,0],[0,0],[0,0],[0,0],[0,0],[0,0],[0,0]],"o":[[0,0],[0,0],[0,0],[0,0],[0,0],[0,0],[0,0]],"v":[[-2.813,16.975],[-2.813,-12.998],[2.086,-8.342],[-8.633,-8.342],[-8.633,-16.975],[8.633,-16.975],[8.633,16.975]],"c":true},"ix":2},"nm":"Path 1","mn":"ADBE Vector Shape - Group","hd":false},{"ty":"fl","c":{"a":0,"k":[0,0,0,1],"ix":4},"o":{"a":0,"k":15,"ix":5},"r":1,"bm":0,"nm":"Fill 1","mn":"ADBE Vector Graphic - Fill","hd":false},{"ty":"tr","p":{"a":0,"k":[67.45,55.611],"ix":2},"a":{"a":0,"k":[0,0],"ix":1},"s":{"a":0,"k":[100,100],"ix":3},"r":{"a":0,"k":0,"ix":6},"o":{"a":0,"k":100,"ix":7},"sk":{"a":0,"k":0,"ix":4},"sa":{"a":0,"k":0,"ix":5},"nm":"Transform"}],"nm":"Group 2","np":2,"cix":2,"bm":0,"ix":2,"mn":"ADBE Vector Group","hd":false},{"ty":"gr","it":[{"ind":0,"ty":"sh","ix":1,"ks":{"a":0,"k":{"i":[[0,0],[0.68,0.923],[1.093,0.426],[1.152,-0.226],[0.613,-0.368],[1.99,0.958],[0,3.273],[0,0],[0,0],[0,-0.894],[0,0],[-0.894,0],[0,0],[0,0],[-2.041,0.983],[-2.388,-1.433],[-0.784,-0.126],[-1.128,0.532],[-0.63,1.076],[0.087,1.244]],"o":[[-0.095,-1.141],[-0.696,-0.945],[-1.093,-0.426],[-0.708,0.139],[-2.388,1.433],[-2.041,-0.983],[0,0],[0,0],[-0.894,0],[0,0],[0,0.894],[0,0],[0,0],[0,-3.273],[1.99,-0.958],[0.674,0.405],[1.231,0.197],[1.128,-0.532],[0.63,-1.076],[0,0]],"v":[[36.578,-0.516],[35.394,-3.674],[32.655,-5.773],[29.218,-6.079],[27.223,-5.312],[20.154,-5.008],[16.024,-11.511],[16.024,-26.382],[-35.121,-26.382],[-36.741,-24.763],[-36.741,24.763],[-35.121,26.382],[16.024,26.382],[16.024,11.511],[20.154,5.008],[27.223,5.312],[29.43,6.117],[33.051,5.602],[35.75,3.133],[36.584,-0.428]],"c":true},"ix":2},"nm":"Path 1","mn":"ADBE Vector Shape - Group","hd":false},{"ty":"fl","c":{"a":0,"k":[0.945098042488,0.670588254929,0.133333340287,1],"ix":4},"o":{"a":0,"k":100,"ix":5},"r":1,"bm":0,"nm":"Fill 1","mn":"ADBE Vector Graphic - Fill","hd":false},{"ind":2,"ty":"sh","ix":3,"ks":{"a":0,"k":{"i":[[0,0],[1.37,1.861],[2.153,0.838],[2.268,-0.444],[0.013,-0.003],[0.006,-0.001],[0.528,-0.185],[0.71,-0.426],[0,1.003],[0,0],[2.104,0],[0,0],[0,-4.208],[0,0],[-4.208,0],[0,0],[0,2.104],[0,0],[-0.86,-0.516],[-0.783,-0.274],[-0.552,-0.111],[-0.006,-0.001],[-0.153,-0.025],[-2.22,1.048],[-1.241,2.119],[0.171,2.45]],"o":[[-0.161,-2.305],[-1.37,-1.861],[-2.153,-0.838],[-0.013,0.003],[-0.006,0.001],[-0.552,0.111],[-0.783,0.274],[-0.86,0.516],[0,0],[0,-2.104],[0,0],[-4.208,0],[0,0],[0,4.208],[0,0],[2.104,0],[0,0],[0,-1.003],[0.711,0.426],[0.528,0.185],[0.006,0.001],[0.152,0.03],[2.425,0.388],[2.22,-1.048],[1.241,-2.119],[0,0]],"v":[[42.569,-0.853],[40.226,-7.231],[34.832,-11.364],[28.064,-11.967],[28.024,-11.959],[28.005,-11.955],[26.383,-11.511],[24.136,-10.457],[22.024,-11.511],[22.024,-28.573],[18.214,-32.382],[-35.121,-32.382],[-42.741,-24.763],[-42.741,24.763],[-35.121,32.382],[18.214,32.382],[22.024,28.573],[22.024,11.511],[24.136,10.457],[26.383,11.511],[28.005,11.955],[28.024,11.959],[28.482,12.041],[35.613,11.028],[40.927,6.167],[42.569,-0.846]],"c":true},"ix":2},"nm":"Path 2","mn":"ADBE Vector Shape - Group","hd":false},{"ty":"fl","c":{"a":0,"k":[0.968627510819,0.752941236309,0.270588235294,1],"ix":4},"o":{"a":0,"k":100,"ix":5},"r":1,"bm":0,"nm":"Fill 2","mn":"ADBE Vector Graphic - Fill","hd":false},{"ty":"tr","p":{"a":0,"k":[68.991,52.5],"ix":2},"a":{"a":0,"k":[0,0],"ix":1},"s":{"a":0,"k":[162,162],"ix":3},"r":{"a":0,"k":0,"ix":6},"o":{"a":0,"k":100,"ix":7},"sk":{"a":0,"k":0,"ix":4},"sa":{"a":0,"k":0,"ix":5},"nm":"Transform"}],"nm":"light","np":4,"cix":2,"bm":0,"ix":3,"mn":"ADBE Vector Group","hd":false},{"ty":"gr","it":[{"ind":0,"ty":"sh","ix":1,"ks":{"a":0,"k":{"i":[[0,0],[2.007,-3.425],[3.59,-1.695],[3.92,0.627],[2.146,1.288],[0,-1.622],[0,0],[3.402,0],[0,0],[0,6.803],[0,0],[-6.803,0],[0,0],[0,-3.402],[0,0],[-1.391,0.835],[-2.253,0.441],[-3.481,-1.356],[-2.215,-3.008],[-0.26,-3.727]],"o":[[0.277,3.96],[-2.007,3.425],[-3.59,1.695],[-2.497,-0.4],[-1.391,-0.835],[0,0],[0,3.402],[0,0],[-6.803,0],[0,0],[0,-6.803],[0,0],[3.402,0],[0,0],[0,1.622],[1.95,-1.17],[3.666,-0.718],[3.481,1.356],[2.215,3.008],[0,0]],"v":[[68.822,-1.367],[66.166,9.969],[57.575,17.829],[46.047,19.468],[39.021,16.906],[35.606,18.61],[35.606,46.194],[29.447,52.353],[-56.781,52.353],[-69.099,40.034],[-69.099,-40.034],[-56.781,-52.353],[29.447,-52.353],[35.606,-46.194],[35.606,-18.61],[39.021,-16.906],[45.371,-19.347],[56.313,-18.372],[65.033,-11.691],[68.822,-1.38]],"c":true},"ix":2},"nm":"Path 1","mn":"ADBE Vector Shape - Group","hd":false},{"ty":"fl","c":{"a":0,"k":[0.945098099054,0.670588235294,0.133333333333,1],"ix":4},"o":{"a":0,"k":100,"ix":5},"r":1,"bm":0,"nm":"Fill 1","mn":"ADBE Vector Graphic - Fill","hd":false},{"ty":"tr","p":{"a":0,"k":[69.099,52.353],"ix":2},"a":{"a":0,"k":[0,0],"ix":1},"s":{"a":0,"k":[100,100],"ix":3},"r":{"a":0,"k":0,"ix":6},"o":{"a":0,"k":100,"ix":7},"sk":{"a":0,"k":0,"ix":4},"sa":{"a":0,"k":0,"ix":5},"nm":"Transform"}],"nm":"Group 4","np":2,"cix":2,"bm":0,"ix":4,"mn":"ADBE Vector Group","hd":false}],"ip":0,"op":200,"st":-275,"bm":0},{"ddd":0,"ind":8,"ty":4,"nm":"2s","parent":4,"sr":1,"ks":{"o":{"a":1,"k":[{"i":{"x":[0.2],"y":[1]},"o":{"x":[0.167],"y":[0.167]},"t":25,"s":[0]},{"t":50,"s":[100]}],"ix":11},"r":{"a":0,"k":0,"ix":10},"p":{"a":1,"k":[{"i":{"x":0,"y":0},"o":{"x":0.167,"y":0.167},"t":25,"s":[69,120,0],"to":[0,0,0],"ti":[0,0,0]},{"t":50,"s":[69,120,0]}],"ix":2,"l":2},"a":{"a":0,"k":[69,105,0],"ix":1,"l":2},"s":{"a":0,"k":[100,100,100],"ix":6,"l":2}},"ao":0,"shapes":[{"ty":"gr","it":[{"ind":0,"ty":"sh","ix":1,"ks":{"a":0,"k":{"i":[[0,-3.852],[2.118,-3.218],[3.539,-1.523],[3.793,0.674],[2.049,1.228],[0,-1.622],[0,0],[3.402,0],[0,0],[0,3.402],[0,0],[-1.391,-0.834],[-2.375,-0.422],[-3.538,1.523],[-2.118,3.217],[0,3.852],[2.118,3.217],[3.538,1.523],[3.793,-0.674],[2.049,-1.228],[0,1.622],[0,0],[-3.402,0],[0,0],[0,-3.402],[0,0],[-1.391,0.834],[-2.375,0.422],[-3.539,-1.523],[-2.118,-3.218]],"o":[[0,3.852],[-2.118,3.218],[-3.539,1.523],[-2.375,-0.422],[-1.391,-0.834],[0,0],[0,3.402],[0,0],[-3.402,0],[0,0],[0,-1.622],[2.049,1.228],[3.793,0.674],[3.538,-1.523],[2.118,-3.217],[0,-3.852],[-2.118,-3.217],[-3.538,-1.523],[-2.375,0.422],[-1.391,0.834],[0,0],[0,-3.402],[0,0],[3.402,0],[0,0],[0,1.622],[2.049,-1.228],[3.793,-0.674],[3.539,1.523],[0,4.71]],"v":[[68.982,0],[65.736,10.838],[57.064,18.105],[45.826,19.407],[39.137,16.904],[35.723,18.608],[35.723,46.194],[29.564,52.353],[-62.823,52.353],[-68.982,46.194],[-68.982,18.607],[-65.569,16.904],[-58.88,19.406],[-47.642,18.104],[-38.971,10.837],[-35.725,0],[-38.971,-10.837],[-47.642,-18.104],[-58.88,-19.406],[-65.569,-16.904],[-68.982,-18.607],[-68.982,-46.194],[-62.823,-52.353],[29.564,-52.353],[35.723,-46.194],[35.723,-18.608],[39.137,-16.904],[45.826,-19.407],[57.064,-18.105],[68.982,-15.037]],"c":true},"ix":2},"nm":"Path 1","mn":"ADBE Vector Shape - Group","hd":false},{"ty":"fl","c":{"a":0,"k":[0.984313785329,0.886274569642,0.545098039216,1],"ix":4},"o":{"a":0,"k":100,"ix":5},"r":1,"bm":0,"nm":"Fill 1","mn":"ADBE Vector Graphic - Fill","hd":false},{"ty":"tr","p":{"a":0,"k":[68.982,52.353],"ix":2},"a":{"a":0,"k":[0,0],"ix":1},"s":{"a":0,"k":[100,100],"ix":3},"r":{"a":0,"k":0,"ix":6},"o":{"a":0,"k":100,"ix":7},"sk":{"a":0,"k":0,"ix":4},"sa":{"a":0,"k":0,"ix":5},"nm":"Transform"}],"nm":"Group 1","np":2,"cix":2,"bm":0,"ix":1,"mn":"ADBE Vector Group","hd":false}],"ip":25,"op":200,"st":-251,"bm":0},{"ddd":0,"ind":9,"ty":4,"nm":"1s","parent":7,"sr":1,"ks":{"o":{"a":1,"k":[{"i":{"x":[0.2],"y":[1]},"o":{"x":[0.167],"y":[0.167]},"t":0,"s":[0]},{"t":25,"s":[100]}],"ix":11},"r":{"a":0,"k":0,"ix":10},"p":{"a":1,"k":[{"i":{"x":0,"y":0},"o":{"x":0.167,"y":0.167},"t":0,"s":[69,120,0],"to":[0,0,0],"ti":[0,0,0]},{"t":25,"s":[69,120,0]}],"ix":2,"l":2},"a":{"a":0,"k":[69,105,0],"ix":1,"l":2},"s":{"a":0,"k":[100,100,100],"ix":6,"l":2}},"ao":0,"shapes":[{"ty":"gr","it":[{"ind":0,"ty":"sh","ix":1,"ks":{"a":0,"k":{"i":[[0,0],[2.007,-3.425],[3.59,-1.695],[3.92,0.627],[2.146,1.288],[0,-1.622],[0,0],[3.402,0],[0,0],[0,6.803],[0,0],[-6.803,0],[0,0],[0,-3.402],[0,0],[-1.391,0.835],[-2.253,0.441],[-3.481,-1.356],[-2.215,-3.008],[0,-3.809]],"o":[[0.277,3.96],[-2.007,3.425],[-3.59,1.695],[-2.497,-0.4],[-1.391,-0.835],[0,0],[0,3.402],[0,0],[-6.803,0],[0,0],[0,-6.803],[0,0],[3.402,0],[0,0],[0,1.622],[1.95,-1.17],[3.666,-0.718],[3.481,1.356],[0,4.11],[0,0]],"v":[[68.822,-1.367],[66.166,9.969],[57.575,17.829],[46.047,19.468],[39.021,16.906],[35.606,18.61],[35.606,46.194],[29.447,52.353],[-56.781,52.353],[-69.099,40.034],[-69.099,-40.034],[-56.781,-52.353],[29.447,-52.353],[35.606,-46.194],[35.606,-18.61],[39.021,-16.906],[45.371,-19.347],[56.313,-18.372],[68.822,-14.942],[68.822,-1.38]],"c":true},"ix":2},"nm":"Path 1","mn":"ADBE Vector Shape - Group","hd":false},{"ty":"fl","c":{"a":0,"k":[0.898039275525,0.560784313725,0.164705882353,1],"ix":4},"o":{"a":0,"k":100,"ix":5},"r":1,"bm":0,"nm":"Fill 1","mn":"ADBE Vector Graphic - Fill","hd":false},{"ty":"tr","p":{"a":0,"k":[69.099,52.353],"ix":2},"a":{"a":0,"k":[0,0],"ix":1},"s":{"a":0,"k":[100,100],"ix":3},"r":{"a":0,"k":0,"ix":6},"o":{"a":0,"k":100,"ix":7},"sk":{"a":0,"k":0,"ix":4},"sa":{"a":0,"k":0,"ix":5},"nm":"Transform"}],"nm":"Group 1","np":2,"cix":2,"bm":0,"ix":1,"mn":"ADBE Vector Group","hd":false}],"ip":0,"op":200,"st":-275,"bm":0}],"markers":[]}