{"v":"5.7.6","fr":60,"ip":0,"op":120,"w":500,"h":500,"nm":"Aplause","ddd":0,"assets":[],"layers":[{"ddd":0,"ind":1,"ty":4,"nm":"Layer 5","sr":1,"ks":{"o":{"a":0,"k":100,"ix":11},"r":{"a":1,"k":[{"i":{"x":[0.667],"y":[1]},"o":{"x":[0.167],"y":[0.167]},"t":0,"s":[0]},{"i":{"x":[0.667],"y":[1]},"o":{"x":[0.333],"y":[0]},"t":29,"s":[-10.467]},{"i":{"x":[0.833],"y":[0.833]},"o":{"x":[0.333],"y":[0]},"t":92,"s":[23.067]},{"t":120,"s":[0]}],"ix":10},"p":{"a":0,"k":[250.467,356.128,0],"ix":2,"l":2},"a":{"a":0,"k":[0,74,0],"ix":1,"l":2},"s":{"a":0,"k":[100,100,100],"ix":6,"l":2}},"ao":0,"shapes":[{"ty":"gr","it":[{"ind":0,"ty":"sh","ix":1,"ks":{"a":0,"k":{"i":[[11.192,10.426],[1.104,1.092],[3.57,5.412],[32.352,-11.384],[12.883,18.24],[-4.61,-8.847],[-0.004,-0.007],[-30.343,0],[-9.094,28.223],[0,0],[-0.111,6.469],[0,0]],"o":[[-1.615,-1.504],[-4.695,-4.671],[2.583,32.266],[-29.972,10.547],[-0.347,7.62],[0.004,0.007],[10.046,26.871],[31.581,0],[0,0],[2.587,-5.509],[0,0],[2.807,-27.249]],"v":[[42.027,-53.369],[37.904,-57.276],[25.521,-72.454],[-3.932,31.834],[-71.409,-2.071],[-66.77,26.372],[-66.758,26.392],[-0.433,72.454],[67.065,23.443],[66.949,23.443],[71.15,5.345],[71.249,3.693]],"c":true},"ix":2},"nm":"Path 1","mn":"ADBE Vector Shape - Group","hd":false},{"ty":"fl","c":{"a":0,"k":[0.992156863213,0.929411768913,0.721568644047,1],"ix":4},"o":{"a":0,"k":100,"ix":5},"r":1,"bm":0,"nm":"Fill 1","mn":"ADBE Vector Graphic - Fill","hd":false},{"ty":"tr","p":{"a":0,"k":[0,0],"ix":2},"a":{"a":0,"k":[0,0],"ix":1},"s":{"a":0,"k":[100,100],"ix":3},"r":{"a":0,"k":0,"ix":6},"o":{"a":0,"k":100,"ix":7},"sk":{"a":0,"k":0,"ix":4},"sa":{"a":0,"k":0,"ix":5},"nm":"Transform"}],"nm":"Group 1","np":2,"cix":2,"bm":0,"ix":1,"mn":"ADBE Vector Group","hd":false}],"ip":0,"op":180,"st":0,"bm":0},{"ddd":0,"ind":2,"ty":4,"nm":"Layer 7","sr":1,"ks":{"o":{"a":1,"k":[{"i":{"x":[0.667],"y":[1]},"o":{"x":[0.333],"y":[0]},"t":59,"s":[100]},{"i":{"x":[0.833],"y":[0.833]},"o":{"x":[0.333],"y":[0]},"t":78,"s":[100]},{"t":114,"s":[0]}],"ix":11},"r":{"a":0,"k":19,"ix":10},"p":{"a":1,"k":[{"i":{"x":0.833,"y":0.833},"o":{"x":0.333,"y":0},"t":59,"s":[299.47,261.072,0],"to":[0,-36.667,0],"ti":[0,36.667,0]},{"t":114,"s":[299.47,41.072,0]}],"ix":2,"l":2},"a":{"a":0,"k":[5,22,0],"ix":1,"l":2},"s":{"a":1,"k":[{"i":{"x":[0.667,0.667,0.667],"y":[1,1,1]},"o":{"x":[0.333,0.333,0.333],"y":[0,0,0]},"t":59,"s":[60,60,100]},{"i":{"x":[0.833,0.833,0.833],"y":[0.833,0.833,12.111]},"o":{"x":[0.333,0.333,0.333],"y":[0,0,0]},"t":88,"s":[100,100,100]},{"t":114,"s":[0,0,100]}],"ix":6,"l":2}},"ao":0,"shapes":[{"ty":"gr","it":[{"ind":0,"ty":"sh","ix":1,"ks":{"a":0,"k":{"i":[[0.38,3.713],[13.202,6.231],[1.313,-0.456],[0.559,-1.539],[-8.478,-13.81],[-6.28,15.99]],"o":[[-1.567,-15.318],[-1.257,-0.593],[-1.547,0.537],[-5.041,13.878],[8.923,14.536],[1.373,-3.495]],"v":[[21.419,5.431],[-7.802,-28.699],[-11.802,-29.395],[-14.663,-25.612],[-17.344,19.687],[20.035,16.38]],"c":true},"ix":2},"nm":"Path 1","mn":"ADBE Vector Shape - Group","hd":false},{"ty":"fl","c":{"a":0,"k":[0.988235294819,0.819607853889,0.341176480055,1],"ix":4},"o":{"a":0,"k":100,"ix":5},"r":1,"bm":0,"nm":"Fill 1","mn":"ADBE Vector Graphic - Fill","hd":false},{"ty":"tr","p":{"a":0,"k":[0,0],"ix":2},"a":{"a":0,"k":[0,0],"ix":1},"s":{"a":0,"k":[100,100],"ix":3},"r":{"a":0,"k":0,"ix":6},"o":{"a":0,"k":100,"ix":7},"sk":{"a":0,"k":0,"ix":4},"sa":{"a":0,"k":0,"ix":5},"nm":"Transform"}],"nm":"Group 1","np":2,"cix":2,"bm":0,"ix":1,"mn":"ADBE Vector Group","hd":false}],"ip":59,"op":115,"st":59,"bm":0},{"ddd":0,"ind":3,"ty":4,"nm":"Layer 4","sr":1,"ks":{"o":{"a":1,"k":[{"i":{"x":[0.667],"y":[1]},"o":{"x":[0.167],"y":[0]},"t":0,"s":[100]},{"i":{"x":[0.667],"y":[1]},"o":{"x":[0.333],"y":[0]},"t":19,"s":[100]},{"t":55,"s":[0]}],"ix":11},"r":{"a":0,"k":19,"ix":10},"p":{"a":1,"k":[{"i":{"x":0.667,"y":1},"o":{"x":0.167,"y":0.167},"t":0,"s":[209.47,271.072,0],"to":[0,-19.134,0],"ti":[0,47.779,0]},{"i":{"x":0.667,"y":1},"o":{"x":0.333,"y":0},"t":29,"s":[209.47,155.073,0],"to":[0,-43.783,0],"ti":[0,17.533,0]},{"t":55,"s":[209.47,51.072,0]}],"ix":2,"l":2},"a":{"a":0,"k":[5,22,0],"ix":1,"l":2},"s":{"a":1,"k":[{"i":{"x":[0.667,0.667,0.667],"y":[1,1,1]},"o":{"x":[0.167,0.167,0.167],"y":[0.167,0.167,-3.873]},"t":0,"s":[60,60,100]},{"i":{"x":[0.667,0.667,0.667],"y":[1,1,1]},"o":{"x":[0.333,0.333,0.333],"y":[0,0,0]},"t":29,"s":[100,100,100]},{"t":55,"s":[0,0,100]}],"ix":6,"l":2}},"ao":0,"shapes":[{"ty":"gr","it":[{"ind":0,"ty":"sh","ix":1,"ks":{"a":0,"k":{"i":[[0.38,3.713],[13.202,6.231],[1.313,-0.456],[0.559,-1.539],[-8.478,-13.81],[-6.28,15.99]],"o":[[-1.567,-15.318],[-1.257,-0.593],[-1.547,0.537],[-5.041,13.878],[8.923,14.536],[1.373,-3.495]],"v":[[21.419,5.431],[-7.802,-28.699],[-11.802,-29.395],[-14.663,-25.612],[-17.344,19.687],[20.035,16.38]],"c":true},"ix":2},"nm":"Path 1","mn":"ADBE Vector Shape - Group","hd":false},{"ty":"fl","c":{"a":0,"k":[0.988235294819,0.819607853889,0.341176480055,1],"ix":4},"o":{"a":0,"k":100,"ix":5},"r":1,"bm":0,"nm":"Fill 1","mn":"ADBE Vector Graphic - Fill","hd":false},{"ty":"tr","p":{"a":0,"k":[0,0],"ix":2},"a":{"a":0,"k":[0,0],"ix":1},"s":{"a":0,"k":[100,100],"ix":3},"r":{"a":0,"k":0,"ix":6},"o":{"a":0,"k":100,"ix":7},"sk":{"a":0,"k":0,"ix":4},"sa":{"a":0,"k":0,"ix":5},"nm":"Transform"}],"nm":"Group 1","np":2,"cix":2,"bm":0,"ix":1,"mn":"ADBE Vector Group","hd":false}],"ip":0,"op":56,"st":0,"bm":0},{"ddd":0,"ind":4,"ty":4,"nm":"Layer 3","sr":1,"ks":{"o":{"a":0,"k":100,"ix":11},"r":{"a":1,"k":[{"i":{"x":[0.667],"y":[1]},"o":{"x":[0.167],"y":[0.167]},"t":0,"s":[0]},{"i":{"x":[0.667],"y":[1]},"o":{"x":[0.333],"y":[0]},"t":29,"s":[-5.817]},{"i":{"x":[0.833],"y":[0.833]},"o":{"x":[0.333],"y":[0]},"t":74,"s":[10]},{"t":120,"s":[0]}],"ix":10},"p":{"a":0,"k":[249.942,390.969,0],"ix":2,"l":2},"a":{"a":0,"k":[0,124,0],"ix":1,"l":2},"s":{"a":1,"k":[{"i":{"x":[0.667,0.667,0.667],"y":[1,1,1]},"o":{"x":[0.167,0.167,0.167],"y":[0.167,0.167,0]},"t":0,"s":[100,100,100]},{"i":{"x":[0.667,0.667,0.667],"y":[1,1,1]},"o":{"x":[0.333,0.333,0.333],"y":[0,0,0]},"t":29,"s":[112.383,87.383,100]},{"i":{"x":[0.833,0.833,0.833],"y":[0.833,0.833,1]},"o":{"x":[0.333,0.333,0.333],"y":[0,0,0]},"t":74,"s":[107,108,100]},{"t":120,"s":[100,100,100]}],"ix":6,"l":2}},"ao":0,"shapes":[{"ty":"gr","it":[{"ind":0,"ty":"sh","ix":1,"ks":{"a":1,"k":[{"i":{"x":0.667,"y":1},"o":{"x":0.167,"y":0.167},"t":0,"s":[{"i":[[20.658,18.595],[2.041,1.949],[7.475,11.946],[7.155,-35.938],[4.635,6.419],[2.465,-29.924],[0.002,-0.017],[-0.338,-1.332],[0,0],[-47.129,0],[-14.218,41.316],[0,9.967],[0,0]],"o":[[-2.981,-2.683],[-10.397,-9.997],[-15.784,25.679],[-24.618,-12.427],[-18.013,24.073],[-0.003,0.017],[-2.078,13.788],[0,0],[13.791,42.577],[46.611,0],[3.311,-8.824],[0,0],[4.253,-49.593]],"v":[[50.958,-82.827],[43.345,-89.798],[16.474,-122.814],[-23.213,-27.474],[-67.614,-77.554],[-105.738,7.558],[-105.75,7.608],[-100.815,49.353],[-100.906,49.353],[0.058,122.814],[100.565,51.276],[105.698,22.939],[105.825,19.936]],"c":true}]},{"i":{"x":0.833,"y":0.833},"o":{"x":0.333,"y":0},"t":74,"s":[{"i":[[14.842,20.962],[1.684,2.264],[17.143,11.46],[49.259,-29.82],[9.975,1.668],[-4.548,-37.987],[-0.002,-0.017],[-0.338,-1.332],[0,0],[-47.129,0],[-14.218,41.316],[0,9.967],[0,0]],"o":[[-2.317,-3.273],[-11.315,-15.21],[2.516,31.465],[-6.994,-33.422],[19.702,30.547],[-0.003,0.017],[1.255,10.203],[0,0],[13.791,42.577],[46.611,0],[3.311,-8.824],[0,0],[0.544,-24.461]],"v":[[93.704,-43.98],[83.345,-59.798],[26.474,-122.814],[-23.213,-27.474],[-67.614,-77.554],[-110.928,34.649],[-110.928,34.649],[-107.815,49.353],[-107.815,49.353],[0.058,122.814],[110.565,51.276],[116.934,21.597],[117.06,18.593]],"c":true}]},{"t":120,"s":[{"i":[[20.658,18.595],[2.041,1.949],[7.475,11.946],[7.155,-35.938],[4.635,6.419],[2.465,-29.924],[0.002,-0.017],[-0.338,-1.332],[0,0],[-47.129,0],[-14.218,41.316],[0,9.967],[0,0]],"o":[[-2.981,-2.683],[-10.397,-9.997],[-15.784,25.679],[-24.618,-12.427],[-18.013,24.073],[-0.003,0.017],[-2.078,13.788],[0,0],[13.791,42.577],[46.611,0],[3.311,-8.824],[0,0],[4.253,-49.593]],"v":[[50.958,-82.827],[43.345,-89.798],[16.474,-122.814],[-23.213,-27.474],[-67.614,-77.554],[-105.738,7.558],[-105.75,7.608],[-100.815,49.353],[-100.906,49.353],[0.058,122.814],[100.565,51.276],[105.698,22.939],[105.825,19.936]],"c":true}]}],"ix":2},"nm":"Path 1","mn":"ADBE Vector Shape - Group","hd":false},{"ty":"fl","c":{"a":0,"k":[0.988235294819,0.819607853889,0.341176480055,1],"ix":4},"o":{"a":0,"k":100,"ix":5},"r":1,"bm":0,"nm":"Fill 1","mn":"ADBE Vector Graphic - Fill","hd":false},{"ty":"tr","p":{"a":0,"k":[0,0],"ix":2},"a":{"a":0,"k":[0,0],"ix":1},"s":{"a":0,"k":[100,100],"ix":3},"r":{"a":0,"k":0,"ix":6},"o":{"a":0,"k":100,"ix":7},"sk":{"a":0,"k":0,"ix":4},"sa":{"a":0,"k":0,"ix":5},"nm":"Transform"}],"nm":"Group 1","np":2,"cix":2,"bm":0,"ix":1,"mn":"ADBE Vector Group","hd":false}],"ip":0,"op":180,"st":0,"bm":0},{"ddd":0,"ind":5,"ty":4,"nm":"Layer 6","sr":1,"ks":{"o":{"a":1,"k":[{"i":{"x":[0.667],"y":[1]},"o":{"x":[0.333],"y":[0]},"t":42,"s":[100]},{"i":{"x":[0.667],"y":[1]},"o":{"x":[0.333],"y":[0]},"t":61,"s":[100]},{"t":97,"s":[0]}],"ix":11},"r":{"a":0,"k":0,"ix":10},"p":{"a":1,"k":[{"i":{"x":0.667,"y":1},"o":{"x":0.333,"y":0},"t":42,"s":[149.47,311.072,0],"to":[0,-36.667,0],"ti":[0,36.667,0]},{"t":97,"s":[149.47,91.072,0]}],"ix":2,"l":2},"a":{"a":0,"k":[2,32,0],"ix":1,"l":2},"s":{"a":1,"k":[{"i":{"x":[0.667,0.667,0.667],"y":[1,1,1]},"o":{"x":[0.333,0.333,0.333],"y":[0,0,0]},"t":42,"s":[60,60,100]},{"i":{"x":[0.667,0.667,0.667],"y":[1,1,1]},"o":{"x":[0.333,0.333,0.333],"y":[0,0,0]},"t":71,"s":[100,100,100]},{"t":97,"s":[0,0,100]}],"ix":6,"l":2}},"ao":0,"shapes":[{"ty":"gr","it":[{"ind":0,"ty":"sh","ix":1,"ks":{"a":0,"k":{"i":[[-0.919,3.617],[10.257,10.387],[1.389,0.023],[1.054,-1.253],[-3.217,-15.882],[-11.391,12.859]],"o":[[3.791,-14.924],[-0.976,-0.989],[-1.637,-0.027],[-9.502,11.301],[3.386,16.716],[2.49,-2.811]],"v":[[20.487,13.667],[4.77,-28.424],[1.254,-30.452],[-2.733,-27.883],[-20.814,13.738],[15.426,23.474]],"c":true},"ix":2},"nm":"Path 1","mn":"ADBE Vector Shape - Group","hd":false},{"ty":"fl","c":{"a":0,"k":[0.937254905701,0.352941185236,0.164705887437,1],"ix":4},"o":{"a":0,"k":100,"ix":5},"r":1,"bm":0,"nm":"Fill 1","mn":"ADBE Vector Graphic - Fill","hd":false},{"ty":"tr","p":{"a":0,"k":[0,0],"ix":2},"a":{"a":0,"k":[0,0],"ix":1},"s":{"a":0,"k":[100,100],"ix":3},"r":{"a":0,"k":0,"ix":6},"o":{"a":0,"k":100,"ix":7},"sk":{"a":0,"k":0,"ix":4},"sa":{"a":0,"k":0,"ix":5},"nm":"Transform"}],"nm":"Group 1","np":2,"cix":2,"bm":0,"ix":1,"mn":"ADBE Vector Group","hd":false}],"ip":42,"op":98,"st":42,"bm":0},{"ddd":0,"ind":6,"ty":4,"nm":"Layer 2","sr":1,"ks":{"o":{"a":1,"k":[{"i":{"x":[0.667],"y":[1]},"o":{"x":[0.333],"y":[0]},"t":16,"s":[100]},{"i":{"x":[0.667],"y":[1]},"o":{"x":[0.333],"y":[0]},"t":35,"s":[100]},{"t":71,"s":[0]}],"ix":11},"r":{"a":0,"k":0,"ix":10},"p":{"a":1,"k":[{"i":{"x":0.667,"y":1},"o":{"x":0.333,"y":0},"t":16,"s":[329.47,238.072,0],"to":[0,-36.667,0],"ti":[0,36.667,0]},{"t":71,"s":[329.47,18.072,0]}],"ix":2,"l":2},"a":{"a":0,"k":[2,32,0],"ix":1,"l":2},"s":{"a":1,"k":[{"i":{"x":[0.667,0.667,0.667],"y":[1,1,1]},"o":{"x":[0.333,0.333,0.333],"y":[0,0,0]},"t":16,"s":[60,60,100]},{"i":{"x":[0.667,0.667,0.667],"y":[1,1,1]},"o":{"x":[0.333,0.333,0.333],"y":[0,0,0]},"t":45,"s":[100,100,100]},{"t":71,"s":[0,0,100]}],"ix":6,"l":2}},"ao":0,"shapes":[{"ty":"gr","it":[{"ind":0,"ty":"sh","ix":1,"ks":{"a":0,"k":{"i":[[-0.919,3.617],[10.257,10.387],[1.389,0.023],[1.054,-1.253],[-3.217,-15.882],[-11.391,12.859]],"o":[[3.791,-14.924],[-0.976,-0.989],[-1.637,-0.027],[-9.502,11.301],[3.386,16.716],[2.49,-2.811]],"v":[[20.487,13.667],[4.77,-28.424],[1.254,-30.452],[-2.733,-27.883],[-20.814,13.738],[15.426,23.474]],"c":true},"ix":2},"nm":"Path 1","mn":"ADBE Vector Shape - Group","hd":false},{"ty":"fl","c":{"a":0,"k":[0.937254905701,0.352941185236,0.164705887437,1],"ix":4},"o":{"a":0,"k":100,"ix":5},"r":1,"bm":0,"nm":"Fill 1","mn":"ADBE Vector Graphic - Fill","hd":false},{"ty":"tr","p":{"a":0,"k":[0,0],"ix":2},"a":{"a":0,"k":[0,0],"ix":1},"s":{"a":0,"k":[100,100],"ix":3},"r":{"a":0,"k":0,"ix":6},"o":{"a":0,"k":100,"ix":7},"sk":{"a":0,"k":0,"ix":4},"sa":{"a":0,"k":0,"ix":5},"nm":"Transform"}],"nm":"Group 1","np":2,"cix":2,"bm":0,"ix":1,"mn":"ADBE Vector Group","hd":false}],"ip":16,"op":72,"st":16,"bm":0},{"ddd":0,"ind":7,"ty":4,"nm":"Layer 1","sr":1,"ks":{"o":{"a":0,"k":100,"ix":11},"r":{"a":1,"k":[{"i":{"x":[0.667],"y":[1]},"o":{"x":[0.167],"y":[0.167]},"t":0,"s":[0]},{"i":{"x":[0.667],"y":[1]},"o":{"x":[0.333],"y":[0]},"t":29,"s":[-0.133]},{"i":{"x":[0.833],"y":[0.833]},"o":{"x":[0.333],"y":[0]},"t":60,"s":[3]},{"t":120,"s":[0]}],"ix":10},"p":{"a":0,"k":[260.937,425.924,0],"ix":2,"l":2},"a":{"a":0,"k":[12,176,0],"ix":1,"l":2},"s":{"a":1,"k":[{"i":{"x":[0.667,0.667,0.667],"y":[1,1,1]},"o":{"x":[0.167,0.167,0.167],"y":[0.167,0.167,0]},"t":0,"s":[100,100,100]},{"i":{"x":[0.667,0.667,0.667],"y":[1,1,1]},"o":{"x":[0.333,0.333,0.333],"y":[0,0,0]},"t":29,"s":[96.933,96.933,100]},{"i":{"x":[0.667,0.667,0.667],"y":[1,1,1]},"o":{"x":[0.333,0.333,0.333],"y":[0,0,0]},"t":60,"s":[96,106,100]},{"i":{"x":[0.833,0.833,0.833],"y":[0.833,0.833,1]},"o":{"x":[0.333,0.333,0.333],"y":[0,0,0]},"t":91,"s":[103.067,92.5,100]},{"t":120,"s":[100,100,100]}],"ix":6,"l":2}},"ao":0,"shapes":[{"ty":"gr","it":[{"ind":0,"ty":"sh","ix":1,"ks":{"a":1,"k":[{"i":{"x":0.667,"y":1},"o":{"x":0.167,"y":0.167},"t":0,"s":[{"i":[[-6.399,51.823],[1.342,11.251],[16.877,21.233],[16.034,22.995],[3.507,17.376],[0.829,1.395],[1.623,-0.084],[3.495,-5.4],[12.428,-24.166],[0.5,-0.27],[0.785,1.07],[2.503,13.114],[0.039,0.203],[0.608,0.536],[1.285,-1.192],[8.439,-49.785],[-37.508,-33.009],[-47.632,16.523]],"o":[[1.385,-11.219],[-3.21,-26.909],[-17.353,-21.831],[-10.138,-14.539],[-0.321,-1.591],[-0.829,-1.395],[-7.614,0.395],[-14.747,22.785],[-0.259,0.506],[-1.168,0.631],[-7.952,-10.841],[-0.039,-0.203],[-0.15,-0.796],[-1.315,-1.159],[-36.238,33.609],[-8.282,48.86],[37.902,33.356],[50.314,-17.454]],"v":[[138.638,49.396],[138.762,15.551],[108.019,-58.646],[50.784,-119.292],[30.004,-167.816],[28.549,-172.436],[24.612,-174.876],[6.301,-152.297],[-35.373,-82.581],[-36.42,-81.268],[-39.674,-82.88],[-54.516,-119.393],[-54.632,-120.002],[-55.564,-122.195],[-60.171,-120.952],[-137.607,6.305],[-92.187,139.926],[47.698,167.156]],"c":true}]},{"i":{"x":0.833,"y":0.833},"o":{"x":0.333,"y":0},"t":60,"s":[{"i":[[-16.782,42.969],[2.664,14.847],[17.432,31.362],[31.974,23.379],[29.609,2.522],[0,0],[0,0],[-0.746,-8.62],[42.558,-2.321],[0,0],[0,0],[5.629,30.281],[0,0],[0,0],[0,0],[40.7,-57.294],[-37.508,-33.009],[-49.28,10.643]],"o":[[9.433,-24.153],[-4.787,-26.674],[-13.549,-24.375],[-14.308,-10.462],[0,0],[0,0],[16.439,5.231],[0.757,12.606],[0,0],[0,0],[-38.461,-3.294],[0,0],[0,0],[0,0],[-23.753,31.317],[-28.7,40.401],[37.902,33.356],[55.011,-11.881]],"v":[[147.763,82.899],[153.611,9.045],[128.084,-63.318],[63.503,-134.112],[-25.024,-171.775],[-25.024,-171.775],[-25.024,-171.775],[7.668,-130.198],[-36.42,-81.268],[-36.42,-81.268],[-36.42,-81.268],[-94.516,-119.393],[-94.516,-119.393],[-94.516,-119.393],[-94.516,-119.393],[-117.714,17.045],[-92.187,139.926],[47.698,167.156]],"c":true}]},{"t":120,"s":[{"i":[[-6.399,51.823],[1.342,11.251],[16.877,21.233],[16.034,22.995],[3.507,17.376],[0.829,1.395],[1.623,-0.084],[3.495,-5.4],[12.428,-24.166],[0.5,-0.27],[0.785,1.07],[2.503,13.114],[0.039,0.203],[0.608,0.536],[1.285,-1.192],[8.439,-49.785],[-37.508,-33.009],[-47.632,16.523]],"o":[[1.385,-11.219],[-3.21,-26.909],[-17.353,-21.831],[-10.138,-14.539],[-0.321,-1.591],[-0.829,-1.395],[-7.614,0.395],[-14.747,22.785],[-0.259,0.506],[-1.168,0.631],[-7.952,-10.841],[-0.039,-0.203],[-0.15,-0.796],[-1.315,-1.159],[-36.238,33.609],[-8.282,48.86],[37.902,33.356],[50.314,-17.454]],"v":[[138.638,49.396],[138.762,15.551],[108.019,-58.646],[50.784,-119.292],[30.004,-167.816],[28.549,-172.436],[24.612,-174.876],[6.301,-152.297],[-35.373,-82.581],[-36.42,-81.268],[-39.674,-82.88],[-54.516,-119.393],[-54.632,-120.002],[-55.564,-122.195],[-60.171,-120.952],[-137.607,6.305],[-92.187,139.926],[47.698,167.156]],"c":true}]}],"ix":2},"nm":"Path 1","mn":"ADBE Vector Shape - Group","hd":false},{"ty":"fl","c":{"a":0,"k":[0.937254905701,0.352941185236,0.164705887437,1],"ix":4},"o":{"a":0,"k":100,"ix":5},"r":1,"bm":0,"nm":"Fill 1","mn":"ADBE Vector Graphic - Fill","hd":false},{"ty":"tr","p":{"a":0,"k":[0,0],"ix":2},"a":{"a":0,"k":[0,0],"ix":1},"s":{"a":0,"k":[100,100],"ix":3},"r":{"a":0,"k":0,"ix":6},"o":{"a":0,"k":100,"ix":7},"sk":{"a":0,"k":0,"ix":4},"sa":{"a":0,"k":0,"ix":5},"nm":"Transform"}],"nm":"Group 1","np":2,"cix":2,"bm":0,"ix":1,"mn":"ADBE Vector Group","hd":false}],"ip":0,"op":180,"st":0,"bm":0}],"markers":[]}