{"v":"5.7.4","fr":60,"ip":60,"op":151,"w":500,"h":500,"nm":"emojidead","ddd":0,"assets":[],"layers":[{"ddd":0,"ind":1,"ty":3,"nm":"NULL CONTROL","parent":7,"sr":1,"ks":{"o":{"a":0,"k":0,"ix":11},"r":{"a":0,"k":0,"ix":10},"p":{"a":0,"k":[150.249,164.28,0],"ix":2,"l":2},"a":{"a":0,"k":[60,60,0],"ix":1,"l":2},"s":{"a":0,"k":[100,100,100],"ix":6,"l":2}},"ao":0,"ip":-18,"op":299,"st":-18,"bm":0},{"ddd":0,"ind":2,"ty":4,"nm":"emoji_mustache_4 Outlines","parent":1,"sr":1,"ks":{"o":{"a":0,"k":100,"ix":11},"r":{"a":0,"k":0,"ix":10},"p":{"a":0,"k":[60.001,9.98,0],"ix":2,"l":2},"a":{"a":0,"k":[69.317,28.375,0],"ix":1,"l":2},"s":{"a":1,"k":[{"i":{"x":[0.4,0.4,0.4],"y":[1,1,1]},"o":{"x":[0.167,0.167,0.167],"y":[0,0.167,0]},"t":91,"s":[100,100,100]},{"t":95,"s":[100,20,100]}],"ix":6,"l":2}},"ao":0,"shapes":[{"ty":"gr","it":[{"ind":0,"ty":"sh","ix":1,"ks":{"a":0,"k":{"i":[[0,-15.541],[10.346,0],[0,15.523],[-10.354,0]],"o":[[0,15.523],[-10.354,0],[0,-15.541],[10.346,0]],"v":[[18.75,0.005],[0,28.125],[-18.75,0.005],[0,-28.125]],"c":true},"ix":2},"nm":"Path 1","mn":"ADBE Vector Shape - Group","hd":false},{"ty":"fl","c":{"a":0,"k":[0.187999994615,0.176000004189,0.169000004787,1],"ix":4},"o":{"a":0,"k":100,"ix":5},"r":1,"bm":0,"nm":"Fill 1","mn":"ADBE Vector Graphic - Fill","hd":false},{"ty":"tr","p":{"a":0,"k":[119.635,28.375],"ix":2},"a":{"a":0,"k":[0,0],"ix":1},"s":{"a":0,"k":[100,100],"ix":3},"r":{"a":0,"k":0,"ix":6},"o":{"a":0,"k":100,"ix":7},"sk":{"a":0,"k":0,"ix":4},"sa":{"a":0,"k":0,"ix":5},"nm":"Transform"}],"nm":"Group 1","np":2,"cix":2,"bm":0,"ix":1,"mn":"ADBE Vector Group","hd":false},{"ty":"gr","it":[{"ind":0,"ty":"sh","ix":1,"ks":{"a":0,"k":{"i":[[0,-15.541],[10.354,0],[0,15.523],[-10.363,0]],"o":[[0,15.523],[-10.363,0],[0,-15.541],[10.354,0]],"v":[[18.75,0.005],[0,28.125],[-18.75,0.005],[0,-28.125]],"c":true},"ix":2},"nm":"Path 1","mn":"ADBE Vector Shape - Group","hd":false},{"ty":"fl","c":{"a":0,"k":[0.187999994615,0.176000004189,0.169000004787,1],"ix":4},"o":{"a":0,"k":100,"ix":5},"r":1,"bm":0,"nm":"Fill 1","mn":"ADBE Vector Graphic - Fill","hd":false},{"ty":"tr","p":{"a":0,"k":[19,28.375],"ix":2},"a":{"a":0,"k":[0,0],"ix":1},"s":{"a":0,"k":[100,100],"ix":3},"r":{"a":0,"k":0,"ix":6},"o":{"a":0,"k":100,"ix":7},"sk":{"a":0,"k":0,"ix":4},"sa":{"a":0,"k":0,"ix":5},"nm":"Transform"}],"nm":"Group 2","np":2,"cix":2,"bm":0,"ix":2,"mn":"ADBE Vector Group","hd":false}],"ip":5,"op":95,"st":5,"bm":0},{"ddd":0,"ind":3,"ty":4,"nm":"emoji_dead_3 Outlines 3","parent":1,"sr":1,"ks":{"o":{"a":0,"k":100,"ix":11},"r":{"a":0,"k":0,"ix":10},"p":{"a":0,"k":[5.417,13.442,0],"ix":2,"l":2},"a":{"a":0,"k":[38.56,37.75,0],"ix":1,"l":2},"s":{"a":1,"k":[{"i":{"x":[0,0,0],"y":[1,1,1]},"o":{"x":[0.167,0.167,0.167],"y":[0.167,0.167,0]},"t":94,"s":[0,0,100]},{"t":98,"s":[100,100,100]}],"ix":6,"l":2}},"ao":0,"shapes":[{"ty":"gr","it":[{"ind":0,"ty":"sh","ix":1,"ks":{"a":0,"k":{"i":[[2.541,0],[1.8,1.816],[0,0],[0,0],[2.537,0],[1.809,1.812],[-0.008,2.541],[-1.812,1.799],[0,0],[0,0],[-3.725,3.712],[-2.541,0],[-1.799,-1.813],[0,0],[0,0],[-2.541,0],[-1.807,-1.807],[0.005,-2.546],[1.813,-1.794],[0,0],[0,0],[3.725,-3.712]],"o":[[-2.55,0],[0,0],[0,0],[-1.804,1.789],[-2.548,0],[-1.789,-1.794],[0.005,-2.545],[0,0],[0,0],[-3.703,-3.718],[1.795,-1.79],[2.545,0],[0,0],[0,0],[1.794,-1.789],[2.549,0],[1.791,1.799],[-0.004,2.545],[0,0],[0,0],[3.698,3.722],[-1.795,1.79]],"v":[[27.849,37.5],[21.105,34.685],[-0.029,13.48],[-21.238,34.598],[-27.963,37.376],[-34.724,34.561],[-37.498,27.822],[-34.687,21.089],[-13.483,-0.033],[-34.605,-21.231],[-34.564,-34.722],[-27.843,-37.5],[-21.1,-34.689],[0.03,-13.481],[21.243,-34.599],[27.968,-37.381],[34.728,-34.567],[37.502,-27.823],[34.692,-21.094],[13.488,0.027],[34.61,21.23],[34.569,34.721]],"c":true},"ix":2},"nm":"Path 1","mn":"ADBE Vector Shape - Group","hd":false},{"ty":"fl","c":{"a":0,"k":[0.187999994615,0.176000004189,0.169000004787,1],"ix":4},"o":{"a":0,"k":100,"ix":5},"r":1,"bm":0,"nm":"Fill 1","mn":"ADBE Vector Graphic - Fill","hd":false},{"ty":"tr","p":{"a":0,"k":[38.558,37.75],"ix":2},"a":{"a":0,"k":[0,0],"ix":1},"s":{"a":0,"k":[100,100],"ix":3},"r":{"a":0,"k":0,"ix":6},"o":{"a":0,"k":100,"ix":7},"sk":{"a":0,"k":0,"ix":4},"sa":{"a":0,"k":0,"ix":5},"nm":"Transform"}],"nm":"Group 2","np":2,"cix":2,"bm":0,"ix":1,"mn":"ADBE Vector Group","hd":false}],"ip":94,"op":305,"st":4,"bm":0},{"ddd":0,"ind":4,"ty":4,"nm":"emoji_dead_3 Outlines 2","parent":1,"sr":1,"ks":{"o":{"a":0,"k":100,"ix":11},"r":{"a":0,"k":0,"ix":10},"p":{"a":0,"k":[114.58,13.442,0],"ix":2,"l":2},"a":{"a":0,"k":[147.723,37.75,0],"ix":1,"l":2},"s":{"a":1,"k":[{"i":{"x":[0,0,0],"y":[1,1,1]},"o":{"x":[0.167,0.167,0.167],"y":[0.167,0.167,0]},"t":94,"s":[0,0,100]},{"t":98,"s":[100,100,100]}],"ix":6,"l":2}},"ao":0,"shapes":[{"ty":"gr","it":[{"ind":0,"ty":"sh","ix":1,"ks":{"a":0,"k":{"i":[[2.541,0],[1.799,1.816],[0,0],[0,0],[2.545,0],[1.808,1.812],[-0.005,2.541],[-1.813,1.799],[0,0],[0,0],[-3.727,3.712],[-2.54,0],[-1.8,-1.813],[0,0],[0,0],[-2.541,0],[-1.809,-1.807],[0.01,-2.546],[1.812,-1.794],[0,0],[0,0],[3.726,-3.712]],"o":[[-2.54,0],[0,0],[0,0],[-1.795,1.789],[-2.545,0],[-1.79,-1.794],[0.005,-2.545],[0,0],[0,0],[-3.699,-3.718],[1.795,-1.79],[2.55,0],[0,0],[0,0],[1.804,-1.789],[2.55,0],[1.789,1.799],[-0.005,2.545],[0,0],[0,0],[3.703,3.722],[-1.794,1.79]],"v":[[27.838,37.5],[21.101,34.685],[-0.03,13.48],[-21.242,34.598],[-27.972,37.376],[-34.728,34.561],[-37.503,27.822],[-34.692,21.089],[-13.488,-0.033],[-34.609,-21.231],[-34.568,-34.722],[-27.849,-37.5],[-21.105,-34.689],[0.029,-13.481],[21.237,-34.599],[27.967,-37.381],[34.724,-34.567],[37.497,-27.823],[34.687,-21.094],[13.484,0.027],[34.605,21.23],[34.563,34.721]],"c":true},"ix":2},"nm":"Path 1","mn":"ADBE Vector Shape - Group","hd":false},{"ty":"fl","c":{"a":0,"k":[0.187999994615,0.176000004189,0.169000004787,1],"ix":4},"o":{"a":0,"k":100,"ix":5},"r":1,"bm":0,"nm":"Fill 1","mn":"ADBE Vector Graphic - Fill","hd":false},{"ty":"tr","p":{"a":0,"k":[147.726,37.75],"ix":2},"a":{"a":0,"k":[0,0],"ix":1},"s":{"a":0,"k":[100,100],"ix":3},"r":{"a":0,"k":0,"ix":6},"o":{"a":0,"k":100,"ix":7},"sk":{"a":0,"k":0,"ix":4},"sa":{"a":0,"k":0,"ix":5},"nm":"Transform"}],"nm":"Group 1","np":2,"cix":2,"bm":0,"ix":1,"mn":"ADBE Vector Group","hd":false}],"ip":94,"op":305,"st":4,"bm":0},{"ddd":0,"ind":5,"ty":4,"nm":"emoji_dead_2 Outlines","parent":1,"sr":1,"ks":{"o":{"a":0,"k":100,"ix":11},"r":{"a":0,"k":0,"ix":10},"p":{"a":0,"k":[60.001,110.02,0],"ix":2,"l":2},"a":{"a":0,"k":[65.875,9.625,0],"ix":1,"l":2},"s":{"a":0,"k":[100,100,100],"ix":6,"l":2}},"ao":0,"shapes":[{"ty":"gr","it":[{"ind":0,"ty":"sh","ix":1,"ks":{"a":0,"k":{"i":[[0,-5.177],[5.178,0],[0,0],[0,5.178],[-5.177,0],[0,0]],"o":[[0,5.178],[0,0],[-5.177,0],[0,-5.177],[0,0],[5.178,0]],"v":[[65.625,0],[56.25,9.375],[-56.25,9.375],[-65.625,0],[-56.25,-9.375],[56.25,-9.375]],"c":true},"ix":2},"nm":"Path 1","mn":"ADBE Vector Shape - Group","hd":false},{"ty":"fl","c":{"a":0,"k":[0.187999994615,0.176000004189,0.169000004787,1],"ix":4},"o":{"a":0,"k":100,"ix":5},"r":1,"bm":0,"nm":"Fill 1","mn":"ADBE Vector Graphic - Fill","hd":false},{"ty":"tr","p":{"a":0,"k":[65.875,9.625],"ix":2},"a":{"a":0,"k":[0,0],"ix":1},"s":{"a":0,"k":[100,100],"ix":3},"r":{"a":0,"k":0,"ix":6},"o":{"a":0,"k":100,"ix":7},"sk":{"a":0,"k":0,"ix":4},"sa":{"a":0,"k":0,"ix":5},"nm":"Transform"}],"nm":"Group 1","np":2,"cix":2,"bm":0,"ix":1,"mn":"ADBE Vector Group","hd":false}],"ip":-18,"op":283,"st":-18,"bm":0},{"ddd":0,"ind":6,"ty":4,"nm":"Shape Layer 1","parent":1,"sr":1,"ks":{"o":{"a":0,"k":100,"ix":11},"r":{"a":1,"k":[{"i":{"x":[0.54],"y":[1]},"o":{"x":[0.46],"y":[0]},"t":89,"s":[0]},{"i":{"x":[0.54],"y":[1]},"o":{"x":[0.46],"y":[0]},"t":99,"s":[-10]},{"i":{"x":[0.54],"y":[1]},"o":{"x":[0.46],"y":[0]},"t":114,"s":[5]},{"t":132,"s":[0]}],"ix":10},"p":{"a":0,"k":[89.67,104.28,0],"ix":2,"l":2},"a":{"a":0,"k":[32.699,58.486,0],"ix":1,"l":2},"s":{"a":1,"k":[{"i":{"x":[0,0,0],"y":[1,1,1]},"o":{"x":[0.167,0.167,0.167],"y":[0.167,0.167,16.667]},"t":94,"s":[0,0,100]},{"t":98,"s":[100,100,100]}],"ix":6,"l":2}},"ao":0,"shapes":[{"ty":"gr","it":[{"ty":"rc","d":1,"s":{"a":0,"k":[31.243,43.572],"ix":2},"p":{"a":0,"k":[0,0],"ix":3},"r":{"a":0,"k":20,"ix":4},"nm":"Rectangle Path 1","mn":"ADBE Vector Shape - Rect","hd":false},{"ty":"fl","c":{"a":0,"k":[0.920788933249,0.289872442507,0.289872442507,1],"ix":4},"o":{"a":0,"k":100,"ix":5},"r":1,"bm":0,"nm":"Fill 1","mn":"ADBE Vector Graphic - Fill","hd":false},{"ty":"tr","p":{"a":0,"k":[32.699,80.272],"ix":2},"a":{"a":0,"k":[0,0],"ix":1},"s":{"a":0,"k":[100,100],"ix":3},"r":{"a":0,"k":0,"ix":6},"o":{"a":0,"k":100,"ix":7},"sk":{"a":0,"k":0,"ix":4},"sa":{"a":0,"k":0,"ix":5},"nm":"Transform"}],"nm":"Rectangle 1","np":3,"cix":2,"bm":0,"ix":1,"mn":"ADBE Vector Group","hd":false}],"ip":94,"op":395,"st":94,"bm":0},{"ddd":0,"ind":7,"ty":4,"nm":"emoji_dead_1 Outlines","sr":1,"ks":{"o":{"a":0,"k":100,"ix":11},"r":{"a":1,"k":[{"i":{"x":[0.4],"y":[1]},"o":{"x":[0.6],"y":[0]},"t":75,"s":[0]},{"i":{"x":[0.5],"y":[1]},"o":{"x":[0.6],"y":[0]},"t":88,"s":[-9]},{"i":{"x":[0.5],"y":[1]},"o":{"x":[0.5],"y":[0]},"t":98,"s":[6]},{"i":{"x":[0.5],"y":[1]},"o":{"x":[0.5],"y":[0]},"t":113,"s":[-3]},{"t":131,"s":[0]}],"ix":10},"p":{"a":0,"k":[243,401,0],"ix":2,"l":2},"a":{"a":0,"k":[150.25,300.25,0],"ix":1,"l":2},"s":{"a":0,"k":[100,100,100],"ix":6,"l":2}},"ao":0,"shapes":[{"ty":"gr","it":[{"ind":0,"ty":"sh","ix":1,"ks":{"a":0,"k":{"i":[[82.727,0],[0,-82.709],[-82.7,0],[0,82.708]],"o":[[-82.7,0],[0,82.708],[82.727,0],[0,-82.709]],"v":[[0,-150],[-150,0],[0,150],[150,0]],"c":true},"ix":2},"nm":"Path 1","mn":"ADBE Vector Shape - Group","hd":false},{"ty":"fl","c":{"a":0,"k":[0.984000052658,0.819999964097,0.337000020345,1],"ix":4},"o":{"a":0,"k":100,"ix":5},"r":1,"bm":0,"nm":"Fill 1","mn":"ADBE Vector Graphic - Fill","hd":false},{"ty":"tr","p":{"a":0,"k":[150.25,150.25],"ix":2},"a":{"a":0,"k":[0,0],"ix":1},"s":{"a":0,"k":[100,100],"ix":3},"r":{"a":0,"k":0,"ix":6},"o":{"a":0,"k":100,"ix":7},"sk":{"a":0,"k":0,"ix":4},"sa":{"a":0,"k":0,"ix":5},"nm":"Transform"}],"nm":"Group 1","np":2,"cix":2,"bm":0,"ix":1,"mn":"ADBE Vector Group","hd":false}],"ip":-18,"op":283,"st":-18,"bm":0}],"markers":[]}