{"v":"5.7.4","fr":30,"ip":28,"op":119,"w":500,"h":500,"nm":"unicorn_20210305 2","ddd":0,"assets":[],"layers":[{"ddd":0,"ind":1,"ty":4,"nm":"Shape Layer 5","sr":1,"ks":{"o":{"a":1,"k":[{"i":{"x":[0],"y":[1]},"o":{"x":[0.167],"y":[0.167]},"t":57,"s":[100]},{"t":60,"s":[0]}],"ix":11},"r":{"a":1,"k":[{"i":{"x":[0],"y":[1]},"o":{"x":[0.167],"y":[0.167]},"t":47,"s":[0]},{"t":60,"s":[90]}],"ix":10},"p":{"a":0,"k":[118,126,0],"ix":2,"l":2},"a":{"a":0,"k":[-216,29.5,0],"ix":1,"l":2},"s":{"a":1,"k":[{"i":{"x":[0,0,0],"y":[1,1,1]},"o":{"x":[0.167,0.167,0.167],"y":[0.167,0.167,38.333]},"t":47,"s":[0,0,100]},{"t":60,"s":[230,230,100]}],"ix":6,"l":2}},"ao":0,"shapes":[{"ty":"gr","it":[{"ty":"sr","sy":1,"d":1,"pt":{"a":0,"k":4,"ix":3},"p":{"a":0,"k":[0,0],"ix":4},"r":{"a":0,"k":0,"ix":5},"ir":{"a":0,"k":10.008,"ix":6},"is":{"a":0,"k":0,"ix":8},"or":{"a":0,"k":20.016,"ix":7},"os":{"a":0,"k":0,"ix":9},"ix":1,"nm":"Polystar Path 1","mn":"ADBE Vector Shape - Star","hd":false},{"ty":"fl","c":{"a":0,"k":[1,1,1,1],"ix":4},"o":{"a":0,"k":100,"ix":5},"r":1,"bm":0,"nm":"Fill 1","mn":"ADBE Vector Graphic - Fill","hd":false},{"ty":"tr","p":{"a":0,"k":[-216,29.5],"ix":2},"a":{"a":0,"k":[0,0],"ix":1},"s":{"a":0,"k":[100,100],"ix":3},"r":{"a":0,"k":0,"ix":6},"o":{"a":0,"k":100,"ix":7},"sk":{"a":0,"k":0,"ix":4},"sa":{"a":0,"k":0,"ix":5},"nm":"Transform"}],"nm":"Polystar 1","np":3,"cix":2,"bm":0,"ix":1,"mn":"ADBE Vector Group","hd":false}],"ip":47,"op":60,"st":17,"bm":0},{"ddd":0,"ind":2,"ty":4,"nm":"Shape Layer 6","sr":1,"ks":{"o":{"a":1,"k":[{"i":{"x":[0],"y":[1]},"o":{"x":[0.167],"y":[0.167]},"t":69,"s":[100]},{"t":74,"s":[0]}],"ix":11},"r":{"a":1,"k":[{"i":{"x":[0],"y":[1]},"o":{"x":[0.167],"y":[0.167]},"t":61,"s":[0]},{"t":74,"s":[90]}],"ix":10},"p":{"a":0,"k":[392,287.5,0],"ix":2,"l":2},"a":{"a":0,"k":[-216,29.5,0],"ix":1,"l":2},"s":{"a":1,"k":[{"i":{"x":[0,0,0],"y":[1,1,1]},"o":{"x":[0.167,0.167,0.167],"y":[0.167,0.167,35]},"t":61,"s":[0,0,100]},{"t":74,"s":[210,210,100]}],"ix":6,"l":2}},"ao":0,"shapes":[{"ty":"gr","it":[{"ty":"sr","sy":1,"d":1,"pt":{"a":0,"k":4,"ix":3},"p":{"a":0,"k":[0,0],"ix":4},"r":{"a":0,"k":0,"ix":5},"ir":{"a":0,"k":10.008,"ix":6},"is":{"a":0,"k":0,"ix":8},"or":{"a":0,"k":20.016,"ix":7},"os":{"a":0,"k":0,"ix":9},"ix":1,"nm":"Polystar Path 1","mn":"ADBE Vector Shape - Star","hd":false},{"ty":"fl","c":{"a":0,"k":[1,1,1,1],"ix":4},"o":{"a":0,"k":100,"ix":5},"r":1,"bm":0,"nm":"Fill 1","mn":"ADBE Vector Graphic - Fill","hd":false},{"ty":"tr","p":{"a":0,"k":[-216,29.5],"ix":2},"a":{"a":0,"k":[0,0],"ix":1},"s":{"a":0,"k":[100,100],"ix":3},"r":{"a":0,"k":0,"ix":6},"o":{"a":0,"k":100,"ix":7},"sk":{"a":0,"k":0,"ix":4},"sa":{"a":0,"k":0,"ix":5},"nm":"Transform"}],"nm":"Polystar 1","np":3,"cix":2,"bm":0,"ix":1,"mn":"ADBE Vector Group","hd":false}],"ip":61,"op":74,"st":31,"bm":0},{"ddd":0,"ind":3,"ty":4,"nm":"Shape Layer 4","sr":1,"ks":{"o":{"a":1,"k":[{"i":{"x":[0],"y":[1]},"o":{"x":[0.167],"y":[0.167]},"t":60,"s":[100]},{"t":65,"s":[0]}],"ix":11},"r":{"a":1,"k":[{"i":{"x":[0],"y":[1]},"o":{"x":[0.167],"y":[0.167]},"t":52,"s":[0]},{"t":65,"s":[90]}],"ix":10},"p":{"a":0,"k":[330,147,0],"ix":2,"l":2},"a":{"a":0,"k":[-216,29.5,0],"ix":1,"l":2},"s":{"a":1,"k":[{"i":{"x":[0,0,0],"y":[1,1,1]},"o":{"x":[0.167,0.167,0.167],"y":[0.167,0.167,30]},"t":52,"s":[0,0,100]},{"t":65,"s":[180,180,100]}],"ix":6,"l":2}},"ao":0,"shapes":[{"ty":"gr","it":[{"ty":"sr","sy":1,"d":1,"pt":{"a":0,"k":4,"ix":3},"p":{"a":0,"k":[0,0],"ix":4},"r":{"a":0,"k":0,"ix":5},"ir":{"a":0,"k":10.008,"ix":6},"is":{"a":0,"k":0,"ix":8},"or":{"a":0,"k":20.016,"ix":7},"os":{"a":0,"k":0,"ix":9},"ix":1,"nm":"Polystar Path 1","mn":"ADBE Vector Shape - Star","hd":false},{"ty":"fl","c":{"a":0,"k":[1,1,1,1],"ix":4},"o":{"a":0,"k":100,"ix":5},"r":1,"bm":0,"nm":"Fill 1","mn":"ADBE Vector Graphic - Fill","hd":false},{"ty":"tr","p":{"a":0,"k":[-216,29.5],"ix":2},"a":{"a":0,"k":[0,0],"ix":1},"s":{"a":0,"k":[100,100],"ix":3},"r":{"a":0,"k":0,"ix":6},"o":{"a":0,"k":100,"ix":7},"sk":{"a":0,"k":0,"ix":4},"sa":{"a":0,"k":0,"ix":5},"nm":"Transform"}],"nm":"Polystar 1","np":3,"cix":2,"bm":0,"ix":1,"mn":"ADBE Vector Group","hd":false}],"ip":52,"op":65,"st":22,"bm":0},{"ddd":0,"ind":4,"ty":4,"nm":"Unicorn_9 highlights","parent":8,"sr":1,"ks":{"o":{"a":1,"k":[{"i":{"x":[0.833],"y":[0.833]},"o":{"x":[0.167],"y":[0.167]},"t":49,"s":[0]},{"t":57,"s":[58]}],"ix":11},"r":{"a":0,"k":0,"ix":10},"p":{"a":0,"k":[51.539,128.217,0],"ix":2,"l":2},"a":{"a":0,"k":[134.251,129.533,0],"ix":1,"l":2},"s":{"a":0,"k":[100,100,100],"ix":6,"l":2}},"ao":0,"shapes":[{"ty":"gr","it":[{"ind":0,"ty":"sh","ix":1,"ks":{"a":0,"k":{"i":[[1.439,3.023],[-22.381,32.754],[13.776,31.176],[13.125,13.549],[-6.691,-15.143],[19.937,-29.364],[0,0],[-5.051,-4.085]],"o":[[0,0],[19.938,-29.362],[-8.5,-19.236],[10.484,12.138],[13.775,31.175],[-22.382,32.752],[3.603,7.563],[-1.746,-2.417]],"v":[[-27.143,77.825],[24.17,54.078],[20.893,-34.627],[-15.052,-85.74],[12.433,-43.907],[15.709,44.8],[-35.604,68.545],[-22.233,85.739]],"c":true},"ix":2},"nm":"Path 1","mn":"ADBE Vector Shape - Group","hd":false},{"ind":1,"ty":"sh","ix":2,"ks":{"a":0,"k":{"i":[[0,0],[-27.606,-9.839],[-19.241,-8.19],[-1.504,-1.009],[5.339,1.456],[0,0],[0,0],[0,0],[-4.647,-3.827],[-0.159,-0.107]],"o":[[0,0],[0,0],[1.817,0.773],[-2.52,-4.156],[-15.033,-4.1],[0,0],[-27.606,-9.84],[0,0],[0.147,0.121],[-2.943,-4.106]],"v":[[-137.618,-142.423],[-105.093,-157.456],[-75.916,-165.62],[-70.82,-163.281],[-82.295,-172.616],[-106.827,-161.719],[-111.473,-164.452],[-143.998,-149.419],[-132.792,-134.386],[-132.243,-134.176]],"c":true},"ix":2},"nm":"Path 2","mn":"ADBE Vector Shape - Group","hd":false},{"ind":2,"ty":"sh","ix":3,"ks":{"a":0,"k":{"i":[[0,0],[-24.244,-11.624],[-2.43,-1.886],[7.312,3.506],[8.187,-6.159]],"o":[[0,0],[3.141,1.506],[-3.643,-5.416],[-17.754,-8.511],[2.374,6.662]],"v":[[-39.661,-129.846],[8.664,-141.802],[16.976,-136.687],[0.911,-150.304],[-42.599,-142.324]],"c":true},"ix":2},"nm":"Path 3","mn":"ADBE Vector Shape - Group","hd":false},{"ind":3,"ty":"sh","ix":4,"ks":{"a":0,"k":{"i":[[8.8,-0.566],[0.271,-0.878],[0,0],[-13.05,-8.337],[-1.017,-0.809],[4.666,2.981]],"o":[[-0.247,0.872],[0,0],[0,0],[1.094,0.698],[-3.053,-4.615],[-7.523,-4.807]],"v":[[21.277,-79.645],[20.604,-77.047],[18.428,-69.072],[57.941,-65.809],[60.864,-63.249],[49.479,-75.088]],"c":true},"ix":2},"nm":"Path 4","mn":"ADBE Vector Shape - Group","hd":false},{"ind":4,"ty":"sh","ix":5,"ks":{"a":0,"k":{"i":[[-7.824,-18.378],[0,0],[-4.731,4.913]],"o":[[0,0],[0,0],[0,0]],"v":[[-211.773,-166.709],[-182.478,-107.936],[-171.742,-111.393]],"c":true},"ix":2},"nm":"Path 5","mn":"ADBE Vector Shape - Group","hd":false},{"ty":"fl","c":{"a":0,"k":[1,1,1,1],"ix":4},"o":{"a":0,"k":100,"ix":5},"r":1,"bm":0,"nm":"Fill 1","mn":"ADBE Vector Graphic - Fill","hd":false},{"ty":"tr","p":{"a":0,"k":[207.638,173.326],"ix":2},"a":{"a":0,"k":[0,0],"ix":1},"s":{"a":0,"k":[100,100],"ix":3},"r":{"a":0,"k":0,"ix":6},"o":{"a":0,"k":100,"ix":7},"sk":{"a":0,"k":0,"ix":4},"sa":{"a":0,"k":0,"ix":5},"nm":"Transform"}],"nm":"Group 1","np":6,"cix":2,"bm":0,"ix":1,"mn":"ADBE Vector Group","hd":false}],"ip":49,"op":181,"st":0,"bm":0},{"ddd":0,"ind":5,"ty":4,"nm":"cuerno","sr":1,"ks":{"o":{"a":0,"k":100,"ix":11},"r":{"a":0,"k":0,"ix":10},"p":{"a":0,"k":[174.65,167.959,0],"ix":2,"l":2},"a":{"a":0,"k":[-69.573,-85.237,0],"ix":1,"l":2},"s":{"a":1,"k":[{"i":{"x":[0.4,0.4,0.4],"y":[1,1,1]},"o":{"x":[0.167,0.167,0.167],"y":[0.167,0.167,16.667]},"t":47,"s":[0,0,100]},{"t":50,"s":[100,100,100]}],"ix":6,"l":2}},"ao":0,"shapes":[{"ty":"gr","it":[{"ind":0,"ty":"sh","ix":1,"ks":{"a":1,"k":[{"i":{"x":0.833,"y":0.833},"o":{"x":0.6,"y":0},"t":50,"s":[{"i":[[4.67,-4.381],[-4.387,-7.93],[0,0],[-13.257,16.342],[0,0],[9.276,7.497]],"o":[[-4.67,4.381],[14.302,25.854],[0,0],[12.609,-15.543],[0,0],[-5.089,-4.113]],"v":[[-133.223,-154.33],[-136.583,-136.51],[-97.935,-69.34],[-71.773,-74.662],[-63.637,-101.886],[-116.23,-151.907]],"c":true}]},{"i":{"x":0.4,"y":1},"o":{"x":0.167,"y":0.167},"t":53,"s":[{"i":[[4.712,-4.332],[-4.306,-7.971],[0,0],[-10.858,12.931],[0,0],[9.198,7.587]],"o":[[-4.712,4.332],[14.038,25.987],[0,0],[12.865,-15.322],[0,0],[-5.046,-4.162]],"v":[[-132.495,-155.878],[-136.032,-138.099],[-98.071,-70.569],[-71.865,-75.627],[-63.46,-102.759],[-115.533,-153.287]],"c":true}]},{"t":60,"s":[{"i":[[5,-4],[-3.75,-8.25],[0,0],[-14.5,15.25],[0,0],[8.658,8.203]],"o":[[-5,4],[12.226,26.898],[0,0],[13.791,-14.504],[0,0],[-4.75,-4.5]],"v":[[-127.5,-166.5],[-132.25,-149],[-99,-79],[-72.5,-82.25],[-62.25,-108.75],[-110.75,-162.75]],"c":true}]}],"ix":2},"nm":"Path 1","mn":"ADBE Vector Shape - Group","hd":false},{"ty":"st","c":{"a":0,"k":[0.854902020623,0.847058883368,0.839215746113,1],"ix":3},"o":{"a":0,"k":100,"ix":4},"w":{"a":0,"k":12,"ix":5},"lc":1,"lj":1,"ml":4,"bm":0,"nm":"Stroke 1","mn":"ADBE Vector Graphic - Stroke","hd":false},{"ty":"tr","p":{"a":0,"k":[0,0],"ix":2},"a":{"a":0,"k":[0,0],"ix":1},"s":{"a":0,"k":[100,100],"ix":3},"r":{"a":0,"k":0,"ix":6},"o":{"a":0,"k":100,"ix":7},"sk":{"a":0,"k":0,"ix":4},"sa":{"a":0,"k":0,"ix":5},"nm":"Transform"}],"nm":"Shape 1","np":3,"cix":2,"bm":0,"ix":1,"mn":"ADBE Vector Group","hd":false}],"ip":47,"op":181,"st":0,"bm":0},{"ddd":0,"ind":6,"ty":4,"nm":"Shape Layer 2","td":1,"sr":1,"ks":{"o":{"a":0,"k":100,"ix":11},"r":{"a":0,"k":0,"ix":10},"p":{"a":0,"k":[250,250,0],"ix":2,"l":2},"a":{"a":0,"k":[0,0,0],"ix":1,"l":2},"s":{"a":0,"k":[100,100,100],"ix":6,"l":2}},"ao":0,"shapes":[{"ty":"gr","it":[{"ind":0,"ty":"sh","ix":1,"ks":{"a":1,"k":[{"i":{"x":0.4,"y":1},"o":{"x":0.6,"y":0},"t":47,"s":[{"i":[[11.75,0.75],[0,0],[13,-4],[0,0],[-5.75,-0.75],[0,0],[-42.25,0.5],[0,0],[1.526,-90.055],[0,0],[-13.5,3],[0,0],[0,0],[-3.5,10.5],[-0.5,16.5],[0,0],[11.086,20.727],[0,0],[21.348,17.603],[0,0]],"o":[[-20.745,-1.324],[0,0],[-13.458,4.141],[0,0],[5.02,0.655],[0,0],[14.869,-0.176],[0,0],[-1,59],[0,0],[18.707,-4.157],[0,0],[0,0],[3.5,-10.5],[0.5,-16.5],[0,0],[-11.5,-21.5],[0,0],[-14.25,-11.75],[0,0]],"v":[[11.25,-138.75],[-19.25,-129.5],[-40,-130],[-54.5,-110],[-47.25,-107.25],[-32.25,-108.25],[8.75,-138.25],[26,-94.5],[95.5,46],[58,90],[75.5,97],[97,82],[114.25,88.25],[102.5,66.5],[117,38.25],[103,12],[107,-26],[76.5,-47.5],[60.25,-90.25],[27,-101.5]],"c":true}]},{"i":{"x":0.4,"y":1},"o":{"x":0.6,"y":0},"t":50,"s":[{"i":[[26.25,2.25],[0,0],[20,-9.75],[0,0],[-12.839,-7.757],[0,0],[-42.25,0.5],[0,0],[3.5,-90],[0,0],[-41.273,1.587],[0,0],[-10.25,1.75],[-5.5,13],[-0.5,16.5],[0,0],[21.554,39.704],[0,0],[39.75,26.25],[0,0]],"o":[[-20.712,-1.775],[0,0],[-12.656,6.17],[0,0],[12,7.25],[0,0],[14.869,-0.176],[0,0],[-1.868,48.029],[0,0],[26,-1],[0,0],[-4.75,-9.25],[5.523,-9.592],[0.5,-16.5],[0,0],[-19,-35],[0,0],[-32.131,-21.219],[0,0]],"v":[[6.75,-174.25],[-24.25,-158],[-62,-156],[-71,-125.5],[-53.25,-109.25],[-32.25,-108.25],[19.25,-141.75],[26,-94.5],[95.5,46],[39,87],[85.5,126],[123,104],[149.25,116.25],[143.5,79.5],[166,37.75],[151.5,8],[167.5,-52.5],[120,-78.5],[100.75,-147.75],[40,-149]],"c":true}]},{"t":53,"s":[{"i":[[26.25,2.25],[0,0],[20,-9.75],[0,0],[-12.839,-7.757],[0,0],[-42.25,0.5],[0,0],[3.5,-90],[0,0],[-41,5],[0,0],[0,0],[-3.5,10.5],[-0.5,16.5],[0,0],[15.299,33.331],[0,0],[32.25,21.25],[0,0]],"o":[[-20.712,-1.775],[0,0],[-12.656,6.17],[0,0],[12,7.25],[0,0],[14.869,-0.176],[0,0],[-1.868,48.029],[0,0],[23.327,-2.845],[0,0],[0,0],[3.5,-10.5],[0.5,-16.5],[0,0],[-14,-30.5],[0,0],[-32.153,-21.186],[0,0]],"v":[[6.75,-165.25],[-21.25,-148.5],[-59,-150.5],[-71,-125.5],[-53.25,-109.25],[-32.25,-108.25],[19.25,-141.75],[26,-94.5],[95.5,46],[39,87],[87,115.5],[122,85],[132.25,96.25],[137,70],[157.5,35.25],[137,7.5],[160.5,-47],[105,-67],[96.75,-138.75],[34.5,-135]],"c":true}]}],"ix":2},"nm":"Path 1","mn":"ADBE Vector Shape - Group","hd":false},{"ind":1,"ty":"sh","ix":2,"ks":{"a":1,"k":[{"i":{"x":0.4,"y":1},"o":{"x":0.6,"y":0},"t":47,"s":[{"i":[[11.75,0.75],[0,0],[13,-4],[0,0],[-5.75,-0.75],[0,0],[-42.25,0.5],[0,0],[1.526,-90.055],[0,0],[-13.5,3],[0,0],[0,0],[-3.5,10.5],[-0.5,16.5],[0,0],[11.086,20.727],[0,0],[21.348,17.603],[0,0]],"o":[[-20.745,-1.324],[0,0],[-13.458,4.141],[0,0],[5.02,0.655],[0,0],[14.869,-0.176],[0,0],[-1,59],[0,0],[18.707,-4.157],[0,0],[0,0],[3.5,-10.5],[0.5,-16.5],[0,0],[-11.5,-21.5],[0,0],[-14.25,-11.75],[0,0]],"v":[[11.25,-138.75],[-19.25,-129.5],[-40,-130],[-54.5,-110],[-47.25,-107.25],[-32.25,-108.25],[8.75,-138.25],[26,-94.5],[95.5,46],[58,90],[75.5,97],[97,82],[114.25,88.25],[102.5,66.5],[117,38.25],[103,12],[107,-26],[76.5,-47.5],[60.25,-90.25],[27,-101.5]],"c":true}]},{"i":{"x":0.4,"y":1},"o":{"x":0.6,"y":0},"t":50,"s":[{"i":[[26.25,2.25],[0,0],[20,-9.75],[0,0],[-12.839,-7.757],[0,0],[-42.25,0.5],[0,0],[3.5,-90],[0,0],[-41.273,1.587],[0,0],[-10.25,1.75],[-5.5,13],[-0.5,16.5],[0,0],[21.554,39.704],[0,0],[39.75,26.25],[0,0]],"o":[[-20.712,-1.775],[0,0],[-12.656,6.17],[0,0],[12,7.25],[0,0],[14.869,-0.176],[0,0],[-1.868,48.029],[0,0],[26,-1],[0,0],[-4.75,-9.25],[5.523,-9.592],[0.5,-16.5],[0,0],[-19,-35],[0,0],[-32.131,-21.219],[0,0]],"v":[[6.75,-174.25],[-24.25,-158],[-62,-156],[-71,-125.5],[-53.25,-109.25],[-32.25,-108.25],[19.25,-141.75],[26,-94.5],[95.5,46],[39,87],[85.5,126],[123,104],[149.25,116.25],[143.5,79.5],[166,37.75],[151.5,8],[167.5,-52.5],[120,-78.5],[100.75,-147.75],[40,-149]],"c":true}]},{"t":53,"s":[{"i":[[26.25,2.25],[0,0],[20,-9.75],[0,0],[-12.839,-7.757],[0,0],[-42.25,0.5],[0,0],[3.5,-90],[0,0],[-41,5],[0,0],[0,0],[-3.5,10.5],[-0.5,16.5],[0,0],[15.299,33.331],[0,0],[32.25,21.25],[0,0]],"o":[[-20.712,-1.775],[0,0],[-12.656,6.17],[0,0],[12,7.25],[0,0],[14.869,-0.176],[0,0],[-1.868,48.029],[0,0],[23.327,-2.845],[0,0],[0,0],[3.5,-10.5],[0.5,-16.5],[0,0],[-14,-30.5],[0,0],[-32.153,-21.186],[0,0]],"v":[[6.75,-165.25],[-21.25,-148.5],[-59,-150.5],[-71,-125.5],[-53.25,-109.25],[-32.25,-108.25],[19.25,-141.75],[26,-94.5],[95.5,46],[39,87],[87,115.5],[122,85],[132.25,96.25],[137,70],[157.5,35.25],[137,7.5],[160.5,-47],[105,-67],[96.75,-138.75],[34.5,-135]],"c":true}]}],"ix":2},"nm":"Path 3","mn":"ADBE Vector Shape - Group","hd":false},{"ind":2,"ty":"sh","ix":3,"ks":{"a":1,"k":[{"i":{"x":0.4,"y":1},"o":{"x":0.6,"y":0},"t":47,"s":[{"i":[[2.489,-2.334],[-2.338,-4.226],[0,0],[-7.065,8.709],[0,0],[4.943,3.995]],"o":[[-2.489,2.334],[7.622,13.778],[0,0],[6.719,-8.283],[0,0],[-2.712,-2.192]],"v":[[-109.52,-119.166],[-111.311,-109.669],[-90.714,-73.873],[-76.772,-76.709],[-72.436,-91.217],[-100.464,-117.875]],"c":true}]},{"i":{"x":0.833,"y":0.833},"o":{"x":0.6,"y":0},"t":50,"s":[{"i":[[4.67,-4.381],[-4.387,-7.93],[0,0],[-13.257,16.342],[0,0],[9.276,7.497]],"o":[[-4.67,4.381],[14.302,25.854],[0,0],[12.609,-15.543],[0,0],[-5.089,-4.113]],"v":[[-138.223,-151.33],[-141.583,-133.51],[-102.935,-66.34],[-76.773,-71.662],[-68.637,-98.886],[-121.23,-148.907]],"c":true}]},{"i":{"x":0.4,"y":1},"o":{"x":0.167,"y":0.167},"t":53,"s":[{"i":[[4.712,-4.332],[-4.306,-7.971],[0,0],[-10.858,12.931],[0,0],[9.198,7.587]],"o":[[-4.712,4.332],[14.038,25.987],[0,0],[12.865,-15.322],[0,0],[-5.046,-4.162]],"v":[[-137.495,-152.878],[-141.032,-135.099],[-103.071,-67.569],[-76.865,-72.627],[-68.46,-99.759],[-120.533,-150.287]],"c":true}]},{"t":60,"s":[{"i":[[5.04,-3.949],[-3.667,-8.287],[0,0],[-14.653,15.103],[0,0],[8.575,8.289]],"o":[[-5.04,3.949],[11.955,27.02],[0,0],[13.936,-14.365],[0,0],[-4.704,-4.548]],"v":[[-132.518,-163.801],[-137.444,-146.35],[-104.9,-76.019],[-78.369,-79.002],[-67.852,-105.397],[-115.807,-159.883]],"c":true}]}],"ix":2},"nm":"Path 2","mn":"ADBE Vector Shape - Group","hd":false},{"ty":"fl","c":{"a":0,"k":[0.188235309077,0.176470588235,0.16862745098,1],"ix":4},"o":{"a":0,"k":100,"ix":5},"r":1,"bm":0,"nm":"Fill 1","mn":"ADBE Vector Graphic - Fill","hd":false},{"ty":"tr","p":{"a":0,"k":[0,0],"ix":2},"a":{"a":0,"k":[0,0],"ix":1},"s":{"a":0,"k":[100,100],"ix":3},"r":{"a":0,"k":0,"ix":6},"o":{"a":0,"k":100,"ix":7},"sk":{"a":0,"k":0,"ix":4},"sa":{"a":0,"k":0,"ix":5},"nm":"Transform"}],"nm":"Shape 1","np":5,"cix":2,"bm":0,"ix":1,"mn":"ADBE Vector Group","hd":false}],"ip":46,"op":181,"st":0,"bm":0},{"ddd":0,"ind":7,"ty":4,"nm":"Unicorn_2_rainbow","tt":1,"sr":1,"ks":{"o":{"a":0,"k":100,"ix":11},"r":{"a":0,"k":50,"ix":10},"p":{"a":1,"k":[{"i":{"x":0.833,"y":0.833},"o":{"x":0.167,"y":0.167},"t":49,"s":[270.959,163.5,0],"to":[-13.774,-17.058,0],"ti":[34.251,42.417,0]},{"t":150,"s":[186.541,58.957,0]}],"ix":2,"l":2},"a":{"a":0,"k":[152.33,109.407,0],"ix":1,"l":2},"s":{"a":0,"k":[100,100,100],"ix":6,"l":2}},"ao":0,"shapes":[{"ty":"gr","it":[{"ind":0,"ty":"sh","ix":1,"ks":{"a":0,"k":{"i":[[0,0],[0,0],[0,0],[0,0]],"o":[[0,0],[0,0],[0,0],[0,0]],"v":[[10.603,109.066],[-9.622,109.158],[-10.603,-109.066],[9.621,-109.158]],"c":true},"ix":2},"nm":"Path 1","mn":"ADBE Vector Shape - Group","hd":false},{"ty":"fl","c":{"a":0,"k":[0.322000002394,0.694000004787,0.862999949736,1],"ix":4},"o":{"a":0,"k":100,"ix":5},"r":1,"bm":0,"nm":"Fill 1","mn":"ADBE Vector Graphic - Fill","hd":false},{"ty":"tr","p":{"a":0,"k":[293.807,109.408],"ix":2},"a":{"a":0,"k":[0,0],"ix":1},"s":{"a":0,"k":[100,100],"ix":3},"r":{"a":0,"k":0,"ix":6},"o":{"a":0,"k":100,"ix":7},"sk":{"a":0,"k":0,"ix":4},"sa":{"a":0,"k":0,"ix":5},"nm":"Transform"}],"nm":"Group 1","np":2,"cix":2,"bm":0,"ix":1,"mn":"ADBE Vector Group","hd":false},{"ty":"gr","it":[{"ind":0,"ty":"sh","ix":1,"ks":{"a":0,"k":{"i":[[0,0],[0,0],[0,0],[0,0]],"o":[[0,0],[0,0],[0,0],[0,0]],"v":[[10.603,109.066],[-9.622,109.158],[-10.603,-109.066],[9.622,-109.158]],"c":true},"ix":2},"nm":"Path 1","mn":"ADBE Vector Shape - Group","hd":false},{"ty":"fl","c":{"a":0,"k":[0.337000020345,0.361000001197,0.532999973671,1],"ix":4},"o":{"a":0,"k":100,"ix":5},"r":1,"bm":0,"nm":"Fill 1","mn":"ADBE Vector Graphic - Fill","hd":false},{"ty":"tr","p":{"a":0,"k":[273.684,109.408],"ix":2},"a":{"a":0,"k":[0,0],"ix":1},"s":{"a":0,"k":[100,100],"ix":3},"r":{"a":0,"k":0,"ix":6},"o":{"a":0,"k":100,"ix":7},"sk":{"a":0,"k":0,"ix":4},"sa":{"a":0,"k":0,"ix":5},"nm":"Transform"}],"nm":"Group 2","np":2,"cix":2,"bm":0,"ix":2,"mn":"ADBE Vector Group","hd":false},{"ty":"gr","it":[{"ind":0,"ty":"sh","ix":1,"ks":{"a":0,"k":{"i":[[0,0],[0,0],[0,0],[0,0]],"o":[[0,0],[0,0],[0,0],[0,0]],"v":[[10.603,109.066],[-9.622,109.158],[-10.603,-109.066],[9.621,-109.158]],"c":true},"ix":2},"nm":"Path 1","mn":"ADBE Vector Shape - Group","hd":false},{"ty":"fl","c":{"a":0,"k":[0.925,0,0.54900004069,1],"ix":4},"o":{"a":0,"k":100,"ix":5},"r":1,"bm":0,"nm":"Fill 1","mn":"ADBE Vector Graphic - Fill","hd":false},{"ty":"tr","p":{"a":0,"k":[253.46,109.408],"ix":2},"a":{"a":0,"k":[0,0],"ix":1},"s":{"a":0,"k":[100,100],"ix":3},"r":{"a":0,"k":0,"ix":6},"o":{"a":0,"k":100,"ix":7},"sk":{"a":0,"k":0,"ix":4},"sa":{"a":0,"k":0,"ix":5},"nm":"Transform"}],"nm":"Group 3","np":2,"cix":2,"bm":0,"ix":3,"mn":"ADBE Vector Group","hd":false},{"ty":"gr","it":[{"ind":0,"ty":"sh","ix":1,"ks":{"a":0,"k":{"i":[[0,0],[0,0],[0,0],[0,0]],"o":[[0,0],[0,0],[0,0],[0,0]],"v":[[10.603,109.066],[-9.622,109.158],[-10.603,-109.066],[9.622,-109.158]],"c":true},"ix":2},"nm":"Path 1","mn":"ADBE Vector Shape - Group","hd":false},{"ty":"fl","c":{"a":0,"k":[0.987999949736,0.819999964097,0.340999977261,1],"ix":4},"o":{"a":0,"k":100,"ix":5},"r":1,"bm":0,"nm":"Fill 1","mn":"ADBE Vector Graphic - Fill","hd":false},{"ty":"tr","p":{"a":0,"k":[233.236,109.408],"ix":2},"a":{"a":0,"k":[0,0],"ix":1},"s":{"a":0,"k":[100,100],"ix":3},"r":{"a":0,"k":0,"ix":6},"o":{"a":0,"k":100,"ix":7},"sk":{"a":0,"k":0,"ix":4},"sa":{"a":0,"k":0,"ix":5},"nm":"Transform"}],"nm":"Group 4","np":2,"cix":2,"bm":0,"ix":4,"mn":"ADBE Vector Group","hd":false},{"ty":"gr","it":[{"ind":0,"ty":"sh","ix":1,"ks":{"a":0,"k":{"i":[[0,0],[0,0],[0,0],[0,0]],"o":[[0,0],[0,0],[0,0],[0,0]],"v":[[10.603,109.066],[-9.622,109.158],[-10.603,-109.066],[9.622,-109.158]],"c":true},"ix":2},"nm":"Path 1","mn":"ADBE Vector Shape - Group","hd":false},{"ty":"fl","c":{"a":0,"k":[0.583999992819,0.732999973671,0.289999988032,1],"ix":4},"o":{"a":0,"k":100,"ix":5},"r":1,"bm":0,"nm":"Fill 1","mn":"ADBE Vector Graphic - Fill","hd":false},{"ty":"tr","p":{"a":0,"k":[213.011,109.408],"ix":2},"a":{"a":0,"k":[0,0],"ix":1},"s":{"a":0,"k":[100,100],"ix":3},"r":{"a":0,"k":0,"ix":6},"o":{"a":0,"k":100,"ix":7},"sk":{"a":0,"k":0,"ix":4},"sa":{"a":0,"k":0,"ix":5},"nm":"Transform"}],"nm":"Group 5","np":2,"cix":2,"bm":0,"ix":5,"mn":"ADBE Vector Group","hd":false},{"ty":"gr","it":[{"ind":0,"ty":"sh","ix":1,"ks":{"a":0,"k":{"i":[[0,0],[0,0],[0,0],[0,0]],"o":[[0,0],[0,0],[0,0],[0,0]],"v":[[10.603,109.066],[-9.622,109.158],[-10.603,-109.066],[9.621,-109.158]],"c":true},"ix":2},"nm":"Path 1","mn":"ADBE Vector Shape - Group","hd":false},{"ty":"fl","c":{"a":0,"k":[0.322000002394,0.694000004787,0.862999949736,1],"ix":4},"o":{"a":0,"k":100,"ix":5},"r":1,"bm":0,"nm":"Fill 1","mn":"ADBE Vector Graphic - Fill","hd":false},{"ty":"tr","p":{"a":0,"k":[192.728,109.408],"ix":2},"a":{"a":0,"k":[0,0],"ix":1},"s":{"a":0,"k":[100,100],"ix":3},"r":{"a":0,"k":0,"ix":6},"o":{"a":0,"k":100,"ix":7},"sk":{"a":0,"k":0,"ix":4},"sa":{"a":0,"k":0,"ix":5},"nm":"Transform"}],"nm":"Group 6","np":2,"cix":2,"bm":0,"ix":6,"mn":"ADBE Vector Group","hd":false},{"ty":"gr","it":[{"ind":0,"ty":"sh","ix":1,"ks":{"a":0,"k":{"i":[[0,0],[0,0],[0,0],[0,0]],"o":[[0,0],[0,0],[0,0],[0,0]],"v":[[10.603,109.066],[-9.622,109.158],[-10.603,-109.066],[9.622,-109.158]],"c":true},"ix":2},"nm":"Path 1","mn":"ADBE Vector Shape - Group","hd":false},{"ty":"fl","c":{"a":0,"k":[0.337000020345,0.361000001197,0.532999973671,1],"ix":4},"o":{"a":0,"k":100,"ix":5},"r":1,"bm":0,"nm":"Fill 1","mn":"ADBE Vector Graphic - Fill","hd":false},{"ty":"tr","p":{"a":0,"k":[172.605,109.408],"ix":2},"a":{"a":0,"k":[0,0],"ix":1},"s":{"a":0,"k":[100,100],"ix":3},"r":{"a":0,"k":0,"ix":6},"o":{"a":0,"k":100,"ix":7},"sk":{"a":0,"k":0,"ix":4},"sa":{"a":0,"k":0,"ix":5},"nm":"Transform"}],"nm":"Group 7","np":2,"cix":2,"bm":0,"ix":7,"mn":"ADBE Vector Group","hd":false},{"ty":"gr","it":[{"ind":0,"ty":"sh","ix":1,"ks":{"a":0,"k":{"i":[[0,0],[0,0],[0,0],[0,0]],"o":[[0,0],[0,0],[0,0],[0,0]],"v":[[10.603,109.066],[-9.622,109.158],[-10.603,-109.066],[9.621,-109.158]],"c":true},"ix":2},"nm":"Path 1","mn":"ADBE Vector Shape - Group","hd":false},{"ty":"fl","c":{"a":0,"k":[0.925,0,0.54900004069,1],"ix":4},"o":{"a":0,"k":100,"ix":5},"r":1,"bm":0,"nm":"Fill 1","mn":"ADBE Vector Graphic - Fill","hd":false},{"ty":"tr","p":{"a":0,"k":[152.381,109.408],"ix":2},"a":{"a":0,"k":[0,0],"ix":1},"s":{"a":0,"k":[100,100],"ix":3},"r":{"a":0,"k":0,"ix":6},"o":{"a":0,"k":100,"ix":7},"sk":{"a":0,"k":0,"ix":4},"sa":{"a":0,"k":0,"ix":5},"nm":"Transform"}],"nm":"Group 8","np":2,"cix":2,"bm":0,"ix":8,"mn":"ADBE Vector Group","hd":false},{"ty":"gr","it":[{"ind":0,"ty":"sh","ix":1,"ks":{"a":0,"k":{"i":[[0,0],[0,0],[0,0],[0,0]],"o":[[0,0],[0,0],[0,0],[0,0]],"v":[[10.603,109.066],[-9.622,109.158],[-10.603,-109.066],[9.622,-109.158]],"c":true},"ix":2},"nm":"Path 1","mn":"ADBE Vector Shape - Group","hd":false},{"ty":"fl","c":{"a":0,"k":[0.987999949736,0.819999964097,0.340999977261,1],"ix":4},"o":{"a":0,"k":100,"ix":5},"r":1,"bm":0,"nm":"Fill 1","mn":"ADBE Vector Graphic - Fill","hd":false},{"ty":"tr","p":{"a":0,"k":[132.157,109.408],"ix":2},"a":{"a":0,"k":[0,0],"ix":1},"s":{"a":0,"k":[100,100],"ix":3},"r":{"a":0,"k":0,"ix":6},"o":{"a":0,"k":100,"ix":7},"sk":{"a":0,"k":0,"ix":4},"sa":{"a":0,"k":0,"ix":5},"nm":"Transform"}],"nm":"Group 9","np":2,"cix":2,"bm":0,"ix":9,"mn":"ADBE Vector Group","hd":false},{"ty":"gr","it":[{"ind":0,"ty":"sh","ix":1,"ks":{"a":0,"k":{"i":[[0,0],[0,0],[0,0],[0,0]],"o":[[0,0],[0,0],[0,0],[0,0]],"v":[[10.603,109.066],[-9.621,109.158],[-10.603,-109.066],[9.622,-109.158]],"c":true},"ix":2},"nm":"Path 1","mn":"ADBE Vector Shape - Group","hd":false},{"ty":"fl","c":{"a":0,"k":[0.583999992819,0.732999973671,0.289999988032,1],"ix":4},"o":{"a":0,"k":100,"ix":5},"r":1,"bm":0,"nm":"Fill 1","mn":"ADBE Vector Graphic - Fill","hd":false},{"ty":"tr","p":{"a":0,"k":[111.932,109.408],"ix":2},"a":{"a":0,"k":[0,0],"ix":1},"s":{"a":0,"k":[100,100],"ix":3},"r":{"a":0,"k":0,"ix":6},"o":{"a":0,"k":100,"ix":7},"sk":{"a":0,"k":0,"ix":4},"sa":{"a":0,"k":0,"ix":5},"nm":"Transform"}],"nm":"Group 10","np":2,"cix":2,"bm":0,"ix":10,"mn":"ADBE Vector Group","hd":false},{"ty":"gr","it":[{"ind":0,"ty":"sh","ix":1,"ks":{"a":0,"k":{"i":[[0,0],[0,0],[0,0],[0,0]],"o":[[0,0],[0,0],[0,0],[0,0]],"v":[[10.603,109.066],[-9.622,109.158],[-10.603,-109.066],[9.622,-109.158]],"c":true},"ix":2},"nm":"Path 1","mn":"ADBE Vector Shape - Group","hd":false},{"ty":"fl","c":{"a":0,"k":[0.322000002394,0.694000004787,0.862999949736,1],"ix":4},"o":{"a":0,"k":100,"ix":5},"r":1,"bm":0,"nm":"Fill 1","mn":"ADBE Vector Graphic - Fill","hd":false},{"ty":"tr","p":{"a":0,"k":[91.648,109.408],"ix":2},"a":{"a":0,"k":[0,0],"ix":1},"s":{"a":0,"k":[100,100],"ix":3},"r":{"a":0,"k":0,"ix":6},"o":{"a":0,"k":100,"ix":7},"sk":{"a":0,"k":0,"ix":4},"sa":{"a":0,"k":0,"ix":5},"nm":"Transform"}],"nm":"Group 11","np":2,"cix":2,"bm":0,"ix":11,"mn":"ADBE Vector Group","hd":false},{"ty":"gr","it":[{"ind":0,"ty":"sh","ix":1,"ks":{"a":0,"k":{"i":[[0,0],[0,0],[0,0],[0,0]],"o":[[0,0],[0,0],[0,0],[0,0]],"v":[[10.603,109.066],[-9.622,109.158],[-10.603,-109.066],[9.622,-109.158]],"c":true},"ix":2},"nm":"Path 1","mn":"ADBE Vector Shape - Group","hd":false},{"ty":"fl","c":{"a":0,"k":[0.337000020345,0.361000001197,0.532999973671,1],"ix":4},"o":{"a":0,"k":100,"ix":5},"r":1,"bm":0,"nm":"Fill 1","mn":"ADBE Vector Graphic - Fill","hd":false},{"ty":"tr","p":{"a":0,"k":[71.526,109.408],"ix":2},"a":{"a":0,"k":[0,0],"ix":1},"s":{"a":0,"k":[100,100],"ix":3},"r":{"a":0,"k":0,"ix":6},"o":{"a":0,"k":100,"ix":7},"sk":{"a":0,"k":0,"ix":4},"sa":{"a":0,"k":0,"ix":5},"nm":"Transform"}],"nm":"Group 12","np":2,"cix":2,"bm":0,"ix":12,"mn":"ADBE Vector Group","hd":false},{"ty":"gr","it":[{"ind":0,"ty":"sh","ix":1,"ks":{"a":0,"k":{"i":[[0,0],[0,0],[0,0],[0,0]],"o":[[0,0],[0,0],[0,0],[0,0]],"v":[[10.603,109.066],[-9.621,109.158],[-10.603,-109.066],[9.622,-109.158]],"c":true},"ix":2},"nm":"Path 1","mn":"ADBE Vector Shape - Group","hd":false},{"ty":"fl","c":{"a":0,"k":[0.925,0,0.54900004069,1],"ix":4},"o":{"a":0,"k":100,"ix":5},"r":1,"bm":0,"nm":"Fill 1","mn":"ADBE Vector Graphic - Fill","hd":false},{"ty":"tr","p":{"a":0,"k":[51.301,109.408],"ix":2},"a":{"a":0,"k":[0,0],"ix":1},"s":{"a":0,"k":[100,100],"ix":3},"r":{"a":0,"k":0,"ix":6},"o":{"a":0,"k":100,"ix":7},"sk":{"a":0,"k":0,"ix":4},"sa":{"a":0,"k":0,"ix":5},"nm":"Transform"}],"nm":"Group 13","np":2,"cix":2,"bm":0,"ix":13,"mn":"ADBE Vector Group","hd":false},{"ty":"gr","it":[{"ind":0,"ty":"sh","ix":1,"ks":{"a":0,"k":{"i":[[0,0],[0,0],[0,0],[0,0]],"o":[[0,0],[0,0],[0,0],[0,0]],"v":[[10.603,109.066],[-9.621,109.158],[-10.603,-109.066],[9.622,-109.158]],"c":true},"ix":2},"nm":"Path 1","mn":"ADBE Vector Shape - Group","hd":false},{"ty":"fl","c":{"a":0,"k":[0.987999949736,0.819999964097,0.340999977261,1],"ix":4},"o":{"a":0,"k":100,"ix":5},"r":1,"bm":0,"nm":"Fill 1","mn":"ADBE Vector Graphic - Fill","hd":false},{"ty":"tr","p":{"a":0,"k":[31.077,109.408],"ix":2},"a":{"a":0,"k":[0,0],"ix":1},"s":{"a":0,"k":[100,100],"ix":3},"r":{"a":0,"k":0,"ix":6},"o":{"a":0,"k":100,"ix":7},"sk":{"a":0,"k":0,"ix":4},"sa":{"a":0,"k":0,"ix":5},"nm":"Transform"}],"nm":"Group 14","np":2,"cix":2,"bm":0,"ix":14,"mn":"ADBE Vector Group","hd":false},{"ty":"gr","it":[{"ind":0,"ty":"sh","ix":1,"ks":{"a":0,"k":{"i":[[0,0],[0,0],[0,0],[0,0]],"o":[[0,0],[0,0],[0,0],[0,0]],"v":[[10.603,109.066],[-9.622,109.158],[-10.603,-109.066],[9.622,-109.158]],"c":true},"ix":2},"nm":"Path 1","mn":"ADBE Vector Shape - Group","hd":false},{"ty":"fl","c":{"a":0,"k":[0.583999992819,0.732999973671,0.289999988032,1],"ix":4},"o":{"a":0,"k":100,"ix":5},"r":1,"bm":0,"nm":"Fill 1","mn":"ADBE Vector Graphic - Fill","hd":false},{"ty":"tr","p":{"a":0,"k":[10.853,109.408],"ix":2},"a":{"a":0,"k":[0,0],"ix":1},"s":{"a":0,"k":[100,100],"ix":3},"r":{"a":0,"k":0,"ix":6},"o":{"a":0,"k":100,"ix":7},"sk":{"a":0,"k":0,"ix":4},"sa":{"a":0,"k":0,"ix":5},"nm":"Transform"}],"nm":"Group 15","np":2,"cix":2,"bm":0,"ix":15,"mn":"ADBE Vector Group","hd":false},{"ty":"gr","it":[{"ind":0,"ty":"sh","ix":1,"ks":{"a":0,"k":{"i":[[0,0],[0,0],[0,0],[0,0]],"o":[[0,0],[0,0],[0,0],[0,0]],"v":[[10.603,109.066],[-9.622,109.158],[-10.603,-109.066],[9.621,-109.158]],"c":true},"ix":2},"nm":"Path 1","mn":"ADBE Vector Shape - Group","hd":false},{"ty":"fl","c":{"a":0,"k":[0.322000002394,0.694000004787,0.862999949736,1],"ix":4},"o":{"a":0,"k":100,"ix":5},"r":1,"bm":0,"nm":"Fill 1","mn":"ADBE Vector Graphic - Fill","hd":false},{"ty":"tr","p":{"a":0,"k":[596.961,109.416],"ix":2},"a":{"a":0,"k":[0,0],"ix":1},"s":{"a":0,"k":[100,100],"ix":3},"r":{"a":0,"k":0,"ix":6},"o":{"a":0,"k":100,"ix":7},"sk":{"a":0,"k":0,"ix":4},"sa":{"a":0,"k":0,"ix":5},"nm":"Transform"}],"nm":"Group 16","np":2,"cix":2,"bm":0,"ix":16,"mn":"ADBE Vector Group","hd":false},{"ty":"gr","it":[{"ind":0,"ty":"sh","ix":1,"ks":{"a":0,"k":{"i":[[0,0],[0,0],[0,0],[0,0]],"o":[[0,0],[0,0],[0,0],[0,0]],"v":[[10.603,109.066],[-9.622,109.158],[-10.603,-109.066],[9.622,-109.158]],"c":true},"ix":2},"nm":"Path 1","mn":"ADBE Vector Shape - Group","hd":false},{"ty":"fl","c":{"a":0,"k":[0.337000020345,0.361000001197,0.532999973671,1],"ix":4},"o":{"a":0,"k":100,"ix":5},"r":1,"bm":0,"nm":"Fill 1","mn":"ADBE Vector Graphic - Fill","hd":false},{"ty":"tr","p":{"a":0,"k":[576.838,109.416],"ix":2},"a":{"a":0,"k":[0,0],"ix":1},"s":{"a":0,"k":[100,100],"ix":3},"r":{"a":0,"k":0,"ix":6},"o":{"a":0,"k":100,"ix":7},"sk":{"a":0,"k":0,"ix":4},"sa":{"a":0,"k":0,"ix":5},"nm":"Transform"}],"nm":"Group 17","np":2,"cix":2,"bm":0,"ix":17,"mn":"ADBE Vector Group","hd":false},{"ty":"gr","it":[{"ind":0,"ty":"sh","ix":1,"ks":{"a":0,"k":{"i":[[0,0],[0,0],[0,0],[0,0]],"o":[[0,0],[0,0],[0,0],[0,0]],"v":[[10.603,109.066],[-9.622,109.158],[-10.603,-109.066],[9.621,-109.158]],"c":true},"ix":2},"nm":"Path 1","mn":"ADBE Vector Shape - Group","hd":false},{"ty":"fl","c":{"a":0,"k":[0.925,0,0.54900004069,1],"ix":4},"o":{"a":0,"k":100,"ix":5},"r":1,"bm":0,"nm":"Fill 1","mn":"ADBE Vector Graphic - Fill","hd":false},{"ty":"tr","p":{"a":0,"k":[556.614,109.416],"ix":2},"a":{"a":0,"k":[0,0],"ix":1},"s":{"a":0,"k":[100,100],"ix":3},"r":{"a":0,"k":0,"ix":6},"o":{"a":0,"k":100,"ix":7},"sk":{"a":0,"k":0,"ix":4},"sa":{"a":0,"k":0,"ix":5},"nm":"Transform"}],"nm":"Group 18","np":2,"cix":2,"bm":0,"ix":18,"mn":"ADBE Vector Group","hd":false},{"ty":"gr","it":[{"ind":0,"ty":"sh","ix":1,"ks":{"a":0,"k":{"i":[[0,0],[0,0],[0,0],[0,0]],"o":[[0,0],[0,0],[0,0],[0,0]],"v":[[10.603,109.066],[-9.622,109.158],[-10.603,-109.066],[9.622,-109.158]],"c":true},"ix":2},"nm":"Path 1","mn":"ADBE Vector Shape - Group","hd":false},{"ty":"fl","c":{"a":0,"k":[0.987999949736,0.819999964097,0.340999977261,1],"ix":4},"o":{"a":0,"k":100,"ix":5},"r":1,"bm":0,"nm":"Fill 1","mn":"ADBE Vector Graphic - Fill","hd":false},{"ty":"tr","p":{"a":0,"k":[536.39,109.416],"ix":2},"a":{"a":0,"k":[0,0],"ix":1},"s":{"a":0,"k":[100,100],"ix":3},"r":{"a":0,"k":0,"ix":6},"o":{"a":0,"k":100,"ix":7},"sk":{"a":0,"k":0,"ix":4},"sa":{"a":0,"k":0,"ix":5},"nm":"Transform"}],"nm":"Group 19","np":2,"cix":2,"bm":0,"ix":19,"mn":"ADBE Vector Group","hd":false},{"ty":"gr","it":[{"ind":0,"ty":"sh","ix":1,"ks":{"a":0,"k":{"i":[[0,0],[0,0],[0,0],[0,0]],"o":[[0,0],[0,0],[0,0],[0,0]],"v":[[10.603,109.066],[-9.622,109.158],[-10.603,-109.066],[9.622,-109.158]],"c":true},"ix":2},"nm":"Path 1","mn":"ADBE Vector Shape - Group","hd":false},{"ty":"fl","c":{"a":0,"k":[0.583999992819,0.732999973671,0.289999988032,1],"ix":4},"o":{"a":0,"k":100,"ix":5},"r":1,"bm":0,"nm":"Fill 1","mn":"ADBE Vector Graphic - Fill","hd":false},{"ty":"tr","p":{"a":0,"k":[516.165,109.416],"ix":2},"a":{"a":0,"k":[0,0],"ix":1},"s":{"a":0,"k":[100,100],"ix":3},"r":{"a":0,"k":0,"ix":6},"o":{"a":0,"k":100,"ix":7},"sk":{"a":0,"k":0,"ix":4},"sa":{"a":0,"k":0,"ix":5},"nm":"Transform"}],"nm":"Group 20","np":2,"cix":2,"bm":0,"ix":20,"mn":"ADBE Vector Group","hd":false},{"ty":"gr","it":[{"ind":0,"ty":"sh","ix":1,"ks":{"a":0,"k":{"i":[[0,0],[0,0],[0,0],[0,0]],"o":[[0,0],[0,0],[0,0],[0,0]],"v":[[10.603,109.066],[-9.622,109.158],[-10.603,-109.066],[9.621,-109.158]],"c":true},"ix":2},"nm":"Path 1","mn":"ADBE Vector Shape - Group","hd":false},{"ty":"fl","c":{"a":0,"k":[0.322000002394,0.694000004787,0.862999949736,1],"ix":4},"o":{"a":0,"k":100,"ix":5},"r":1,"bm":0,"nm":"Fill 1","mn":"ADBE Vector Graphic - Fill","hd":false},{"ty":"tr","p":{"a":0,"k":[495.882,109.416],"ix":2},"a":{"a":0,"k":[0,0],"ix":1},"s":{"a":0,"k":[100,100],"ix":3},"r":{"a":0,"k":0,"ix":6},"o":{"a":0,"k":100,"ix":7},"sk":{"a":0,"k":0,"ix":4},"sa":{"a":0,"k":0,"ix":5},"nm":"Transform"}],"nm":"Group 21","np":2,"cix":2,"bm":0,"ix":21,"mn":"ADBE Vector Group","hd":false},{"ty":"gr","it":[{"ind":0,"ty":"sh","ix":1,"ks":{"a":0,"k":{"i":[[0,0],[0,0],[0,0],[0,0]],"o":[[0,0],[0,0],[0,0],[0,0]],"v":[[10.603,109.066],[-9.622,109.158],[-10.603,-109.066],[9.622,-109.158]],"c":true},"ix":2},"nm":"Path 1","mn":"ADBE Vector Shape - Group","hd":false},{"ty":"fl","c":{"a":0,"k":[0.337000020345,0.361000001197,0.532999973671,1],"ix":4},"o":{"a":0,"k":100,"ix":5},"r":1,"bm":0,"nm":"Fill 1","mn":"ADBE Vector Graphic - Fill","hd":false},{"ty":"tr","p":{"a":0,"k":[475.759,109.416],"ix":2},"a":{"a":0,"k":[0,0],"ix":1},"s":{"a":0,"k":[100,100],"ix":3},"r":{"a":0,"k":0,"ix":6},"o":{"a":0,"k":100,"ix":7},"sk":{"a":0,"k":0,"ix":4},"sa":{"a":0,"k":0,"ix":5},"nm":"Transform"}],"nm":"Group 22","np":2,"cix":2,"bm":0,"ix":22,"mn":"ADBE Vector Group","hd":false},{"ty":"gr","it":[{"ind":0,"ty":"sh","ix":1,"ks":{"a":0,"k":{"i":[[0,0],[0,0],[0,0],[0,0]],"o":[[0,0],[0,0],[0,0],[0,0]],"v":[[10.603,109.066],[-9.622,109.158],[-10.603,-109.066],[9.621,-109.158]],"c":true},"ix":2},"nm":"Path 1","mn":"ADBE Vector Shape - Group","hd":false},{"ty":"fl","c":{"a":0,"k":[0.925,0,0.54900004069,1],"ix":4},"o":{"a":0,"k":100,"ix":5},"r":1,"bm":0,"nm":"Fill 1","mn":"ADBE Vector Graphic - Fill","hd":false},{"ty":"tr","p":{"a":0,"k":[455.535,109.416],"ix":2},"a":{"a":0,"k":[0,0],"ix":1},"s":{"a":0,"k":[100,100],"ix":3},"r":{"a":0,"k":0,"ix":6},"o":{"a":0,"k":100,"ix":7},"sk":{"a":0,"k":0,"ix":4},"sa":{"a":0,"k":0,"ix":5},"nm":"Transform"}],"nm":"Group 23","np":2,"cix":2,"bm":0,"ix":23,"mn":"ADBE Vector Group","hd":false},{"ty":"gr","it":[{"ind":0,"ty":"sh","ix":1,"ks":{"a":0,"k":{"i":[[0,0],[0,0],[0,0],[0,0]],"o":[[0,0],[0,0],[0,0],[0,0]],"v":[[10.603,109.066],[-9.622,109.158],[-10.603,-109.066],[9.622,-109.158]],"c":true},"ix":2},"nm":"Path 1","mn":"ADBE Vector Shape - Group","hd":false},{"ty":"fl","c":{"a":0,"k":[0.987999949736,0.819999964097,0.340999977261,1],"ix":4},"o":{"a":0,"k":100,"ix":5},"r":1,"bm":0,"nm":"Fill 1","mn":"ADBE Vector Graphic - Fill","hd":false},{"ty":"tr","p":{"a":0,"k":[435.311,109.416],"ix":2},"a":{"a":0,"k":[0,0],"ix":1},"s":{"a":0,"k":[100,100],"ix":3},"r":{"a":0,"k":0,"ix":6},"o":{"a":0,"k":100,"ix":7},"sk":{"a":0,"k":0,"ix":4},"sa":{"a":0,"k":0,"ix":5},"nm":"Transform"}],"nm":"Group 24","np":2,"cix":2,"bm":0,"ix":24,"mn":"ADBE Vector Group","hd":false},{"ty":"gr","it":[{"ind":0,"ty":"sh","ix":1,"ks":{"a":0,"k":{"i":[[0,0],[0,0],[0,0],[0,0]],"o":[[0,0],[0,0],[0,0],[0,0]],"v":[[10.603,109.066],[-9.621,109.158],[-10.603,-109.066],[9.622,-109.158]],"c":true},"ix":2},"nm":"Path 1","mn":"ADBE Vector Shape - Group","hd":false},{"ty":"fl","c":{"a":0,"k":[0.583999992819,0.732999973671,0.289999988032,1],"ix":4},"o":{"a":0,"k":100,"ix":5},"r":1,"bm":0,"nm":"Fill 1","mn":"ADBE Vector Graphic - Fill","hd":false},{"ty":"tr","p":{"a":0,"k":[415.086,109.416],"ix":2},"a":{"a":0,"k":[0,0],"ix":1},"s":{"a":0,"k":[100,100],"ix":3},"r":{"a":0,"k":0,"ix":6},"o":{"a":0,"k":100,"ix":7},"sk":{"a":0,"k":0,"ix":4},"sa":{"a":0,"k":0,"ix":5},"nm":"Transform"}],"nm":"Group 25","np":2,"cix":2,"bm":0,"ix":25,"mn":"ADBE Vector Group","hd":false},{"ty":"gr","it":[{"ind":0,"ty":"sh","ix":1,"ks":{"a":0,"k":{"i":[[0,0],[0,0],[0,0],[0,0]],"o":[[0,0],[0,0],[0,0],[0,0]],"v":[[10.603,109.066],[-9.622,109.158],[-10.603,-109.066],[9.622,-109.158]],"c":true},"ix":2},"nm":"Path 1","mn":"ADBE Vector Shape - Group","hd":false},{"ty":"fl","c":{"a":0,"k":[0.322000002394,0.694000004787,0.862999949736,1],"ix":4},"o":{"a":0,"k":100,"ix":5},"r":1,"bm":0,"nm":"Fill 1","mn":"ADBE Vector Graphic - Fill","hd":false},{"ty":"tr","p":{"a":0,"k":[394.803,109.416],"ix":2},"a":{"a":0,"k":[0,0],"ix":1},"s":{"a":0,"k":[100,100],"ix":3},"r":{"a":0,"k":0,"ix":6},"o":{"a":0,"k":100,"ix":7},"sk":{"a":0,"k":0,"ix":4},"sa":{"a":0,"k":0,"ix":5},"nm":"Transform"}],"nm":"Group 26","np":2,"cix":2,"bm":0,"ix":26,"mn":"ADBE Vector Group","hd":false},{"ty":"gr","it":[{"ind":0,"ty":"sh","ix":1,"ks":{"a":0,"k":{"i":[[0,0],[0,0],[0,0],[0,0]],"o":[[0,0],[0,0],[0,0],[0,0]],"v":[[10.603,109.066],[-9.622,109.158],[-10.603,-109.066],[9.622,-109.158]],"c":true},"ix":2},"nm":"Path 1","mn":"ADBE Vector Shape - Group","hd":false},{"ty":"fl","c":{"a":0,"k":[0.337000020345,0.361000001197,0.532999973671,1],"ix":4},"o":{"a":0,"k":100,"ix":5},"r":1,"bm":0,"nm":"Fill 1","mn":"ADBE Vector Graphic - Fill","hd":false},{"ty":"tr","p":{"a":0,"k":[374.68,109.416],"ix":2},"a":{"a":0,"k":[0,0],"ix":1},"s":{"a":0,"k":[100,100],"ix":3},"r":{"a":0,"k":0,"ix":6},"o":{"a":0,"k":100,"ix":7},"sk":{"a":0,"k":0,"ix":4},"sa":{"a":0,"k":0,"ix":5},"nm":"Transform"}],"nm":"Group 27","np":2,"cix":2,"bm":0,"ix":27,"mn":"ADBE Vector Group","hd":false},{"ty":"gr","it":[{"ind":0,"ty":"sh","ix":1,"ks":{"a":0,"k":{"i":[[0,0],[0,0],[0,0],[0,0]],"o":[[0,0],[0,0],[0,0],[0,0]],"v":[[10.603,109.066],[-9.621,109.158],[-10.603,-109.066],[9.622,-109.158]],"c":true},"ix":2},"nm":"Path 1","mn":"ADBE Vector Shape - Group","hd":false},{"ty":"fl","c":{"a":0,"k":[0.925,0,0.54900004069,1],"ix":4},"o":{"a":0,"k":100,"ix":5},"r":1,"bm":0,"nm":"Fill 1","mn":"ADBE Vector Graphic - Fill","hd":false},{"ty":"tr","p":{"a":0,"k":[354.455,109.416],"ix":2},"a":{"a":0,"k":[0,0],"ix":1},"s":{"a":0,"k":[100,100],"ix":3},"r":{"a":0,"k":0,"ix":6},"o":{"a":0,"k":100,"ix":7},"sk":{"a":0,"k":0,"ix":4},"sa":{"a":0,"k":0,"ix":5},"nm":"Transform"}],"nm":"Group 28","np":2,"cix":2,"bm":0,"ix":28,"mn":"ADBE Vector Group","hd":false},{"ty":"gr","it":[{"ind":0,"ty":"sh","ix":1,"ks":{"a":0,"k":{"i":[[0,0],[0,0],[0,0],[0,0]],"o":[[0,0],[0,0],[0,0],[0,0]],"v":[[10.603,109.066],[-9.621,109.158],[-10.603,-109.066],[9.622,-109.158]],"c":true},"ix":2},"nm":"Path 1","mn":"ADBE Vector Shape - Group","hd":false},{"ty":"fl","c":{"a":0,"k":[0.987999949736,0.819999964097,0.340999977261,1],"ix":4},"o":{"a":0,"k":100,"ix":5},"r":1,"bm":0,"nm":"Fill 1","mn":"ADBE Vector Graphic - Fill","hd":false},{"ty":"tr","p":{"a":0,"k":[334.231,109.416],"ix":2},"a":{"a":0,"k":[0,0],"ix":1},"s":{"a":0,"k":[100,100],"ix":3},"r":{"a":0,"k":0,"ix":6},"o":{"a":0,"k":100,"ix":7},"sk":{"a":0,"k":0,"ix":4},"sa":{"a":0,"k":0,"ix":5},"nm":"Transform"}],"nm":"Group 29","np":2,"cix":2,"bm":0,"ix":29,"mn":"ADBE Vector Group","hd":false},{"ty":"gr","it":[{"ind":0,"ty":"sh","ix":1,"ks":{"a":0,"k":{"i":[[0,0],[0,0],[0,0],[0,0]],"o":[[0,0],[0,0],[0,0],[0,0]],"v":[[10.603,109.066],[-9.622,109.158],[-10.603,-109.066],[9.622,-109.158]],"c":true},"ix":2},"nm":"Path 1","mn":"ADBE Vector Shape - Group","hd":false},{"ty":"fl","c":{"a":0,"k":[0.583999992819,0.732999973671,0.289999988032,1],"ix":4},"o":{"a":0,"k":100,"ix":5},"r":1,"bm":0,"nm":"Fill 1","mn":"ADBE Vector Graphic - Fill","hd":false},{"ty":"tr","p":{"a":0,"k":[314.007,109.416],"ix":2},"a":{"a":0,"k":[0,0],"ix":1},"s":{"a":0,"k":[100,100],"ix":3},"r":{"a":0,"k":0,"ix":6},"o":{"a":0,"k":100,"ix":7},"sk":{"a":0,"k":0,"ix":4},"sa":{"a":0,"k":0,"ix":5},"nm":"Transform"}],"nm":"Group 30","np":2,"cix":2,"bm":0,"ix":30,"mn":"ADBE Vector Group","hd":false}],"ip":47,"op":181,"st":0,"bm":0},{"ddd":0,"ind":8,"ty":3,"nm":"NULL","sr":1,"ks":{"o":{"a":0,"k":0,"ix":11},"r":{"a":1,"k":[{"i":{"x":[0.4],"y":[1]},"o":{"x":[0.6],"y":[0]},"t":30,"s":[0]},{"i":{"x":[0.4],"y":[1]},"o":{"x":[0.6],"y":[0]},"t":40,"s":[8]},{"i":{"x":[0.4],"y":[1]},"o":{"x":[0.6],"y":[0]},"t":50,"s":[-5]},{"t":60,"s":[0]}],"ix":10},"p":{"a":0,"k":[271,158.5,0],"ix":2,"l":2},"a":{"a":0,"k":[60,60,0],"ix":1,"l":2},"s":{"a":0,"k":[100,100,100],"ix":6,"l":2}},"ao":0,"ip":0,"op":181,"st":0,"bm":0},{"ddd":0,"ind":9,"ty":4,"nm":"Unicorn_8 ear","parent":8,"sr":1,"ks":{"o":{"a":0,"k":100,"ix":11},"r":{"a":0,"k":0,"ix":10},"p":{"a":0,"k":[33.087,50.293,0],"ix":2,"l":2},"a":{"a":0,"k":[16.052,19.716,0],"ix":1,"l":2},"s":{"a":0,"k":[100,100,100],"ix":6,"l":2}},"ao":0,"shapes":[{"ty":"gr","it":[{"ind":0,"ty":"sh","ix":1,"ks":{"a":0,"k":{"i":[[-2.43,-8.506],[-5.404,7.866],[2.431,8.506]],"o":[[8.829,-0.81],[5.403,-7.866],[-8.829,0.808]],"v":[[-13.372,19.466],[9.292,6.351],[13.371,-19.466]],"c":true},"ix":2},"nm":"Path 1","mn":"ADBE Vector Shape - Group","hd":false},{"ty":"fl","c":{"a":0,"k":[0.925,0,0.54900004069,1],"ix":4},"o":{"a":0,"k":100,"ix":5},"r":1,"bm":0,"nm":"Fill 1","mn":"ADBE Vector Graphic - Fill","hd":false},{"ty":"tr","p":{"a":0,"k":[16.052,19.716],"ix":2},"a":{"a":0,"k":[0,0],"ix":1},"s":{"a":0,"k":[100,100],"ix":3},"r":{"a":0,"k":0,"ix":6},"o":{"a":0,"k":100,"ix":7},"sk":{"a":0,"k":0,"ix":4},"sa":{"a":0,"k":0,"ix":5},"nm":"Transform"}],"nm":"Group 1","np":2,"cix":2,"bm":0,"ix":1,"mn":"ADBE Vector Group","hd":false}],"ip":0,"op":181,"st":0,"bm":0},{"ddd":0,"ind":10,"ty":4,"nm":"Unicorn_7 eyes","parent":8,"sr":1,"ks":{"o":{"a":0,"k":100,"ix":11},"r":{"a":0,"k":0,"ix":10},"p":{"a":0,"k":[-3.222,112.165,0],"ix":2,"l":2},"a":{"a":0,"k":[23.375,18.678,0],"ix":1,"l":2},"s":{"a":0,"k":[100,100,100],"ix":6,"l":2}},"ao":0,"shapes":[{"ty":"gr","it":[{"ind":0,"ty":"sh","ix":1,"ks":{"a":0,"k":{"i":[[2.686,0],[0,2.68],[-2.687,0],[0,-2.679]],"o":[[-2.687,0],[0,-2.679],[2.686,0],[0,2.68]],"v":[[-0.001,4.851],[-4.864,-0.001],[-0.001,-4.851],[4.864,-0.001]],"c":true},"ix":2},"nm":"Path 1","mn":"ADBE Vector Shape - Group","hd":false},{"ty":"fl","c":{"a":0,"k":[1,1,1,1],"ix":4},"o":{"a":0,"k":100,"ix":5},"r":1,"bm":0,"nm":"Fill 1","mn":"ADBE Vector Graphic - Fill","hd":false},{"ty":"tr","p":{"a":0,"k":[14.285,18.633],"ix":2},"a":{"a":0,"k":[0,0],"ix":1},"s":{"a":0,"k":[100,100],"ix":3},"r":{"a":0,"k":0,"ix":6},"o":{"a":0,"k":100,"ix":7},"sk":{"a":0,"k":0,"ix":4},"sa":{"a":0,"k":0,"ix":5},"nm":"Transform"}],"nm":"Group 1","np":2,"cix":2,"bm":0,"ix":1,"mn":"ADBE Vector Group","hd":false},{"ty":"gr","it":[{"ind":0,"ty":"sh","ix":1,"ks":{"a":1,"k":[{"i":{"x":0.4,"y":1},"o":{"x":0.6,"y":0},"t":47,"s":[{"i":[[3.524,1.419],[7.346,-1.931],[-2.998,-8.309],[-8.329,2.99],[0.561,7.012],[1.024,7.332]],"o":[[-0.83,-0.527],[-7.346,1.931],[2.996,8.309],[6.956,-2.497],[0.35,-0.1],[-1.812,2.4]],"v":[[3.561,-13.081],[-10.47,-14.654],[-20.127,5.806],[0.384,15.438],[10.923,-0.871],[22.101,-18.428]],"c":true}]},{"i":{"x":0.4,"y":1},"o":{"x":0.6,"y":0},"t":50,"s":[{"i":[[3.524,1.419],[7.346,-1.931],[6.988,8.73],[-8.329,2.99],[-3.251,2.649],[1.024,7.332]],"o":[[-0.83,-0.527],[-7.346,1.931],[2.996,8.309],[6.956,-2.497],[0.35,-0.1],[-1.812,2.4]],"v":[[7.006,-0.245],[0.755,12.746],[-20.127,5.806],[0.383,15.438],[10.538,9.998],[21.717,-7.559]],"c":true}]},{"t":53,"s":[{"i":[[3.524,1.419],[7.346,-1.931],[-2.998,-8.309],[-8.329,2.99],[0.561,7.012],[1.024,7.332]],"o":[[-0.83,-0.527],[-7.346,1.931],[2.996,8.309],[6.956,-2.497],[0.35,-0.1],[-1.812,2.4]],"v":[[3.561,-13.081],[-10.47,-14.654],[-20.127,5.806],[0.384,15.438],[10.923,-0.871],[22.101,-18.428]],"c":true}]}],"ix":2},"nm":"Path 1","mn":"ADBE Vector Shape - Group","hd":false},{"ty":"fl","c":{"a":0,"k":[0.337000020345,0.361000001197,0.532999973671,1],"ix":4},"o":{"a":0,"k":100,"ix":5},"r":1,"bm":0,"nm":"Fill 1","mn":"ADBE Vector Graphic - Fill","hd":false},{"ty":"tr","p":{"a":0,"k":[23.374,18.678],"ix":2},"a":{"a":0,"k":[0,0],"ix":1},"s":{"a":0,"k":[100,100],"ix":3},"r":{"a":0,"k":0,"ix":6},"o":{"a":0,"k":100,"ix":7},"sk":{"a":0,"k":0,"ix":4},"sa":{"a":0,"k":0,"ix":5},"nm":"Transform"}],"nm":"Group 2","np":2,"cix":2,"bm":0,"ix":2,"mn":"ADBE Vector Group","hd":false}],"ip":0,"op":181,"st":0,"bm":0},{"ddd":0,"ind":11,"ty":4,"nm":"Unicorn_6 nose","parent":8,"sr":1,"ks":{"o":{"a":0,"k":100,"ix":11},"r":{"a":0,"k":0,"ix":10},"p":{"a":0,"k":[-73.565,166.207,0],"ix":2,"l":2},"a":{"a":0,"k":[7.185,7.248,0],"ix":1,"l":2},"s":{"a":0,"k":[100,100,100],"ix":6,"l":2}},"ao":0,"shapes":[{"ty":"gr","it":[{"ind":0,"ty":"sh","ix":1,"ks":{"a":0,"k":{"i":[[-2.566,-2.362],[-2.368,2.56],[2.568,2.362]],"o":[[2.567,2.362],[2.368,-2.56],[-2.565,-2.362]],"v":[[-4.368,4.635],[4.567,4.278],[4.207,-4.636]],"c":true},"ix":2},"nm":"Path 1","mn":"ADBE Vector Shape - Group","hd":false},{"ty":"fl","c":{"a":0,"k":[0.337000020345,0.361000001197,0.532999973671,1],"ix":4},"o":{"a":0,"k":100,"ix":5},"r":1,"bm":0,"nm":"Fill 1","mn":"ADBE Vector Graphic - Fill","hd":false},{"ty":"tr","p":{"a":0,"k":[7.184,7.248],"ix":2},"a":{"a":0,"k":[0,0],"ix":1},"s":{"a":0,"k":[100,100],"ix":3},"r":{"a":0,"k":0,"ix":6},"o":{"a":0,"k":100,"ix":7},"sk":{"a":0,"k":0,"ix":4},"sa":{"a":0,"k":0,"ix":5},"nm":"Transform"}],"nm":"Group 1","np":2,"cix":2,"bm":0,"ix":1,"mn":"ADBE Vector Group","hd":false}],"ip":0,"op":181,"st":0,"bm":0},{"ddd":0,"ind":12,"ty":4,"nm":"Unicorn_5 white 2","sr":1,"ks":{"o":{"a":0,"k":100,"ix":11},"r":{"a":0,"k":0,"ix":10},"p":{"a":0,"k":[163.139,296.236,0],"ix":2,"l":2},"a":{"a":0,"k":[81.019,117.773,0],"ix":1,"l":2},"s":{"a":0,"k":[100,100,100],"ix":6,"l":2}},"ao":0,"shapes":[{"ty":"gr","it":[{"ind":0,"ty":"sh","ix":1,"ks":{"a":0,"k":{"i":[[0.833,-0.23],[0,0],[-0.225,-33.923],[0,0],[0,0]],"o":[[0,0],[-22.444,25.353],[0,0],[0,0],[40.439,-92.804]],"v":[[-20.43,-23.389],[-20.505,-23.368],[-62.924,46.402],[-62.91,46.402],[22.711,46.402]],"c":true},"ix":2},"nm":"Path 1","mn":"ADBE Vector Shape - Group","hd":false},{"ty":"fl","c":{"a":0,"k":[1,1,1,1],"ix":4},"o":{"a":0,"k":100,"ix":5},"r":1,"bm":0,"nm":"Fill 1","mn":"ADBE Vector Graphic - Fill","hd":false},{"ty":"tr","p":{"a":0,"k":[98.639,188.894],"ix":2},"a":{"a":0,"k":[0,0],"ix":1},"s":{"a":0,"k":[100,100],"ix":3},"r":{"a":0,"k":0,"ix":6},"o":{"a":0,"k":100,"ix":7},"sk":{"a":0,"k":0,"ix":4},"sa":{"a":0,"k":0,"ix":5},"nm":"Transform"}],"nm":"Group 2","np":2,"cix":2,"bm":0,"ix":1,"mn":"ADBE Vector Group","hd":false}],"ip":0,"op":181,"st":0,"bm":0},{"ddd":0,"ind":13,"ty":4,"nm":"Unicorn_5 white","parent":8,"sr":1,"ks":{"o":{"a":0,"k":100,"ix":11},"r":{"a":0,"k":0,"ix":10},"p":{"a":0,"k":[-47.861,197.736,0],"ix":2,"l":2},"a":{"a":0,"k":[81.019,117.773,0],"ix":1,"l":2},"s":{"a":0,"k":[100,100,100],"ix":6,"l":2}},"ao":0,"shapes":[{"ty":"gr","it":[{"ind":0,"ty":"sh","ix":1,"ks":{"a":0,"k":{"i":[[0,0],[0,0],[0,0],[3.079,-2.732],[-10.449,-14.59],[-10.722,3.008],[-5.229,1.736],[-5.269,2.081],[-0.057,0.152],[-0.086,0.403]],"o":[[0,0],[0,0],[0,0],[-13.427,11.922],[9.764,13.635],[6.501,-1.53],[7.317,-2.427],[0.044,-0.162],[0.138,-0.368],[9.738,-44.613]],"v":[[8.059,-0.562],[53.608,-85.236],[46.36,-89.698],[-34.275,-1.946],[-39.448,44.613],[3.582,56.143],[20.917,51.161],[39.617,44.21],[39.775,43.744],[40.158,42.618]],"c":true},"ix":2},"nm":"Path 1","mn":"ADBE Vector Shape - Group","hd":false},{"ty":"fl","c":{"a":0,"k":[1,1,1,1],"ix":4},"o":{"a":0,"k":100,"ix":5},"r":1,"bm":0,"nm":"Fill 1","mn":"ADBE Vector Graphic - Fill","hd":false},{"ty":"tr","p":{"a":0,"k":[50.146,59.402],"ix":2},"a":{"a":0,"k":[0,0],"ix":1},"s":{"a":0,"k":[100,100],"ix":3},"r":{"a":0,"k":0,"ix":6},"o":{"a":0,"k":100,"ix":7},"sk":{"a":0,"k":0,"ix":4},"sa":{"a":0,"k":0,"ix":5},"nm":"Transform"}],"nm":"Group 1","np":2,"cix":2,"bm":0,"ix":1,"mn":"ADBE Vector Group","hd":false}],"ip":0,"op":181,"st":0,"bm":0},{"ddd":0,"ind":14,"ty":4,"nm":"Shape Layer 7","sr":1,"ks":{"o":{"a":0,"k":100,"ix":11},"r":{"a":0,"k":0,"ix":10},"p":{"a":0,"k":[250,250,0],"ix":2,"l":2},"a":{"a":0,"k":[0,0,0],"ix":1,"l":2},"s":{"a":0,"k":[100,100,100],"ix":6,"l":2}},"ao":0,"shapes":[{"ty":"gr","it":[{"ind":0,"ty":"sh","ix":1,"ks":{"a":0,"k":{"i":[[3.5,-90],[0,0],[-41,5]],"o":[[-1.868,48.029],[0,0],[23.327,-2.845]],"v":[[95.5,46],[39,87],[87,115.5]],"c":true},"ix":2},"nm":"Path 1","mn":"ADBE Vector Shape - Group","hd":false},{"ind":1,"ty":"sh","ix":2,"ks":{"a":1,"k":[{"i":{"x":0.4,"y":1},"o":{"x":0.6,"y":0},"t":47,"s":[{"i":[[11.75,0.75],[0,0],[13,-4],[0,0],[-5.75,-0.75],[0,0],[-42.25,0.5],[0,0],[1.526,-90.055],[0,0],[-13.5,3],[0,0],[0,0],[-3.5,10.5],[-0.5,16.5],[0,0],[11.086,20.727],[0,0],[21.348,17.603],[0,0]],"o":[[-20.745,-1.324],[0,0],[-13.458,4.141],[0,0],[5.02,0.655],[0,0],[14.869,-0.176],[0,0],[-1,59],[0,0],[18.707,-4.157],[0,0],[0,0],[3.5,-10.5],[0.5,-16.5],[0,0],[-11.5,-21.5],[0,0],[-14.25,-11.75],[0,0]],"v":[[11.25,-138.75],[-19.25,-129.5],[-40,-130],[-54.5,-110],[-47.25,-107.25],[-32.25,-108.25],[8.75,-138.25],[26,-94.5],[95.5,46],[58,90],[75.5,97],[97,82],[114.25,88.25],[102.5,66.5],[117,38.25],[103,12],[107,-26],[76.5,-47.5],[60.25,-90.25],[27,-101.5]],"c":true}]},{"i":{"x":0.4,"y":1},"o":{"x":0.6,"y":0},"t":50,"s":[{"i":[[26.25,2.25],[0,0],[20,-9.75],[0,0],[-12.839,-7.757],[0,0],[-42.25,0.5],[0,0],[3.5,-90],[0,0],[-41.273,1.587],[0,0],[-10.25,1.75],[-5.5,13],[-0.5,16.5],[0,0],[21.554,39.704],[0,0],[39.75,26.25],[0,0]],"o":[[-20.712,-1.775],[0,0],[-12.656,6.17],[0,0],[12,7.25],[0,0],[14.869,-0.176],[0,0],[-1.868,48.029],[0,0],[26,-1],[0,0],[-4.75,-9.25],[5.523,-9.592],[0.5,-16.5],[0,0],[-19,-35],[0,0],[-32.131,-21.219],[0,0]],"v":[[6.75,-174.25],[-24.25,-158],[-62,-156],[-71,-125.5],[-53.25,-109.25],[-32.25,-108.25],[19.25,-141.75],[26,-94.5],[95.5,46],[39,87],[85.5,126],[123,104],[149.25,116.25],[143.5,79.5],[166,37.75],[151.5,8],[167.5,-52.5],[120,-78.5],[100.75,-147.75],[40,-149]],"c":true}]},{"t":53,"s":[{"i":[[26.25,2.25],[0,0],[20,-9.75],[0,0],[-12.839,-7.757],[0,0],[-42.25,0.5],[0,0],[3.5,-90],[0,0],[-41,5],[0,0],[0,0],[-3.5,10.5],[-0.5,16.5],[0,0],[15.299,33.331],[0,0],[32.25,21.25],[0,0]],"o":[[-20.712,-1.775],[0,0],[-12.656,6.17],[0,0],[12,7.25],[0,0],[14.869,-0.176],[0,0],[-1.868,48.029],[0,0],[23.327,-2.845],[0,0],[0,0],[3.5,-10.5],[0.5,-16.5],[0,0],[-14,-30.5],[0,0],[-32.153,-21.186],[0,0]],"v":[[6.75,-165.25],[-21.25,-148.5],[-59,-150.5],[-71,-125.5],[-53.25,-109.25],[-32.25,-108.25],[19.25,-141.75],[26,-94.5],[95.5,46],[39,87],[87,115.5],[122,85],[132.25,96.25],[137,70],[157.5,35.25],[137,7.5],[160.5,-47],[105,-67],[96.75,-138.75],[34.5,-135]],"c":true}]}],"ix":2},"nm":"Path 3","mn":"ADBE Vector Shape - Group","hd":false},{"ty":"st","c":{"a":0,"k":[0.854902020623,0.847058883368,0.839215746113,1],"ix":3},"o":{"a":0,"k":100,"ix":4},"w":{"a":0,"k":12,"ix":5},"lc":1,"lj":1,"ml":4,"bm":0,"nm":"Stroke 1","mn":"ADBE Vector Graphic - Stroke","hd":false},{"ty":"tr","p":{"a":0,"k":[0,0],"ix":2},"a":{"a":0,"k":[0,0],"ix":1},"s":{"a":0,"k":[100,100],"ix":3},"r":{"a":0,"k":0,"ix":6},"o":{"a":0,"k":100,"ix":7},"sk":{"a":0,"k":0,"ix":4},"sa":{"a":0,"k":0,"ix":5},"nm":"Transform"}],"nm":"Shape 1","np":4,"cix":2,"bm":0,"ix":1,"mn":"ADBE Vector Group","hd":false}],"ip":49,"op":181,"st":0,"bm":0},{"ddd":0,"ind":15,"ty":4,"nm":"Unicorn_3 shape 2","sr":1,"ks":{"o":{"a":0,"k":100,"ix":11},"r":{"a":0,"k":0,"ix":10},"p":{"a":0,"k":[210.572,264.476,0],"ix":2,"l":2},"a":{"a":0,"k":[128.452,149.586,0],"ix":1,"l":2},"s":{"a":0,"k":[100,100,100],"ix":6,"l":2}},"ao":0,"shapes":[{"ty":"gr","it":[{"ind":0,"ty":"sh","ix":1,"ks":{"a":1,"k":[{"i":{"x":0.4,"y":1},"o":{"x":0.6,"y":0},"t":30,"s":[{"i":[[2.702,38.243],[21.452,26.927],[13.339,8.833],[4.209,14.717],[11.869,-28.785],[6.304,0],[5.635,5.369],[3.171,-2.907],[-10.776,-15.05],[-10.129,1.565],[-0.061,0.158],[-4.694,-6.241],[25.747,-25.464],[-1.924,-36.307],[0,0],[-6.233,17.237]],"o":[[-1.892,-26.785],[-15.286,-19.188],[8.559,-13.892],[-16.141,1.478],[-5.152,2.838],[-4.589,0],[-6.115,6.869],[-11.706,10.729],[10.069,14.062],[12.246,-2.06],[16.001,-6.323],[5.806,11.009],[0,0],[0,0],[0,0],[0,0]],"v":[[130.796,6.636],[97.354,-68.307],[58.247,-107.233],[61.68,-154.024],[9.309,-118.941],[-5.232,-114.844],[-28.457,-129.594],[-118.615,-30.704],[-122.449,20.067],[-78.193,35.71],[-38.738,23.295],[-14.628,19.766],[-76.819,98.988],[-99.102,154.332],[113.97,154.518],[114.041,115.364]],"c":true}]},{"i":{"x":0.4,"y":1},"o":{"x":0.6,"y":0},"t":40,"s":[{"i":[[2.702,38.243],[21.452,26.927],[13.339,8.833],[3.062,14.717],[14.7,-26.95],[6.488,0.575],[5.337,5.742],[3.515,-2.541],[-9.792,-15.64],[-10.561,0.6],[-0.076,0.148],[-4.292,-6.506],[25.747,-25.464],[-1.924,-36.307],[0,0],[-6.233,17.237]],"o":[[-1.892,-26.785],[-15.286,-19.188],[8.559,-13.892],[-16.741,-0.033],[-5.548,2.294],[-4.723,-0.419],[-6.887,6.132],[-12.975,9.381],[9.149,14.613],[12.782,-0.889],[17.015,-4.699],[5.026,11.251],[0,0],[0,0],[0,0],[0,0]],"v":[[130.796,6.636],[97.354,-68.307],[58.247,-107.233],[65.736,-152.447],[8.805,-123.057],[-6.516,-120.393],[-29.147,-136.876],[-130.478,-48.793],[-138.806,0.303],[-94.605,19.574],[-52.924,11.083],[-27.804,9.844],[-76.819,98.988],[-99.102,154.332],[113.97,154.518],[114.041,115.364]],"c":true}]},{"i":{"x":0.4,"y":1},"o":{"x":0.6,"y":0},"t":50,"s":[{"i":[[2.702,38.243],[21.452,26.927],[13.339,8.833],[5.438,14.308],[9.393,-29.685],[6.281,-0.533],[6.069,4.873],[2.914,-3.164],[-12.009,-14.085],[-9.961,2.415],[-0.047,0.162],[-5.205,-5.822],[25.747,-25.464],[-1.924,-36.307],[0,0],[-6.233,17.237]],"o":[[-1.892,-26.785],[-15.286,-19.188],[8.559,-13.892],[-15.959,2.837],[-4.893,3.264],[-4.572,0.388],[-5.512,7.361],[-10.757,11.68],[11.221,13.161],[12.028,-3.088],[15.409,-7.654],[6.716,10.479],[0,0],[0,0],[0,0],[0,0]],"v":[[130.796,6.636],[97.354,-68.307],[58.247,-107.233],[57.776,-154.135],[8.558,-114.749],[-5.585,-109.438],[-29.974,-122.172],[-111.449,-16.014],[-110.977,34.899],[-65.557,46.745],[-27.293,31.04],[-3.567,25.484],[-76.819,98.988],[-99.102,154.332],[113.97,154.518],[114.041,115.364]],"c":true}]},{"t":60,"s":[{"i":[[2.702,38.243],[21.452,26.927],[13.339,8.833],[4.209,14.717],[11.869,-28.785],[6.304,0],[5.635,5.369],[3.171,-2.907],[-10.776,-15.05],[-10.129,1.565],[-0.061,0.158],[-4.694,-6.241],[25.747,-25.464],[-1.924,-36.307],[0,0],[-6.233,17.237]],"o":[[-1.892,-26.785],[-15.286,-19.188],[8.559,-13.892],[-16.141,1.478],[-5.152,2.838],[-4.589,0],[-6.115,6.869],[-11.706,10.729],[10.069,14.062],[12.246,-2.06],[16.001,-6.323],[5.806,11.009],[0,0],[0,0],[0,0],[0,0]],"v":[[130.796,6.636],[97.354,-68.307],[58.247,-107.233],[61.68,-154.024],[9.309,-118.941],[-5.232,-114.844],[-28.457,-129.594],[-118.615,-30.704],[-122.449,20.067],[-78.193,35.71],[-38.738,23.295],[-14.628,19.766],[-76.819,98.988],[-99.102,154.332],[113.97,154.518],[114.041,115.364]],"c":true}]}],"ix":2},"nm":"Path 1","mn":"ADBE Vector Shape - Group","hd":false},{"ty":"st","c":{"a":0,"k":[0.854902020623,0.847058883368,0.839215746113,1],"ix":3},"o":{"a":0,"k":100,"ix":4},"w":{"a":0,"k":12,"ix":5},"lc":2,"lj":2,"bm":0,"nm":"Stroke 1","mn":"ADBE Vector Graphic - Stroke","hd":false},{"ty":"fl","c":{"a":0,"k":[0.945098102093,0.945098102093,0.945098102093,1],"ix":4},"o":{"a":0,"k":100,"ix":5},"r":1,"bm":0,"nm":"Fill 1","mn":"ADBE Vector Graphic - Fill","hd":false},{"ty":"tr","p":{"a":0,"k":[128.451,149.586],"ix":2},"a":{"a":0,"k":[0,0],"ix":1},"s":{"a":0,"k":[100,100],"ix":3},"r":{"a":0,"k":0,"ix":6},"o":{"a":0,"k":100,"ix":7},"sk":{"a":0,"k":0,"ix":4},"sa":{"a":0,"k":0,"ix":5},"nm":"Transform"}],"nm":"Group 1","np":3,"cix":2,"bm":0,"ix":1,"mn":"ADBE Vector Group","hd":false}],"ip":0,"op":181,"st":0,"bm":0},{"ddd":0,"ind":16,"ty":4,"nm":"Unicorn_4 shape3","sr":1,"ks":{"o":{"a":0,"k":100,"ix":11},"r":{"a":0,"k":0,"ix":10},"p":{"a":0,"k":[247.41,250,0],"ix":2,"l":2},"a":{"a":0,"k":[176.84,174.25,0],"ix":1,"l":2},"s":{"a":0,"k":[100,100,100],"ix":6,"l":2}},"ao":0,"shapes":[{"ty":"gr","it":[{"ind":0,"ty":"sh","ix":1,"ks":{"a":1,"k":[{"i":{"x":0.4,"y":1},"o":{"x":0.6,"y":0},"t":30,"s":[{"i":[[2.82,16.296],[2.074,-0.273],[38.693,20.218],[8.505,-5.191],[15.665,0],[6.439,-9.389],[7.729,0],[2.667,-16.584],[9.225,-14.3],[0,-6.24],[-3.116,-4.898],[-4.788,3.955],[-48.419,-60.69],[-0.008,-2.178],[47.943,11.582],[-49.584,0.704],[-9.041,13.425],[-11.05,0],[-0.015,0],[0,8.564],[-6.021,7.344],[0,12.185],[8.065,6.808]],"o":[[-8.5,-49.124],[3.353,-7.169],[-20.089,-10.497],[-4.83,-13.99],[-12.266,0],[-5.782,-4.242],[-17.377,0],[0,0],[-9.225,14.3],[0,6.231],[14.789,-16.521],[38.712,28.455],[54.081,44.81],[0.066,16.94],[-4.557,9.582],[25.416,-3.296],[5.895,6.982],[0.016,0],[-4.882,-6.88],[0,-9.556],[9.09,-6.766],[0,-11.364],[12.786,-8.594]],"v":[[176.59,-31.376],[122.346,-78.593],[95.679,-152.003],[42.577,-149.663],[8.915,-173.772],[-20.597,-158.209],[-41.184,-165.038],[-75.521,-135.748],[-110.185,-115.8],[-119.183,-85.876],[-110.199,-66.479],[-64.622,-113.955],[45.009,-71.31],[94.274,26.81],[27.647,73.918],[83.674,126.796],[125.02,103.62],[151.694,115.192],[151.742,115.188],[143.867,91.825],[153.63,66.214],[168.687,36.547],[155.392,8.329]],"c":true}]},{"i":{"x":0.833,"y":0.833},"o":{"x":0.6,"y":0},"t":40,"s":[{"i":[[9.639,27.81],[2.074,-0.273],[29.158,27.348],[8.505,-5.191],[15.665,0],[6.439,-9.389],[7.685,0.825],[4.422,-16.205],[14.948,-18.159],[0.224,-8.953],[-2.575,-5.203],[-4.788,3.955],[-48.419,-60.69],[-0.009,-2.178],[47.943,11.582],[-49.584,0.704],[-9.041,13.425],[-11.05,0],[-0.015,0],[0,8.564],[-6.021,7.344],[0,12.185],[8.065,6.808]],"o":[[-12,-34.624],[3.353,-7.169],[-17.589,-16.497],[-4.83,-13.99],[-12.266,0],[-5.782,-4.242],[-17.278,-1.855],[0,0],[-4.052,3.841],[-0.156,6.229],[16.468,-14.848],[38.712,28.455],[54.081,44.81],[0.066,16.94],[-4.557,9.582],[25.416,-3.296],[5.895,6.982],[0.016,0],[-4.882,-6.88],[0,-9.556],[9.09,-6.766],[0,-11.364],[12.786,-8.594]],"v":[[172.591,-47.376],[124.346,-75.093],[111.68,-142.003],[51.576,-147.663],[18.915,-174.272],[-15.597,-160.709],[-33.131,-171.433],[-70.399,-145.975],[-108.857,-127.341],[-118.133,-101.547],[-112.271,-80.802],[-64.622,-113.955],[45.009,-71.31],[94.275,26.81],[27.647,73.918],[83.674,126.796],[125.021,103.62],[151.694,115.192],[151.742,115.188],[143.867,91.825],[153.63,66.214],[168.687,36.547],[155.392,8.329]],"c":true}]},{"i":{"x":0.4,"y":1},"o":{"x":0.167,"y":0.167},"t":50,"s":[{"i":[[10.349,22.48],[2.074,-0.273],[32.458,26.003],[8.505,-5.191],[15.665,0],[6.439,-9.389],[6.263,-2.829],[0.964,-16.768],[11.535,-15.71],[-0.636,-6.207],[-3.599,-4.555],[-4.359,4.422],[-48.419,-60.69],[-0.008,-2.178],[47.943,11.582],[-49.584,0.704],[-9.041,13.425],[-11.05,0],[-0.015,0],[0,8.564],[-6.021,7.344],[0,12.185],[8.065,6.808]],"o":[[-15.021,-32.629],[3.353,-7.169],[-21.877,-17.53],[-4.83,-13.99],[-12.266,0],[-5.782,-4.242],[-11.313,5.093],[0,0],[-11.535,15.71],[0.635,6.198],[13.028,-17.941],[41.408,24.362],[54.081,44.81],[0.066,16.94],[-4.557,9.582],[25.416,-3.296],[5.895,6.982],[0.016,0],[-4.882,-6.88],[0,-9.556],[9.09,-6.766],[0,-11.364],[12.786,-8.594]],"v":[[170.111,-49.371],[122.345,-78.593],[106.133,-146.05],[42.576,-149.663],[8.915,-173.772],[-20.598,-158.209],[-53.53,-159.208],[-79.261,-125.585],[-108.849,-107.361],[-117.612,-71.528],[-106.7,-53.148],[-66.199,-105.017],[45.009,-71.31],[94.274,26.81],[27.648,73.918],[83.674,126.796],[125.02,103.62],[151.694,115.192],[151.742,115.188],[143.867,91.825],[153.63,66.214],[168.687,36.547],[155.392,8.329]],"c":true}]},{"t":60,"s":[{"i":[[11.076,25.301],[2.074,-0.273],[36.911,26.003],[8.505,-5.191],[15.665,0],[6.439,-9.389],[7.729,0],[2.667,-16.584],[10.725,-14.3],[0,-6.24],[-3.116,-4.898],[-4.788,3.955],[-48.419,-60.69],[-0.008,-2.178],[47.943,11.582],[-49.584,0.704],[-9.041,13.425],[-11.05,0],[-0.015,0],[0,8.564],[-6.021,7.344],[0,12.185],[8.065,6.808]],"o":[[-14.5,-33.124],[3.353,-7.169],[-21.6,-15.217],[-4.83,-13.99],[-12.266,0],[-5.782,-4.242],[-17.377,0],[0,0],[-10.725,14.3],[0,6.231],[14.789,-16.521],[38.712,28.455],[54.081,44.81],[0.066,16.94],[-4.557,9.582],[25.416,-3.296],[5.895,6.982],[0.016,0],[-4.882,-6.88],[0,-9.556],[9.09,-6.766],[0,-11.364],[12.786,-8.594]],"v":[[171.09,-49.876],[122.346,-78.593],[101.68,-150.503],[42.576,-149.663],[8.915,-173.772],[-20.598,-158.209],[-41.183,-165.038],[-75.521,-135.748],[-107.185,-120.3],[-119.183,-85.876],[-110.199,-66.479],[-64.622,-113.955],[45.009,-71.31],[94.275,26.81],[27.647,73.918],[83.674,126.796],[125.02,103.62],[151.694,115.192],[151.742,115.188],[143.867,91.825],[153.63,66.214],[168.687,36.547],[155.392,8.329]],"c":true}]}],"ix":2},"nm":"Path 2","mn":"ADBE Vector Shape - Group","hd":false},{"ty":"mm","mm":1,"nm":"Merge Paths 1","mn":"ADBE Vector Filter - Merge","hd":false},{"ty":"fl","c":{"a":0,"k":[0.855000035903,0.847000002394,0.838999968884,1],"ix":4},"o":{"a":0,"k":100,"ix":5},"r":1,"bm":0,"nm":"Fill 1","mn":"ADBE Vector Graphic - Fill","hd":false},{"ty":"tr","p":{"a":0,"k":[176.84,174.25],"ix":2},"a":{"a":0,"k":[0,0],"ix":1},"s":{"a":0,"k":[100,100],"ix":3},"r":{"a":0,"k":0,"ix":6},"o":{"a":0,"k":100,"ix":7},"sk":{"a":0,"k":0,"ix":4},"sa":{"a":0,"k":0,"ix":5},"nm":"Transform"}],"nm":"Group 1","np":3,"cix":2,"bm":0,"ix":1,"mn":"ADBE Vector Group","hd":false}],"ip":0,"op":181,"st":0,"bm":0}],"markers":[]}