{"v":"5.7.6","fr":60,"ip":0,"op":120,"w":500,"h":500,"nm":"StarEyes","ddd":0,"assets":[],"layers":[{"ddd":0,"ind":1,"ty":4,"nm":"Layer 8","sr":1,"ks":{"o":{"a":0,"k":100,"ix":11},"r":{"a":1,"k":[{"i":{"x":[0.75],"y":[0.055]},"o":{"x":[0.246],"y":[0.965]},"t":0,"s":[0]},{"t":120,"s":[-360]}],"ix":10},"p":{"a":1,"k":[{"i":{"x":0.667,"y":1},"o":{"x":0.167,"y":0.167},"t":0,"s":[158.4,202.698,0],"to":[0,0,0],"ti":[0,0,0]},{"i":{"x":0.667,"y":1},"o":{"x":0.333,"y":0},"t":29,"s":[179.4,202.698,0],"to":[0,0,0],"ti":[0,0,0]},{"i":{"x":0.667,"y":1},"o":{"x":0.333,"y":0},"t":46,"s":[179.4,262.698,0],"to":[0,0,0],"ti":[0,0,0]},{"i":{"x":0.833,"y":0.833},"o":{"x":0.333,"y":0},"t":49,"s":[179.4,191.884,0],"to":[0,0,0],"ti":[0,0,0]},{"t":120,"s":[158.4,202.698,0]}],"ix":2,"l":2},"a":{"a":0,"k":[159.4,201.698,0],"ix":1,"l":2},"s":{"a":1,"k":[{"i":{"x":[0.667,0.667,0.667],"y":[1,1,1]},"o":{"x":[0.167,0.167,0.167],"y":[0,0,1.883]},"t":0,"s":[100,100,100]},{"i":{"x":[0.667,0.667,0.667],"y":[1,1,1]},"o":{"x":[0.333,0.333,0.333],"y":[0,0,0]},"t":29,"s":[100,100,100]},{"i":{"x":[0.667,0.667,0.667],"y":[1,1,1]},"o":{"x":[0.333,0.333,0.333],"y":[0,0,0]},"t":46,"s":[79,79,100]},{"i":{"x":[0.667,0.667,0.667],"y":[1,1,1]},"o":{"x":[0.333,0.333,0.333],"y":[0,0,0]},"t":60,"s":[150,150,100]},{"i":{"x":[0.833,0.833,0.833],"y":[1,1,-1.564]},"o":{"x":[0.333,0.333,0.333],"y":[0,0,0]},"t":76,"s":[100,100,100]},{"t":120,"s":[100,100,100]}],"ix":6,"l":2}},"ao":0,"shapes":[{"ty":"gr","it":[{"ind":0,"ty":"sh","ix":1,"ks":{"a":0,"k":{"i":[[-6.306,29.192],[0,0],[1.124,-3.547],[0,0],[1.413,-0.431],[0,0],[-3.026,-2.165],[0,0]],"o":[[0,0],[-2.133,-3.05],[0,0],[-0.446,1.409],[0,0],[-3.559,1.085],[0,0],[30.041,-3.82]],"v":[[47.538,-9.031],[22.706,-44.542],[14.746,-43.325],[1.28,-0.798],[-1.69,2.141],[-44.357,15.158],[-45.658,23.103],[-12.998,46.46]],"c":true},"ix":2},"nm":"Path 1","mn":"ADBE Vector Shape - Group","hd":false},{"ty":"fl","c":{"a":0,"k":[0.992156863213,0.929411768913,0.721568644047,1],"ix":4},"o":{"a":0,"k":100,"ix":5},"r":1,"bm":0,"nm":"Fill 1","mn":"ADBE Vector Graphic - Fill","hd":false},{"ty":"tr","p":{"a":0,"k":[132.606,173.951],"ix":2},"a":{"a":0,"k":[0,0],"ix":1},"s":{"a":0,"k":[100,100],"ix":3},"r":{"a":0,"k":0,"ix":6},"o":{"a":0,"k":100,"ix":7},"sk":{"a":0,"k":0,"ix":4},"sa":{"a":0,"k":0,"ix":5},"nm":"Transform"}],"nm":"Group 1","np":2,"cix":2,"bm":0,"ix":1,"mn":"ADBE Vector Group","hd":false},{"ty":"gr","it":[{"ind":0,"ty":"sh","ix":1,"ks":{"a":0,"k":{"i":[[-2.132,-3.049],[0,0],[-1.478,0.011],[0,0],[2.241,-2.97],[0,0],[-0.467,-1.402],[0,0],[3.518,1.214],[0,0],[1.189,-0.877],[0,0],[-0.067,3.72],[0,0],[1.202,0.86],[0,0],[-3.559,1.086],[0,0],[-0.446,1.409],[0,0]],"o":[[0,0],[0.847,1.211],[0,0],[3.721,-0.028],[0,0],[-0.89,1.18],[0,0],[1.176,3.53],[0,0],[-1.397,-0.482],[0,0],[-2.994,2.21],[0,0],[0.027,-1.477],[0,0],[-3.027,-2.165],[0,0],[1.413,-0.431],[0,0],[1.123,-3.547]],"v":[[-4.086,-72.295],[21.478,-35.738],[25.191,-33.821],[69.798,-34.156],[73.415,-26.963],[46.548,8.647],[45.872,12.77],[59.975,55.09],[54.251,60.754],[12.082,46.205],[7.952,46.837],[-27.939,73.327],[-35.094,69.633],[-34.288,25.032],[-36.165,21.3],[-72.45,-4.649],[-71.148,-12.595],[-28.481,-25.611],[-25.511,-28.55],[-12.045,-71.077]],"c":true},"ix":2},"nm":"Path 1","mn":"ADBE Vector Shape - Group","hd":false},{"ty":"fl","c":{"a":0,"k":[0.984313726425,0.886274516582,0.54509806633,1],"ix":4},"o":{"a":0,"k":100,"ix":5},"r":1,"bm":0,"nm":"Fill 1","mn":"ADBE Vector Graphic - Fill","hd":false},{"ty":"tr","p":{"a":0,"k":[159.398,201.703],"ix":2},"a":{"a":0,"k":[0,0],"ix":1},"s":{"a":0,"k":[100,100],"ix":3},"r":{"a":0,"k":0,"ix":6},"o":{"a":0,"k":100,"ix":7},"sk":{"a":0,"k":0,"ix":4},"sa":{"a":0,"k":0,"ix":5},"nm":"Transform"}],"nm":"Group 2","np":2,"cix":2,"bm":0,"ix":2,"mn":"ADBE Vector Group","hd":false},{"ty":"gr","it":[{"ind":0,"ty":"sh","ix":1,"ks":{"a":0,"k":{"i":[[4.251,-0.65],[2.235,0.762],[0,0],[0,0],[2.308,-0.353],[3.254,2.844],[-0.078,4.298],[0,0],[0,0],[-0.893,5.507],[-5.335,1.632],[0,0],[0,0],[-5.52,0.844],[-3.196,-4.573],[0,0],[0,0],[-2.503,-4.987],[3.363,-4.443],[0,0],[0,0],[2.231,-3.653]],"o":[[-2.308,0.353],[0,0],[0,0],[-1.903,1.405],[-4.251,0.65],[-3.221,-2.819],[0,0],[0,0],[-4.533,-3.235],[0.898,-5.508],[0,0],[0,0],[1.682,-5.319],[5.52,-0.844],[0,0],[0,0],[5.598,-0.041],[2.498,4.988],[0,0],[0,0],[1.36,4.078],[-2.255,3.687]],"v":[[57.916,70.905],[50.967,70.277],[11.569,56.683],[-21.966,81.424],[-28.407,84.11],[-40.212,80.665],[-45.163,69.459],[-44.408,27.782],[-78.31,3.541],[-84.207,-10.634],[-74.104,-22.214],[-34.226,-34.381],[-21.646,-74.107],[-9.969,-84.108],[4.164,-78.055],[28.045,-43.907],[69.718,-44.215],[82.84,-36.188],[81.445,-20.897],[56.345,12.37],[69.525,51.914],[68.15,64.088]],"c":true},"ix":2},"nm":"Path 1","mn":"ADBE Vector Shape - Group","hd":false},{"ty":"fl","c":{"a":0,"k":[0.807843148708,0.525490224361,0.023529412225,1],"ix":4},"o":{"a":0,"k":100,"ix":5},"r":1,"bm":0,"nm":"Fill 1","mn":"ADBE Vector Graphic - Fill","hd":false},{"ty":"tr","p":{"a":0,"k":[159.4,201.698],"ix":2},"a":{"a":0,"k":[0,0],"ix":1},"s":{"a":0,"k":[100,100],"ix":3},"r":{"a":0,"k":0,"ix":6},"o":{"a":0,"k":100,"ix":7},"sk":{"a":0,"k":0,"ix":4},"sa":{"a":0,"k":0,"ix":5},"nm":"Transform"}],"nm":"Group 3","np":2,"cix":2,"bm":0,"ix":3,"mn":"ADBE Vector Group","hd":false}],"ip":0,"op":180,"st":0,"bm":0},{"ddd":0,"ind":2,"ty":4,"nm":"Layer 7","sr":1,"ks":{"o":{"a":0,"k":100,"ix":11},"r":{"a":1,"k":[{"i":{"x":[0.75],"y":[0.055]},"o":{"x":[0.246],"y":[0.965]},"t":0,"s":[17]},{"t":120,"s":[-343]}],"ix":10},"p":{"a":1,"k":[{"i":{"x":0.667,"y":1},"o":{"x":0.167,"y":0.167},"t":0,"s":[334.4,201.698,0],"to":[0,0,0],"ti":[0,0,0]},{"i":{"x":0.667,"y":1},"o":{"x":0.333,"y":0},"t":29,"s":[319.4,201.698,0],"to":[0,0,0],"ti":[0,0,0]},{"i":{"x":0.667,"y":1},"o":{"x":0.333,"y":0},"t":46,"s":[319.4,261.698,0],"to":[0,0,0],"ti":[0,0,0]},{"i":{"x":0.833,"y":0.833},"o":{"x":0.333,"y":0},"t":49,"s":[319.4,190.884,0],"to":[0,0,0],"ti":[0,0,0]},{"t":120,"s":[334.4,201.698,0]}],"ix":2,"l":2},"a":{"a":0,"k":[159.4,201.698,0],"ix":1,"l":2},"s":{"a":1,"k":[{"i":{"x":[0.667,0.667,0.667],"y":[1,1,1]},"o":{"x":[0.167,0.167,0.167],"y":[0,0,1.883]},"t":0,"s":[100,100,100]},{"i":{"x":[0.667,0.667,0.667],"y":[1,1,1]},"o":{"x":[0.333,0.333,0.333],"y":[0,0,0]},"t":29,"s":[100,100,100]},{"i":{"x":[0.667,0.667,0.667],"y":[1,1,1]},"o":{"x":[0.333,0.333,0.333],"y":[0,0,0]},"t":46,"s":[79,79,100]},{"i":{"x":[0.667,0.667,0.667],"y":[1,1,1]},"o":{"x":[0.333,0.333,0.333],"y":[0,0,0]},"t":60,"s":[150,150,100]},{"i":{"x":[0.833,0.833,0.833],"y":[1,1,-1.564]},"o":{"x":[0.333,0.333,0.333],"y":[0,0,0]},"t":76,"s":[100,100,100]},{"t":120,"s":[100,100,100]}],"ix":6,"l":2}},"ao":0,"shapes":[{"ty":"gr","it":[{"ind":0,"ty":"sh","ix":1,"ks":{"a":0,"k":{"i":[[-6.306,29.192],[0,0],[1.124,-3.547],[0,0],[1.413,-0.431],[0,0],[-3.026,-2.165],[0,0]],"o":[[0,0],[-2.133,-3.05],[0,0],[-0.446,1.409],[0,0],[-3.559,1.085],[0,0],[30.041,-3.82]],"v":[[47.538,-9.031],[22.706,-44.542],[14.746,-43.325],[1.28,-0.798],[-1.69,2.141],[-44.357,15.158],[-45.658,23.103],[-12.998,46.46]],"c":true},"ix":2},"nm":"Path 1","mn":"ADBE Vector Shape - Group","hd":false},{"ty":"fl","c":{"a":0,"k":[0.992156863213,0.929411768913,0.721568644047,1],"ix":4},"o":{"a":0,"k":100,"ix":5},"r":1,"bm":0,"nm":"Fill 1","mn":"ADBE Vector Graphic - Fill","hd":false},{"ty":"tr","p":{"a":0,"k":[132.606,173.951],"ix":2},"a":{"a":0,"k":[0,0],"ix":1},"s":{"a":0,"k":[100,100],"ix":3},"r":{"a":0,"k":0,"ix":6},"o":{"a":0,"k":100,"ix":7},"sk":{"a":0,"k":0,"ix":4},"sa":{"a":0,"k":0,"ix":5},"nm":"Transform"}],"nm":"Group 1","np":2,"cix":2,"bm":0,"ix":1,"mn":"ADBE Vector Group","hd":false},{"ty":"gr","it":[{"ind":0,"ty":"sh","ix":1,"ks":{"a":0,"k":{"i":[[-2.132,-3.049],[0,0],[-1.478,0.011],[0,0],[2.241,-2.97],[0,0],[-0.467,-1.402],[0,0],[3.518,1.214],[0,0],[1.189,-0.877],[0,0],[-0.067,3.72],[0,0],[1.202,0.86],[0,0],[-3.559,1.086],[0,0],[-0.446,1.409],[0,0]],"o":[[0,0],[0.847,1.211],[0,0],[3.721,-0.028],[0,0],[-0.89,1.18],[0,0],[1.176,3.53],[0,0],[-1.397,-0.482],[0,0],[-2.994,2.21],[0,0],[0.027,-1.477],[0,0],[-3.027,-2.165],[0,0],[1.413,-0.431],[0,0],[1.123,-3.547]],"v":[[-4.086,-72.295],[21.478,-35.738],[25.191,-33.821],[69.798,-34.156],[73.415,-26.963],[46.548,8.647],[45.872,12.77],[59.975,55.09],[54.251,60.754],[12.082,46.205],[7.952,46.837],[-27.939,73.327],[-35.094,69.633],[-34.288,25.032],[-36.165,21.3],[-72.45,-4.649],[-71.148,-12.595],[-28.481,-25.611],[-25.511,-28.55],[-12.045,-71.077]],"c":true},"ix":2},"nm":"Path 1","mn":"ADBE Vector Shape - Group","hd":false},{"ty":"fl","c":{"a":0,"k":[0.984313726425,0.886274516582,0.54509806633,1],"ix":4},"o":{"a":0,"k":100,"ix":5},"r":1,"bm":0,"nm":"Fill 1","mn":"ADBE Vector Graphic - Fill","hd":false},{"ty":"tr","p":{"a":0,"k":[159.398,201.703],"ix":2},"a":{"a":0,"k":[0,0],"ix":1},"s":{"a":0,"k":[100,100],"ix":3},"r":{"a":0,"k":0,"ix":6},"o":{"a":0,"k":100,"ix":7},"sk":{"a":0,"k":0,"ix":4},"sa":{"a":0,"k":0,"ix":5},"nm":"Transform"}],"nm":"Group 2","np":2,"cix":2,"bm":0,"ix":2,"mn":"ADBE Vector Group","hd":false},{"ty":"gr","it":[{"ind":0,"ty":"sh","ix":1,"ks":{"a":0,"k":{"i":[[4.251,-0.65],[2.235,0.762],[0,0],[0,0],[2.308,-0.353],[3.254,2.844],[-0.078,4.298],[0,0],[0,0],[-0.893,5.507],[-5.335,1.632],[0,0],[0,0],[-5.52,0.844],[-3.196,-4.573],[0,0],[0,0],[-2.503,-4.987],[3.363,-4.443],[0,0],[0,0],[2.231,-3.653]],"o":[[-2.308,0.353],[0,0],[0,0],[-1.903,1.405],[-4.251,0.65],[-3.221,-2.819],[0,0],[0,0],[-4.533,-3.235],[0.898,-5.508],[0,0],[0,0],[1.682,-5.319],[5.52,-0.844],[0,0],[0,0],[5.598,-0.041],[2.498,4.988],[0,0],[0,0],[1.36,4.078],[-2.255,3.687]],"v":[[57.916,70.905],[50.967,70.277],[11.569,56.683],[-21.966,81.424],[-28.407,84.11],[-40.212,80.665],[-45.163,69.459],[-44.408,27.782],[-78.31,3.541],[-84.207,-10.634],[-74.104,-22.214],[-34.226,-34.381],[-21.646,-74.107],[-9.969,-84.108],[4.164,-78.055],[28.045,-43.907],[69.718,-44.215],[82.84,-36.188],[81.445,-20.897],[56.345,12.37],[69.525,51.914],[68.15,64.088]],"c":true},"ix":2},"nm":"Path 1","mn":"ADBE Vector Shape - Group","hd":false},{"ty":"fl","c":{"a":0,"k":[0.807843148708,0.525490224361,0.023529412225,1],"ix":4},"o":{"a":0,"k":100,"ix":5},"r":1,"bm":0,"nm":"Fill 1","mn":"ADBE Vector Graphic - Fill","hd":false},{"ty":"tr","p":{"a":0,"k":[159.4,201.698],"ix":2},"a":{"a":0,"k":[0,0],"ix":1},"s":{"a":0,"k":[100,100],"ix":3},"r":{"a":0,"k":0,"ix":6},"o":{"a":0,"k":100,"ix":7},"sk":{"a":0,"k":0,"ix":4},"sa":{"a":0,"k":0,"ix":5},"nm":"Transform"}],"nm":"Group 3","np":2,"cix":2,"bm":0,"ix":3,"mn":"ADBE Vector Group","hd":false}],"ip":0,"op":180,"st":0,"bm":0},{"ddd":0,"ind":3,"ty":4,"nm":"Layer 5","sr":1,"ks":{"o":{"a":0,"k":100,"ix":11},"r":{"a":0,"k":0,"ix":10},"p":{"a":1,"k":[{"i":{"x":0.667,"y":1},"o":{"x":0.333,"y":0},"t":29,"s":[249.766,337.336,0],"to":[0,6.667,0],"ti":[0,-1.417,0]},{"i":{"x":0.667,"y":1},"o":{"x":0.333,"y":0},"t":46,"s":[249.766,377.336,0],"to":[0,1.417,0],"ti":[0,8.25,0]},{"i":{"x":0.667,"y":1},"o":{"x":0.333,"y":0},"t":49,"s":[249.766,345.836,0],"to":[0,-8.25,0],"ti":[0,1.583,0]},{"i":{"x":0.667,"y":1},"o":{"x":0.333,"y":0},"t":60,"s":[249.766,327.836,0],"to":[0,-1.583,0],"ti":[0,-1.417,0]},{"t":86,"s":[249.766,336.336,0]}],"ix":2,"l":2},"a":{"a":0,"k":[0,0,0],"ix":1,"l":2},"s":{"a":1,"k":[{"i":{"x":[0.667,0.667,0.667],"y":[1,1,1]},"o":{"x":[0.333,0.333,0.333],"y":[0,0,0]},"t":29,"s":[0,0,100]},{"i":{"x":[0.667,0.667,0.667],"y":[1,1,1]},"o":{"x":[0.333,0.333,0.333],"y":[0,0,0]},"t":46,"s":[85,60,100]},{"i":{"x":[0.667,0.667,0.667],"y":[1,1,1]},"o":{"x":[0.333,0.333,0.333],"y":[0,0,0]},"t":49,"s":[120,85,100]},{"i":{"x":[0.667,0.667,0.667],"y":[1,1,1]},"o":{"x":[0.333,0.333,0.333],"y":[0,0,0]},"t":60,"s":[129,129,100]},{"i":{"x":[0.833,0.833,0.833],"y":[0.833,0.833,1]},"o":{"x":[0.333,0.333,0.333],"y":[0,0,0]},"t":86,"s":[118,138,100]},{"t":120,"s":[0,0,100]}],"ix":6,"l":2}},"ao":0,"shapes":[{"ty":"gr","it":[{"ind":0,"ty":"sh","ix":1,"ks":{"a":0,"k":{"i":[[0,0],[-1.616,-1.484],[-0.015,-0.014],[-14.188,-0.016],[-0.021,0],[0,0],[-17.957,15.416],[2.235,0]],"o":[[-2.194,0],[0.015,0.014],[18.219,16.705],[0.021,0],[0.021,0],[13.435,-0.015],[1.696,-1.456],[0,0]],"v":[[-49.322,-11.555],[-50.977,-7.369],[-50.932,-7.327],[0.108,11.555],[0.17,11.555],[0.35,11.555],[50.916,-7.309],[49.323,-11.555]],"c":true},"ix":2},"nm":"Path 1","mn":"ADBE Vector Shape - Group","hd":false},{"ty":"fl","c":{"a":0,"k":[0.964705884457,0.964705884457,0.964705884457,1],"ix":4},"o":{"a":0,"k":100,"ix":5},"r":1,"bm":0,"nm":"Fill 1","mn":"ADBE Vector Graphic - Fill","hd":false},{"ty":"tr","p":{"a":0,"k":[0,0],"ix":2},"a":{"a":0,"k":[0,0],"ix":1},"s":{"a":0,"k":[100,100],"ix":3},"r":{"a":0,"k":0,"ix":6},"o":{"a":0,"k":100,"ix":7},"sk":{"a":0,"k":0,"ix":4},"sa":{"a":0,"k":0,"ix":5},"nm":"Transform"}],"nm":"Group 1","np":2,"cix":2,"bm":0,"ix":1,"mn":"ADBE Vector Group","hd":false}],"ip":0,"op":180,"st":0,"bm":0},{"ddd":0,"ind":4,"ty":4,"nm":"Layer 4","sr":1,"ks":{"o":{"a":0,"k":100,"ix":11},"r":{"a":0,"k":0,"ix":10},"p":{"a":1,"k":[{"i":{"x":0.667,"y":1},"o":{"x":0.333,"y":0},"t":29,"s":[249.875,298.985,0],"to":[0,0,0],"ti":[0,0,0]},{"i":{"x":0.667,"y":1},"o":{"x":0.333,"y":0},"t":46,"s":[249.875,331.985,0],"to":[0,0,0],"ti":[0,0,0]},{"i":{"x":0.667,"y":1},"o":{"x":0.333,"y":0},"t":49,"s":[249.875,305.052,0],"to":[0,0,0],"ti":[0,0,0]},{"i":{"x":0.667,"y":1},"o":{"x":0.333,"y":0},"t":60,"s":[249.875,293.112,0],"to":[0,0,0],"ti":[0,0,0]},{"i":{"x":0.833,"y":0.833},"o":{"x":0.333,"y":0},"t":86,"s":[249.875,297.663,0],"to":[0,0,0],"ti":[0,0,0]},{"t":120,"s":[249.875,298.985,0]}],"ix":2,"l":2},"a":{"a":0,"k":[0,0,0],"ix":1,"l":2},"s":{"a":0,"k":[100,100,100],"ix":6,"l":2}},"ao":0,"shapes":[{"ty":"gr","it":[{"ind":0,"ty":"sh","ix":1,"ks":{"a":0,"k":{"i":[[0,0],[0,-0.069],[-15.667,0],[0,0],[0,15.525],[0.009,0.069]],"o":[[-0.009,0.069],[0,15.525],[0,0],[15.668,0],[0,-0.069],[0,0]],"v":[[-66.034,-14.156],[-66.063,-13.949],[-37.704,14.156],[37.704,14.156],[66.063,-13.949],[66.035,-14.156]],"c":true},"ix":2},"nm":"Path 1","mn":"ADBE Vector Shape - Group","hd":false},{"ty":"fl","c":{"a":0,"k":[0.964705884457,0.964705884457,0.964705884457,1],"ix":4},"o":{"a":0,"k":100,"ix":5},"r":1,"bm":0,"nm":"Fill 1","mn":"ADBE Vector Graphic - Fill","hd":false},{"ty":"tr","p":{"a":0,"k":[0,0],"ix":2},"a":{"a":0,"k":[0,0],"ix":1},"s":{"a":0,"k":[100,100],"ix":3},"r":{"a":0,"k":0,"ix":6},"o":{"a":0,"k":100,"ix":7},"sk":{"a":0,"k":0,"ix":4},"sa":{"a":0,"k":0,"ix":5},"nm":"Transform"}],"nm":"Group 1","np":2,"cix":2,"bm":0,"ix":1,"mn":"ADBE Vector Group","hd":false}],"ip":0,"op":180,"st":0,"bm":0},{"ddd":0,"ind":5,"ty":4,"nm":"Layer 3","sr":1,"ks":{"o":{"a":0,"k":100,"ix":11},"r":{"a":0,"k":0,"ix":10},"p":{"a":0,"k":[249.875,330.141,0],"ix":2,"l":2},"a":{"a":0,"k":[0,0,0],"ix":1,"l":2},"s":{"a":0,"k":[100,100,100],"ix":6,"l":2}},"ao":0,"shapes":[{"ty":"gr","it":[{"ind":0,"ty":"sh","ix":1,"ks":{"a":1,"k":[{"i":{"x":0.667,"y":1},"o":{"x":0.333,"y":0},"t":29,"s":[{"i":[[0,17.247],[55.607,0.01],[0,0],[0,0],[0,0],[0,0],[0,0],[8.986,0],[-19.743,-18.104],[-14.745,-0.017],[0,0],[0,0.041],[-0.252,0],[0,0],[-22.514,22.658]],"o":[[-6.479,0],[0,0],[0,0],[0,0],[0,0],[0,0],[-55.607,0.01],[0,16.082],[20.782,19.057],[0,0],[0.041,0],[0,0],[0,0],[14.745,-0.017],[18.018,-18.133]],"v":[[84.938,-55.75],[1.208,-55.75],[1.208,-55.75],[0.956,-55.75],[-0.707,-55.75],[-0.959,-55.75],[-0.959,-55.75],[-84.938,-55.75],[-57.123,-1.498],[-0.002,19.75],[-0.002,19.75],[0.125,19.75],[0.251,19.75],[0.251,19.75],[62.278,-6.495]],"c":true}]},{"i":{"x":0.667,"y":1},"o":{"x":0.333,"y":0},"t":46,"s":[{"i":[[4.039,11.459],[55.607,0.01],[0,0],[0,0],[0,0],[0,0],[0,0],[7.028,-5.702],[-23.137,-14.238],[-14.745,-0.017],[0,0],[-0.027,0.014],[-0.112,0],[0,0],[-21.094,14.286]],"o":[[-6.193,-5.702],[0,0],[0,0],[0,0],[0,0],[0,0],[-55.607,0.01],[-4.039,11.071],[20.516,13.085],[0,0],[0.041,0],[0.028,0],[0,0],[14.745,-0.017],[22.562,-14.248]],"v":[[87.866,-12.823],[1.208,-20.823],[1.208,-20.823],[0.956,-20.823],[-0.707,-20.823],[-0.959,-20.823],[-0.959,-20.823],[-87.7,-12.823],[-58.693,46.233],[-0.002,61.083],[-0.002,61.083],[0.125,61.083],[0.251,61.083],[0.251,61.083],[60.577,44.567]],"c":true}]},{"i":{"x":0.667,"y":1},"o":{"x":0.333,"y":0},"t":49,"s":[{"i":[[4.472,10.839],[55.607,0.01],[0,0],[0,0],[0,0],[0,0],[0,0],[6.819,-6.313],[-23.501,-13.824],[-14.745,-0.017],[0,0],[-0.03,0.011],[-0.097,0],[0,0],[-20.941,13.389]],"o":[[-6.162,-6.313],[0,0],[0,0],[0,0],[0,0],[0,0],[-55.607,0.01],[-4.472,10.534],[20.488,12.445],[0,0],[0.041,0],[0.031,0],[0,0],[14.745,-0.017],[23.049,-13.831]],"v":[[88.179,-38.724],[1.208,-47.58],[1.208,-47.581],[0.956,-47.581],[-0.707,-47.581],[-0.959,-47.581],[-0.959,-47.58],[-87.996,-38.724],[-58.861,20.847],[-0.002,35.011],[-0.002,35.012],[0.125,35.012],[0.251,35.012],[0.251,35.011],[60.395,19.538]],"c":true}]},{"i":{"x":0.667,"y":1},"o":{"x":0.333,"y":0},"t":60,"s":[{"i":[[6.059,8.566],[55.607,0.01],[0,0],[0,0],[0,0],[0,0],[0,0],[6.05,-8.553],[-24.834,-12.305],[-14.745,-0.017],[0,0],[-0.041,0],[-0.041,0],[0,0],[-20.383,10.1]],"o":[[-6.05,-8.553],[0,0],[0,0],[0,0],[0,0],[0,0],[-55.607,0.01],[-6.059,8.566],[20.384,10.1],[0,0],[0.041,0],[0.042,0],[0,0],[14.745,-0.017],[24.834,-12.305]],"v":[[89.33,-50.359],[1.208,-62.359],[1.208,-62.359],[0.956,-62.359],[-0.707,-62.359],[-0.959,-62.359],[-0.959,-62.359],[-89.081,-50.359],[-59.478,11.098],[-0.002,22.749],[-0.002,22.75],[0.125,22.75],[0.251,22.75],[0.251,22.749],[59.727,11.098]],"c":true}]},{"i":{"x":0.833,"y":0.833},"o":{"x":0.333,"y":0},"t":86,"s":[{"i":[[6.059,8.566],[55.607,0.01],[0,0],[0,0],[0,0],[0,0],[0,0],[6.05,-8.553],[-24.834,-12.305],[-14.745,-0.017],[0,0],[-0.041,0],[-0.041,0],[0,0],[-20.383,10.1]],"o":[[-6.05,-8.553],[0,0],[0,0],[0,0],[0,0],[0,0],[-55.607,0.01],[-6.059,8.566],[20.384,10.1],[0,0],[0.041,0],[0.042,0],[0,0],[14.745,-0.017],[24.834,-12.305]],"v":[[89.33,-43.359],[1.208,-55.359],[1.208,-55.359],[0.956,-55.359],[-0.707,-55.359],[-0.959,-55.359],[-0.959,-55.359],[-89.081,-43.359],[-59.478,18.098],[-0.002,29.749],[-0.002,29.75],[0.125,29.75],[0.251,29.75],[0.251,29.749],[59.727,18.098]],"c":true}]},{"t":120,"s":[{"i":[[0,17.247],[55.607,0.01],[0,0],[0,0],[0,0],[0,0],[0,0],[8.986,0],[-19.743,-18.104],[-14.745,-0.017],[0,0],[0,0.041],[-0.252,0],[0,0],[-22.514,22.658]],"o":[[-6.479,0],[0,0],[0,0],[0,0],[0,0],[0,0],[-55.607,0.01],[0,16.082],[20.782,19.057],[0,0],[0.041,0],[0,0],[0,0],[14.745,-0.017],[18.018,-18.133]],"v":[[84.938,-55.75],[1.208,-55.75],[1.208,-55.75],[0.956,-55.75],[-0.707,-55.75],[-0.959,-55.75],[-0.959,-55.75],[-84.938,-55.75],[-57.123,-1.498],[-0.002,19.75],[-0.002,19.75],[0.125,19.75],[0.251,19.75],[0.251,19.75],[62.278,-6.495]],"c":true}]}],"ix":2},"nm":"Path 1","mn":"ADBE Vector Shape - Group","hd":false},{"ty":"fl","c":{"a":0,"k":[0.188235297799,0.176470592618,0.168627455831,1],"ix":4},"o":{"a":0,"k":100,"ix":5},"r":1,"bm":0,"nm":"Fill 1","mn":"ADBE Vector Graphic - Fill","hd":false},{"ty":"tr","p":{"a":0,"k":[0,0],"ix":2},"a":{"a":0,"k":[0,0],"ix":1},"s":{"a":0,"k":[100,100],"ix":3},"r":{"a":0,"k":0,"ix":6},"o":{"a":0,"k":100,"ix":7},"sk":{"a":0,"k":0,"ix":4},"sa":{"a":0,"k":0,"ix":5},"nm":"Transform"}],"nm":"Group 1","np":2,"cix":2,"bm":0,"ix":1,"mn":"ADBE Vector Group","hd":false}],"ip":0,"op":180,"st":0,"bm":0},{"ddd":0,"ind":6,"ty":4,"nm":"Layer 1","sr":1,"ks":{"o":{"a":0,"k":100,"ix":11},"r":{"a":0,"k":0,"ix":10},"p":{"a":0,"k":[251,400,0],"ix":2,"l":2},"a":{"a":0,"k":[1,150,0],"ix":1,"l":2},"s":{"a":1,"k":[{"i":{"x":[0.667,0.667,0.667],"y":[1,1,1]},"o":{"x":[0.167,0.167,0.167],"y":[0.167,0.167,0]},"t":29,"s":[100,100,100]},{"i":{"x":[0.667,0.667,0.667],"y":[1,1,1]},"o":{"x":[0.333,0.333,0.333],"y":[0,0,0]},"t":46,"s":[110,99,100]},{"i":{"x":[0.833,0.833,0.833],"y":[0.833,0.833,1]},"o":{"x":[0.333,0.333,0.333],"y":[0,0,0]},"t":60,"s":[98.108,103.189,100]},{"t":76,"s":[100,100,100]}],"ix":6,"l":2}},"ao":0,"shapes":[{"ty":"gr","it":[{"ind":0,"ty":"sh","ix":1,"ks":{"a":0,"k":{"i":[[83.261,0],[0,-83.261],[-83.261,0],[0,83.26]],"o":[[-83.261,0],[0,83.26],[83.261,0],[0,-83.261]],"v":[[0,-151],[-151,0],[0,151],[151,0]],"c":true},"ix":2},"nm":"Path 1","mn":"ADBE Vector Shape - Group","hd":false},{"ty":"fl","c":{"a":0,"k":[0.984313726425,0.819607853889,0.337254911661,1],"ix":4},"o":{"a":0,"k":100,"ix":5},"r":1,"bm":0,"nm":"Fill 1","mn":"ADBE Vector Graphic - Fill","hd":false},{"ty":"tr","p":{"a":0,"k":[0,0],"ix":2},"a":{"a":0,"k":[0,0],"ix":1},"s":{"a":0,"k":[100,100],"ix":3},"r":{"a":0,"k":0,"ix":6},"o":{"a":0,"k":100,"ix":7},"sk":{"a":0,"k":0,"ix":4},"sa":{"a":0,"k":0,"ix":5},"nm":"Transform"}],"nm":"Group 1","np":2,"cix":2,"bm":0,"ix":1,"mn":"ADBE Vector Group","hd":false}],"ip":0,"op":180,"st":0,"bm":0}],"markers":[]}