{"v":"5.7.6","fr":60,"ip":0,"op":120,"w":500,"h":500,"nm":"Scare","ddd":0,"assets":[],"layers":[{"ddd":0,"ind":1,"ty":4,"nm":"Layer 9","parent":9,"sr":1,"ks":{"o":{"a":1,"k":[{"i":{"x":[0.833],"y":[0.833]},"o":{"x":[0.167],"y":[0.167]},"t":0,"s":[100]},{"i":{"x":[0.667],"y":[1]},"o":{"x":[0.167],"y":[0.167]},"t":40,"s":[100]},{"i":{"x":[0.667],"y":[1]},"o":{"x":[0.333],"y":[0]},"t":46,"s":[0]},{"i":{"x":[0.833],"y":[0.833]},"o":{"x":[0.333],"y":[0]},"t":96,"s":[0]},{"t":101,"s":[100]}],"ix":11},"r":{"a":0,"k":0,"ix":10},"p":{"a":1,"k":[{"i":{"x":0.833,"y":0.833},"o":{"x":0.167,"y":0.167},"t":0,"s":[71.094,-47.488,0],"to":[0,0,0],"ti":[0,0,0]},{"i":{"x":0.667,"y":1},"o":{"x":0.167,"y":0.167},"t":40,"s":[71.094,-49.488,0],"to":[0,0,0],"ti":[0,0,0]},{"i":{"x":0.833,"y":0.833},"o":{"x":0.333,"y":0},"t":51,"s":[71.094,-29.477,0],"to":[0,0,0],"ti":[0,0,0]},{"i":{"x":0.833,"y":0.833},"o":{"x":0.167,"y":0.167},"t":101,"s":[71.094,-70.824,0],"to":[0,0,0],"ti":[0,0,0]},{"t":120,"s":[71.094,-47.488,0]}],"ix":2,"l":2},"a":{"a":0,"k":[0,0,0],"ix":1,"l":2},"s":{"a":1,"k":[{"i":{"x":[0.833,0.833,0.833],"y":[0.833,0.833,0.833]},"o":{"x":[0.167,0.167,0.167],"y":[0.167,0.167,0.167]},"t":0,"s":[100,100,100]},{"i":{"x":[0.667,0.667,0.667],"y":[1,1,1]},"o":{"x":[0.167,0.167,0.167],"y":[0.167,0.167,0.45]},"t":40,"s":[100,100,100]},{"i":{"x":[0.667,0.667,0.667],"y":[1,1,1]},"o":{"x":[0.333,0.333,0.333],"y":[0,0,0]},"t":51,"s":[38,38,100]},{"i":{"x":[0.833,0.833,0.833],"y":[0.833,0.833,1.337]},"o":{"x":[0.333,0.333,0.333],"y":[0,0,0]},"t":91,"s":[73.942,73.942,100]},{"i":{"x":[0.833,0.833,0.833],"y":[0.833,0.833,0.833]},"o":{"x":[0.167,0.167,0.167],"y":[0.167,0.167,0.167]},"t":101,"s":[111.928,111.928,100]},{"t":120,"s":[100,100,100]}],"ix":6,"l":2}},"ao":0,"shapes":[{"ty":"gr","it":[{"ind":0,"ty":"sh","ix":1,"ks":{"a":0,"k":{"i":[[0,0],[-17.41,3.274],[4.978,30.014],[17.42,-3.274],[-4.977,-30.014]],"o":[[4.967,30.03],[17.431,-3.279],[-4.967,-30.019],[-17.421,3.268],[0,0]],"v":[[-31.542,5.917],[8.993,54.362],[31.541,-5.928],[-8.993,-54.362],[-31.542,5.917]],"c":false},"ix":2},"nm":"Path 1","mn":"ADBE Vector Shape - Group","hd":false},{"ty":"fl","c":{"a":0,"k":[1,1,1,1],"ix":4},"o":{"a":0,"k":100,"ix":5},"r":1,"bm":0,"nm":"Fill 1","mn":"ADBE Vector Graphic - Fill","hd":false},{"ty":"tr","p":{"a":0,"k":[0,0],"ix":2},"a":{"a":0,"k":[0,0],"ix":1},"s":{"a":0,"k":[100,100],"ix":3},"r":{"a":0,"k":0,"ix":6},"o":{"a":0,"k":100,"ix":7},"sk":{"a":0,"k":0,"ix":4},"sa":{"a":0,"k":0,"ix":5},"nm":"Transform"}],"nm":"Group 1","np":2,"cix":2,"bm":0,"ix":1,"mn":"ADBE Vector Group","hd":false}],"ip":0,"op":180,"st":0,"bm":0},{"ddd":0,"ind":2,"ty":4,"nm":"Layer 8","parent":9,"sr":1,"ks":{"o":{"a":1,"k":[{"i":{"x":[0.833],"y":[0.833]},"o":{"x":[0.167],"y":[0.167]},"t":0,"s":[100]},{"i":{"x":[0.667],"y":[1]},"o":{"x":[0.167],"y":[0.167]},"t":40,"s":[100]},{"i":{"x":[0.667],"y":[1]},"o":{"x":[0.333],"y":[0]},"t":46,"s":[0]},{"i":{"x":[0.833],"y":[0.833]},"o":{"x":[0.333],"y":[0]},"t":96,"s":[0]},{"t":101,"s":[100]}],"ix":11},"r":{"a":0,"k":0,"ix":10},"p":{"a":1,"k":[{"i":{"x":0.833,"y":0.833},"o":{"x":0.167,"y":0.167},"t":0,"s":[-71.094,-47.488,0],"to":[0,0,0],"ti":[0,0,0]},{"i":{"x":0.667,"y":1},"o":{"x":0.167,"y":0.167},"t":40,"s":[-71.094,-49.488,0],"to":[0,0,0],"ti":[0,0,0]},{"i":{"x":0.833,"y":0.833},"o":{"x":0.333,"y":0},"t":51,"s":[-71.094,-29.477,0],"to":[0,0,0],"ti":[0,0,0]},{"i":{"x":0.833,"y":0.833},"o":{"x":0.167,"y":0.167},"t":101,"s":[-71.094,-70.824,0],"to":[0,0,0],"ti":[0,0,0]},{"t":120,"s":[-71.094,-47.488,0]}],"ix":2,"l":2},"a":{"a":0,"k":[0,0,0],"ix":1,"l":2},"s":{"a":1,"k":[{"i":{"x":[0.833,0.833,0.833],"y":[0.833,0.833,0.833]},"o":{"x":[0.167,0.167,0.167],"y":[0.167,0.167,0.167]},"t":0,"s":[100,100,100]},{"i":{"x":[0.667,0.667,0.667],"y":[1,1,1]},"o":{"x":[0.167,0.167,0.167],"y":[0.167,0.167,0.45]},"t":40,"s":[100,100,100]},{"i":{"x":[0.667,0.667,0.667],"y":[1,1,1]},"o":{"x":[0.333,0.333,0.333],"y":[0,0,0]},"t":51,"s":[38,38,100]},{"i":{"x":[0.833,0.833,0.833],"y":[0.833,0.833,1.337]},"o":{"x":[0.333,0.333,0.333],"y":[0,0,0]},"t":91,"s":[73.942,73.942,100]},{"i":{"x":[0.833,0.833,0.833],"y":[0.833,0.833,0.833]},"o":{"x":[0.167,0.167,0.167],"y":[0.167,0.167,0.167]},"t":101,"s":[111.928,111.928,100]},{"t":120,"s":[100,100,100]}],"ix":6,"l":2}},"ao":0,"shapes":[{"ty":"gr","it":[{"ind":0,"ty":"sh","ix":1,"ks":{"a":0,"k":{"i":[[0,0],[17.41,3.274],[-4.977,30.014],[-17.421,-3.274],[4.978,-30.014]],"o":[[-4.967,30.03],[-17.432,-3.279],[4.967,-30.019],[17.421,3.268],[0,0]],"v":[[31.542,5.917],[-8.993,54.362],[-31.541,-5.928],[8.994,-54.362],[31.542,5.917]],"c":false},"ix":2},"nm":"Path 1","mn":"ADBE Vector Shape - Group","hd":false},{"ty":"fl","c":{"a":0,"k":[1,1,1,1],"ix":4},"o":{"a":0,"k":100,"ix":5},"r":1,"bm":0,"nm":"Fill 1","mn":"ADBE Vector Graphic - Fill","hd":false},{"ty":"tr","p":{"a":0,"k":[0,0],"ix":2},"a":{"a":0,"k":[0,0],"ix":1},"s":{"a":0,"k":[100,100],"ix":3},"r":{"a":0,"k":0,"ix":6},"o":{"a":0,"k":100,"ix":7},"sk":{"a":0,"k":0,"ix":4},"sa":{"a":0,"k":0,"ix":5},"nm":"Transform"}],"nm":"Group 1","np":2,"cix":2,"bm":0,"ix":1,"mn":"ADBE Vector Group","hd":false}],"ip":0,"op":180,"st":0,"bm":0},{"ddd":0,"ind":3,"ty":4,"nm":"Layer 7","parent":9,"sr":1,"ks":{"o":{"a":1,"k":[{"i":{"x":[0.667],"y":[1]},"o":{"x":[0.167],"y":[0.167]},"t":40,"s":[100]},{"i":{"x":[0.667],"y":[1]},"o":{"x":[0.333],"y":[0]},"t":51,"s":[0]},{"i":{"x":[0.833],"y":[0.833]},"o":{"x":[0.333],"y":[0]},"t":91,"s":[0]},{"t":101,"s":[100]}],"ix":11},"r":{"a":0,"k":0,"ix":10},"p":{"a":0,"k":[0,-91.708,0],"ix":2,"l":2},"a":{"a":0,"k":[0,0,0],"ix":1,"l":2},"s":{"a":0,"k":[100.5,100.5,100],"ix":6,"l":2}},"ao":0,"shapes":[{"ty":"gr","it":[{"ind":0,"ty":"sh","ix":1,"ks":{"a":0,"k":{"i":[[-4.913,-1.176],[92.05,0],[6.826,-90.31],[-5.811,0.224],[-0.011,0.015],[-1.048,0],[-11.098,-4.775],[-30.046,-29.906],[-12.721,0],[-2.297,-0.198]],"o":[[-6.772,-90.342],[-92.007,0],[5.63,-1.314],[0,-0.016],[1.036,-0.043],[12.827,0],[30.067,-29.993],[11.023,-4.7],[2.307,0],[5.052,0.347]],"v":[[174.103,78.592],[0,-83.292],[-174.103,78.496],[-156.949,76.125],[-156.938,76.076],[-153.829,75.847],[-117.695,83.292],[116.414,83.163],[152.271,75.847],[159.139,76.365]],"c":true},"ix":2},"nm":"Path 1","mn":"ADBE Vector Shape - Group","hd":false},{"ty":"fl","c":{"a":0,"k":[0.46274510026,0.768627464771,0.913725495338,1],"ix":4},"o":{"a":0,"k":100,"ix":5},"r":1,"bm":0,"nm":"Fill 1","mn":"ADBE Vector Graphic - Fill","hd":false},{"ty":"tr","p":{"a":0,"k":[0,0],"ix":2},"a":{"a":0,"k":[0,0],"ix":1},"s":{"a":0,"k":[100,100],"ix":3},"r":{"a":0,"k":0,"ix":6},"o":{"a":0,"k":100,"ix":7},"sk":{"a":0,"k":0,"ix":4},"sa":{"a":0,"k":0,"ix":5},"nm":"Transform"}],"nm":"Group 1","np":2,"cix":2,"bm":0,"ix":1,"mn":"ADBE Vector Group","hd":false}],"ip":0,"op":180,"st":0,"bm":0},{"ddd":0,"ind":4,"ty":4,"nm":"Layer 6","parent":9,"sr":1,"ks":{"o":{"a":1,"k":[{"i":{"x":[0.667],"y":[1]},"o":{"x":[0.333],"y":[0]},"t":46,"s":[100]},{"i":{"x":[0.667],"y":[1]},"o":{"x":[0.333],"y":[0]},"t":51,"s":[0]},{"i":{"x":[0.667],"y":[1]},"o":{"x":[0.333],"y":[0]},"t":91,"s":[0]},{"t":96,"s":[100]}],"ix":11},"r":{"a":0,"k":0,"ix":10},"p":{"a":1,"k":[{"i":{"x":0.667,"y":1},"o":{"x":0.167,"y":0.167},"t":40,"s":[126.54,88.045,0],"to":[0,0,0],"ti":[0,0,0]},{"i":{"x":0.667,"y":0.667},"o":{"x":0.333,"y":0.333},"t":51,"s":[181.54,153.045,0],"to":[0,0,0],"ti":[0,0,0]},{"i":{"x":0.833,"y":0.833},"o":{"x":0.333,"y":0},"t":91,"s":[181.54,153.045,0],"to":[0,0,0],"ti":[0,0,0]},{"t":101,"s":[126.54,88.045,0]}],"ix":2,"l":2},"a":{"a":0,"k":[0,0,0],"ix":1,"l":2},"s":{"a":0,"k":[100,100,100],"ix":6,"l":2}},"ao":0,"shapes":[{"ty":"gr","it":[{"ind":0,"ty":"sh","ix":1,"ks":{"a":0,"k":{"i":[[0,-9.185],[0,0],[0,0],[0,0],[-41.293,0],[-7.007,-2.179]],"o":[[0,0],[0,0],[0,0],[0,-41.283],[7.712,0],[-1.047,2.404]],"v":[[39.542,-50.886],[39.542,86.955],[-48.46,86.955],[-48.46,-12.208],[26.287,-86.955],[48.46,-84.306]],"c":true},"ix":2},"nm":"Path 1","mn":"ADBE Vector Shape - Group","hd":false},{"ty":"fl","c":{"a":0,"k":[0.941176474094,0.670588254929,0.129411771894,1],"ix":4},"o":{"a":0,"k":100,"ix":5},"r":1,"bm":0,"nm":"Fill 1","mn":"ADBE Vector Graphic - Fill","hd":false},{"ty":"tr","p":{"a":0,"k":[0,0],"ix":2},"a":{"a":0,"k":[0,0],"ix":1},"s":{"a":0,"k":[100,100],"ix":3},"r":{"a":0,"k":0,"ix":6},"o":{"a":0,"k":100,"ix":7},"sk":{"a":0,"k":0,"ix":4},"sa":{"a":0,"k":0,"ix":5},"nm":"Transform"}],"nm":"Group 1","np":2,"cix":2,"bm":0,"ix":1,"mn":"ADBE Vector Group","hd":false}],"ip":0,"op":180,"st":0,"bm":0},{"ddd":0,"ind":5,"ty":4,"nm":"Layer 5","parent":9,"sr":1,"ks":{"o":{"a":1,"k":[{"i":{"x":[0.667],"y":[1]},"o":{"x":[0.333],"y":[0]},"t":46,"s":[100]},{"i":{"x":[0.667],"y":[1]},"o":{"x":[0.333],"y":[0]},"t":51,"s":[0]},{"i":{"x":[0.667],"y":[1]},"o":{"x":[0.333],"y":[0]},"t":91,"s":[0]},{"t":96,"s":[100]}],"ix":11},"r":{"a":0,"k":0,"ix":10},"p":{"a":1,"k":[{"i":{"x":0.667,"y":1},"o":{"x":0.167,"y":0.167},"t":40,"s":[-126.764,88.045,0],"to":[0,0,0],"ti":[0,0,0]},{"i":{"x":0.667,"y":0.667},"o":{"x":0.333,"y":0.333},"t":51,"s":[-191.764,143.045,0],"to":[0,0,0],"ti":[0,0,0]},{"i":{"x":0.833,"y":0.833},"o":{"x":0.333,"y":0},"t":91,"s":[-191.764,143.045,0],"to":[0,0,0],"ti":[0,0,0]},{"t":101,"s":[-126.764,88.045,0]}],"ix":2,"l":2},"a":{"a":0,"k":[0,0,0],"ix":1,"l":2},"s":{"a":0,"k":[100,100,100],"ix":6,"l":2}},"ao":0,"shapes":[{"ty":"gr","it":[{"ind":0,"ty":"sh","ix":1,"ks":{"a":0,"k":{"i":[[0,-9.185],[0,0],[0,0],[0,0],[41.283,0],[7.007,-2.179]],"o":[[0,0],[0,0],[0,0],[0,-41.283],[-7.723,0],[1.047,2.404]],"v":[[-39.776,-50.886],[-39.776,86.955],[48.236,86.955],[48.236,-12.208],[-26.51,-86.955],[-48.236,-83.923]],"c":true},"ix":2},"nm":"Path 1","mn":"ADBE Vector Shape - Group","hd":false},{"ty":"fl","c":{"a":0,"k":[0.941176474094,0.670588254929,0.129411771894,1],"ix":4},"o":{"a":0,"k":100,"ix":5},"r":1,"bm":0,"nm":"Fill 1","mn":"ADBE Vector Graphic - Fill","hd":false},{"ty":"tr","p":{"a":0,"k":[0,0],"ix":2},"a":{"a":0,"k":[0,0],"ix":1},"s":{"a":0,"k":[100,100],"ix":3},"r":{"a":0,"k":0,"ix":6},"o":{"a":0,"k":100,"ix":7},"sk":{"a":0,"k":0,"ix":4},"sa":{"a":0,"k":0,"ix":5},"nm":"Transform"}],"nm":"Group 1","np":2,"cix":2,"bm":0,"ix":1,"mn":"ADBE Vector Group","hd":false}],"ip":0,"op":180,"st":0,"bm":0},{"ddd":0,"ind":6,"ty":4,"nm":"Layer 4","parent":9,"sr":1,"ks":{"o":{"a":0,"k":100,"ix":11},"r":{"a":0,"k":0,"ix":10},"p":{"a":0,"k":[0,63.03,0],"ix":2,"l":2},"a":{"a":0,"k":[0,0,0],"ix":1,"l":2},"s":{"a":0,"k":[100,100,100],"ix":6,"l":2}},"ao":0,"shapes":[{"ty":"gr","it":[{"ind":0,"ty":"sh","ix":1,"ks":{"a":1,"k":[{"i":{"x":0.833,"y":0.833},"o":{"x":0.167,"y":0.167},"t":0,"s":[{"i":[[0,0],[0,23.941],[0,0],[24.172,0],[0,0],[0,-23.942],[0,0],[-24.161,0]],"o":[[24.172,0],[0,0],[0,-23.942],[0,0],[-24.161,0],[0,0],[0,23.941],[0,0]],"v":[[0,65.625],[43.75,22.286],[43.75,-22.286],[0,-65.625],[0,-65.625],[-43.75,-22.286],[-43.75,22.286],[0,65.625]],"c":true}]},{"i":{"x":0.667,"y":1},"o":{"x":0.167,"y":0.167},"t":40,"s":[{"i":[[0,0],[0,23.941],[0,0],[24.172,0],[0,0],[0,-23.942],[0,0],[-24.161,0]],"o":[[24.172,0],[0,0],[0,-23.942],[0,0],[-24.161,0],[0,0],[0,23.941],[0,0]],"v":[[0,65.625],[43.75,22.286],[43.75,-22.286],[0,-65.625],[0,-65.625],[-43.75,-22.286],[-43.75,22.286],[0,65.625]],"c":true}]},{"i":{"x":0.667,"y":1},"o":{"x":0.333,"y":0},"t":51,"s":[{"i":[[0,0],[0,23.941],[0,0],[24.172,0],[0,0],[0,-23.942],[0,0],[-24.161,0]],"o":[[24.172,0],[0,0],[0,-23.942],[0,0],[-24.161,0],[0,0],[0,23.941],[0,0]],"v":[[0,43.403],[43.75,33.397],[43.75,22.158],[0,-16.736],[0,-16.736],[-43.75,22.158],[-43.75,33.397],[0,43.403]],"c":true}]},{"i":{"x":0.833,"y":0.833},"o":{"x":0.333,"y":0},"t":91,"s":[{"i":[[0,0],[0,23.941],[0,0],[24.172,0],[0,0],[0,-23.942],[0,0],[-24.161,0]],"o":[[24.172,0],[0,0],[0,-23.942],[0,0],[-24.161,0],[0,0],[0,23.941],[0,0]],"v":[[0,43.403],[43.75,33.397],[43.75,22.158],[0,-16.736],[0,-16.736],[-43.75,22.158],[-43.75,33.397],[0,43.403]],"c":true}]},{"i":{"x":0.833,"y":0.833},"o":{"x":0.167,"y":0.167},"t":101,"s":[{"i":[[0,0],[0,23.941],[0,0],[24.172,0],[0,0],[0,-23.942],[0,0],[-24.161,0]],"o":[[24.172,0],[0,0],[0,-23.942],[0,0],[-24.161,0],[0,0],[0,23.941],[0,0]],"v":[[0,75.059],[43.75,31.72],[43.75,-22.286],[0,-65.625],[0,-65.625],[-43.75,-22.286],[-43.75,31.72],[0,75.059]],"c":true}]},{"i":{"x":0.833,"y":0.833},"o":{"x":0.167,"y":0.167},"t":110,"s":[{"i":[[0,0],[0,23.941],[0,0],[24.172,0],[0,0],[0,-23.942],[0,0],[-24.161,0]],"o":[[24.172,0],[0,0],[0,-23.942],[0,0],[-24.161,0],[0,0],[0,23.941],[0,0]],"v":[[0,55.931],[43.75,12.592],[43.75,-2.898],[0,-46.237],[0,-46.237],[-43.75,-2.898],[-43.75,12.592],[0,55.931]],"c":true}]},{"t":120,"s":[{"i":[[0,0],[0,23.941],[0,0],[24.172,0],[0,0],[0,-23.942],[0,0],[-24.161,0]],"o":[[24.172,0],[0,0],[0,-23.942],[0,0],[-24.161,0],[0,0],[0,23.941],[0,0]],"v":[[0,65.625],[43.75,22.286],[43.75,-22.286],[0,-65.625],[0,-65.625],[-43.75,-22.286],[-43.75,22.286],[0,65.625]],"c":true}]}],"ix":2},"nm":"Path 1","mn":"ADBE Vector Shape - Group","hd":false},{"ty":"fl","c":{"a":0,"k":[0.188235297799,0.176470592618,0.168627455831,1],"ix":4},"o":{"a":0,"k":100,"ix":5},"r":1,"bm":0,"nm":"Fill 1","mn":"ADBE Vector Graphic - Fill","hd":false},{"ty":"tr","p":{"a":0,"k":[0,0],"ix":2},"a":{"a":0,"k":[0,0],"ix":1},"s":{"a":0,"k":[100,100],"ix":3},"r":{"a":0,"k":0,"ix":6},"o":{"a":0,"k":100,"ix":7},"sk":{"a":0,"k":0,"ix":4},"sa":{"a":0,"k":0,"ix":5},"nm":"Transform"}],"nm":"Group 1","np":2,"cix":2,"bm":0,"ix":1,"mn":"ADBE Vector Group","hd":false}],"ip":0,"op":180,"st":0,"bm":0},{"ddd":0,"ind":8,"ty":4,"nm":"Layer 2","parent":9,"sr":1,"ks":{"o":{"a":1,"k":[{"i":{"x":[0.667],"y":[1]},"o":{"x":[0.167],"y":[0.167]},"t":43,"s":[0]},{"i":{"x":[0.667],"y":[1]},"o":{"x":[0.333],"y":[0]},"t":46,"s":[100]},{"i":{"x":[0.667],"y":[1]},"o":{"x":[0.333],"y":[0]},"t":96,"s":[100]},{"t":99,"s":[0]}],"ix":11},"r":{"a":0,"k":0,"ix":10},"p":{"a":0,"k":[0.001,-30.527,0],"ix":2,"l":2},"a":{"a":0,"k":[250.001,219.473,0],"ix":1,"l":2},"s":{"a":0,"k":[100,100,100],"ix":6,"l":2}},"ao":0,"shapes":[{"ty":"gr","it":[{"ind":0,"ty":"sh","ix":1,"ks":{"a":0,"k":{"i":[[0,0],[12.086,0],[0,18.109],[-12.075,0],[0,-18.131]],"o":[[0,18.109],[-12.075,0],[0,-18.131],[12.086,0],[0,0]],"v":[[21.875,0],[-0.005,32.812],[-21.875,0],[-0.005,-32.812],[21.875,0]],"c":false},"ix":2},"nm":"Path 1","mn":"ADBE Vector Shape - Group","hd":false},{"ty":"fl","c":{"a":0,"k":[0.188235297799,0.176470592618,0.168627455831,1],"ix":4},"o":{"a":0,"k":100,"ix":5},"r":1,"bm":0,"nm":"Fill 1","mn":"ADBE Vector Graphic - Fill","hd":false},{"ty":"tr","p":{"a":0,"k":[308.704,219.473],"ix":2},"a":{"a":0,"k":[0,0],"ix":1},"s":{"a":0,"k":[100,100],"ix":3},"r":{"a":0,"k":0,"ix":6},"o":{"a":0,"k":100,"ix":7},"sk":{"a":0,"k":0,"ix":4},"sa":{"a":0,"k":0,"ix":5},"nm":"Transform"}],"nm":"Group 1","np":2,"cix":2,"bm":0,"ix":1,"mn":"ADBE Vector Group","hd":false},{"ty":"gr","it":[{"ind":0,"ty":"sh","ix":1,"ks":{"a":0,"k":{"i":[[0,0],[12.071,0],[0,18.109],[-12.085,0],[0,-18.131]],"o":[[0,18.109],[-12.085,0],[0,-18.131],[12.071,0],[0,0]],"v":[[21.875,0],[0.01,32.812],[-21.875,0],[0.01,-32.812],[21.875,0]],"c":false},"ix":2},"nm":"Path 1","mn":"ADBE Vector Shape - Group","hd":false},{"ty":"fl","c":{"a":0,"k":[0.188235297799,0.176470592618,0.168627455831,1],"ix":4},"o":{"a":0,"k":100,"ix":5},"r":1,"bm":0,"nm":"Fill 1","mn":"ADBE Vector Graphic - Fill","hd":false},{"ty":"tr","p":{"a":0,"k":[191.297,219.473],"ix":2},"a":{"a":0,"k":[0,0],"ix":1},"s":{"a":0,"k":[100,100],"ix":3},"r":{"a":0,"k":0,"ix":6},"o":{"a":0,"k":100,"ix":7},"sk":{"a":0,"k":0,"ix":4},"sa":{"a":0,"k":0,"ix":5},"nm":"Transform"}],"nm":"Group 2","np":2,"cix":2,"bm":0,"ix":2,"mn":"ADBE Vector Group","hd":false}],"ip":0,"op":180,"st":0,"bm":0},{"ddd":0,"ind":9,"ty":4,"nm":"Layer 1","sr":1,"ks":{"o":{"a":0,"k":100,"ix":11},"r":{"a":0,"k":0,"ix":10},"p":{"a":0,"k":[253,426,0],"ix":2,"l":2},"a":{"a":0,"k":[3,176,0],"ix":1,"l":2},"s":{"a":1,"k":[{"i":{"x":[0.667,0.667,0.667],"y":[1,1,1]},"o":{"x":[0.167,0.167,0.167],"y":[0,0.167,0]},"t":40,"s":[100,100,100]},{"i":{"x":[0.667,0.667,0.667],"y":[1,1,1]},"o":{"x":[0.333,0.333,0.333],"y":[0,0,0]},"t":51,"s":[100,90,100]},{"i":{"x":[0.667,0.667,0.667],"y":[1,1,1]},"o":{"x":[0.333,0.333,0.333],"y":[0,0,0]},"t":63,"s":[100.15,100,100]},{"i":{"x":[0.833,0.833,0.833],"y":[0.833,0.833,1]},"o":{"x":[0.333,0.333,0.333],"y":[0,0,0]},"t":91,"s":[101,95,100]},{"i":{"x":[0.833,0.833,0.833],"y":[0.833,0.833,0.833]},"o":{"x":[0.167,0.167,0.167],"y":[0.167,0.167,0.167]},"t":101,"s":[81,109,100]},{"t":120,"s":[100,100,100]}],"ix":6,"l":2}},"ao":0,"shapes":[{"ty":"gr","it":[{"ind":0,"ty":"sh","ix":1,"ks":{"a":1,"k":[{"i":{"x":0.833,"y":0.833},"o":{"x":0.167,"y":0.167},"t":0,"s":[{"i":[[92.091,0],[6.811,-90.312],[-2.543,-3.675],[0.078,-69.681],[-21.689,0],[-19.06,7.139],[-20.784,35.86],[-63.979,-12.902]],"o":[[-92.024,0],[65.55,-12.7],[18.853,27.244],[19.185,7.246],[21.522,0],[-0.145,-93.386],[2.21,-3.814],[-6.724,-90.397]],"v":[[0,-175],[-174.501,-13.284],[-75.553,26.736],[-61.655,163.788],[0,175],[61.209,163.956],[76.938,23.98],[174.514,-13.106]],"c":true}]},{"i":{"x":0.667,"y":1},"o":{"x":0.167,"y":0.167},"t":40,"s":[{"i":[[92.091,0],[6.811,-90.312],[-2.543,-3.675],[0.078,-69.681],[-21.689,0],[-19.06,7.139],[-20.784,35.86],[-63.979,-12.902]],"o":[[-92.024,0],[65.55,-12.7],[18.853,27.244],[19.185,7.246],[21.522,0],[-0.145,-93.386],[2.21,-3.814],[-6.724,-90.397]],"v":[[0,-175],[-174.501,-13.284],[-75.553,26.736],[-61.655,163.788],[0,175],[61.209,163.956],[76.938,23.98],[174.514,-13.106]],"c":true}]},{"i":{"x":0.667,"y":1},"o":{"x":0.333,"y":0},"t":51,"s":[{"i":[[92.091,0],[6.811,-90.312],[0,-4.469],[-66.165,-24.99],[-21.689,0],[-19.06,7.139],[0,74.972],[0.322,4.327]],"o":[[-92.024,0],[-0.331,4.386],[0,74.803],[19.185,7.246],[21.522,0],[66.401,-24.869],[0,-4.408],[-6.724,-90.397]],"v":[[0,-175],[-174.501,-13.284],[-175,0],[-61.655,163.788],[0,175],[61.209,163.956],[175,0],[174.514,-13.106]],"c":true}]},{"i":{"x":0.833,"y":0.833},"o":{"x":0.333,"y":0},"t":91,"s":[{"i":[[92.091,0],[6.811,-90.312],[0,-4.469],[-66.165,-24.99],[-21.689,0],[-19.06,7.139],[0,74.972],[0.322,4.327]],"o":[[-92.024,0],[-0.331,4.386],[0,74.803],[19.185,7.246],[21.522,0],[66.401,-24.869],[0,-4.408],[-6.724,-90.397]],"v":[[0,-175],[-174.501,-13.284],[-175,0],[-61.655,163.788],[0,175],[61.209,163.956],[175,0],[174.514,-13.106]],"c":true}]},{"t":101,"s":[{"i":[[92.091,0],[6.811,-90.312],[-2.543,-3.675],[0.078,-69.681],[-21.689,0],[-19.06,7.139],[-20.784,35.86],[-63.979,-12.902]],"o":[[-92.024,0],[65.55,-12.7],[18.853,27.244],[19.185,7.246],[21.522,0],[-0.145,-93.386],[2.21,-3.814],[-6.724,-90.397]],"v":[[0,-175],[-174.501,-13.284],[-75.553,26.736],[-61.655,163.788],[0,175],[61.209,163.956],[76.938,23.98],[174.514,-13.106]],"c":true}]}],"ix":2},"nm":"Path 1","mn":"ADBE Vector Shape - Group","hd":false},{"ty":"fl","c":{"a":0,"k":[0.984313726425,0.819607853889,0.337254911661,1],"ix":4},"o":{"a":0,"k":100,"ix":5},"r":1,"bm":0,"nm":"Fill 1","mn":"ADBE Vector Graphic - Fill","hd":false},{"ty":"tr","p":{"a":0,"k":[0,0],"ix":2},"a":{"a":0,"k":[0,0],"ix":1},"s":{"a":0,"k":[100,100],"ix":3},"r":{"a":0,"k":0,"ix":6},"o":{"a":0,"k":100,"ix":7},"sk":{"a":0,"k":0,"ix":4},"sa":{"a":0,"k":0,"ix":5},"nm":"Transform"}],"nm":"Group 1","np":2,"cix":2,"bm":0,"ix":1,"mn":"ADBE Vector Group","hd":false}],"ip":0,"op":180,"st":0,"bm":0}],"markers":[]}