{"v":"5.7.4","fr":60,"ip":0,"op":81,"w":500,"h":500,"nm":"emojikiss","ddd":0,"assets":[],"layers":[{"ddd":0,"ind":1,"ty":4,"nm":"Emoji_bad_2 Outlines","parent":6,"sr":1,"ks":{"o":{"a":0,"k":100,"ix":11},"r":{"a":0,"k":0.083,"ix":10},"p":{"a":0,"k":[14.307,-6.099,0],"ix":2,"l":2},"a":{"a":0,"k":[69.317,28.375,0],"ix":1,"l":2},"s":{"a":1,"k":[{"i":{"x":[0.833,0.833,0.833],"y":[0.833,0.833,0.833]},"o":{"x":[0.167,0.167,0.167],"y":[0.167,0.167,0.167]},"t":35,"s":[100,20,100]},{"t":39,"s":[100,100,100]}],"ix":6,"l":2}},"ao":0,"shapes":[{"ty":"gr","it":[{"ind":0,"ty":"sh","ix":1,"ks":{"a":0,"k":{"i":[[0,-15.532],[10.354,0],[0,15.532],[-10.364,0]],"o":[[0,15.532],[-10.364,0],[0,-15.532],[10.354,0]],"v":[[18.75,-0.01],[0,28.126],[-18.75,-0.01],[0,-28.126]],"c":true},"ix":2},"nm":"Path 1","mn":"ADBE Vector Shape - Group","hd":false},{"ty":"fl","c":{"a":0,"k":[0.187999994615,0.176000004189,0.169000004787,1],"ix":4},"o":{"a":0,"k":100,"ix":5},"r":1,"bm":0,"nm":"Fill 1","mn":"ADBE Vector Graphic - Fill","hd":false},{"ty":"tr","p":{"a":0,"k":[119.635,28.376],"ix":2},"a":{"a":0,"k":[0,0],"ix":1},"s":{"a":0,"k":[100,100],"ix":3},"r":{"a":0,"k":0,"ix":6},"o":{"a":0,"k":100,"ix":7},"sk":{"a":0,"k":0,"ix":4},"sa":{"a":0,"k":0,"ix":5},"nm":"Transform"}],"nm":"Group 1","np":2,"cix":2,"bm":0,"ix":1,"mn":"ADBE Vector Group","hd":false},{"ty":"gr","it":[{"ind":0,"ty":"sh","ix":1,"ks":{"a":0,"k":{"i":[[0,-15.532],[10.363,0],[0,15.532],[-10.355,0]],"o":[[0,15.532],[-10.355,0],[0,-15.532],[10.363,0]],"v":[[18.75,-0.01],[0,28.126],[-18.75,-0.01],[0,-28.126]],"c":true},"ix":2},"nm":"Path 1","mn":"ADBE Vector Shape - Group","hd":false},{"ty":"fl","c":{"a":0,"k":[0.187999994615,0.176000004189,0.169000004787,1],"ix":4},"o":{"a":0,"k":100,"ix":5},"r":1,"bm":0,"nm":"Fill 1","mn":"ADBE Vector Graphic - Fill","hd":false},{"ty":"tr","p":{"a":0,"k":[19,28.376],"ix":2},"a":{"a":0,"k":[0,0],"ix":1},"s":{"a":0,"k":[100,100],"ix":3},"r":{"a":0,"k":0,"ix":6},"o":{"a":0,"k":100,"ix":7},"sk":{"a":0,"k":0,"ix":4},"sa":{"a":0,"k":0,"ix":5},"nm":"Transform"}],"nm":"Group 2","np":2,"cix":2,"bm":0,"ix":2,"mn":"ADBE Vector Group","hd":false}],"ip":35,"op":43,"st":35,"bm":0},{"ddd":0,"ind":2,"ty":4,"nm":"hands_1 Outlines 4","sr":1,"ks":{"o":{"a":1,"k":[{"i":{"x":[0.833],"y":[0.833]},"o":{"x":[0.167],"y":[0.167]},"t":30,"s":[100]},{"t":34,"s":[0]}],"ix":11},"r":{"a":0,"k":37,"ix":10},"p":{"a":0,"k":[430.041,307.31,0],"ix":2,"l":2},"a":{"a":0,"k":[104.947,82.56,0],"ix":1,"l":2},"s":{"a":1,"k":[{"i":{"x":[0.4,0.4,0.4],"y":[1,1,1]},"o":{"x":[0.6,0.6,0.6],"y":[0,0,0]},"t":24,"s":[50,50,100]},{"t":34,"s":[100,100,100]}],"ix":6,"l":2}},"ao":0,"shapes":[{"ty":"gr","it":[{"ind":0,"ty":"sh","ix":1,"ks":{"a":0,"k":{"i":[[0,0],[0,0],[0,0]],"o":[[0,0],[0,0],[0,0]],"v":[[8.975,-27.401],[32.061,3.612],[-32.061,27.401]],"c":true},"ix":2},"nm":"Path 1","mn":"ADBE Vector Shape - Group","hd":false},{"ty":"fl","c":{"a":0,"k":[0.89019613827,0.094117654539,0.235294132607,1],"ix":4},"o":{"a":0,"k":100,"ix":5},"r":1,"bm":0,"nm":"Fill 1","mn":"ADBE Vector Graphic - Fill","hd":false},{"ty":"tr","p":{"a":0,"k":[177.584,55.158],"ix":2},"a":{"a":0,"k":[0,0],"ix":1},"s":{"a":0,"k":[100,100],"ix":3},"r":{"a":0,"k":0,"ix":6},"o":{"a":0,"k":100,"ix":7},"sk":{"a":0,"k":0,"ix":4},"sa":{"a":0,"k":0,"ix":5},"nm":"Transform"}],"nm":"Group 1","np":2,"cix":2,"bm":0,"ix":1,"mn":"ADBE Vector Group","hd":false},{"ty":"gr","it":[{"ind":0,"ty":"sh","ix":1,"ks":{"a":0,"k":{"i":[[0,0],[0,0],[0,0]],"o":[[0,0],[0,0],[0,0]],"v":[[-32.055,3.612],[-8.999,-27.401],[32.055,27.401]],"c":true},"ix":2},"nm":"Path 1","mn":"ADBE Vector Shape - Group","hd":false},{"ty":"fl","c":{"a":0,"k":[0.89019613827,0.094117654539,0.235294132607,1],"ix":4},"o":{"a":0,"k":100,"ix":5},"r":1,"bm":0,"nm":"Fill 1","mn":"ADBE Vector Graphic - Fill","hd":false},{"ty":"tr","p":{"a":0,"k":[32.305,55.159],"ix":2},"a":{"a":0,"k":[0,0],"ix":1},"s":{"a":0,"k":[100,100],"ix":3},"r":{"a":0,"k":0,"ix":6},"o":{"a":0,"k":100,"ix":7},"sk":{"a":0,"k":0,"ix":4},"sa":{"a":0,"k":0,"ix":5},"nm":"Transform"}],"nm":"Group 2","np":2,"cix":2,"bm":0,"ix":2,"mn":"ADBE Vector Group","hd":false},{"ty":"gr","it":[{"ind":0,"ty":"sh","ix":1,"ks":{"a":0,"k":{"i":[[0,0],[0,0],[0,0]],"o":[[0,0],[0,0],[0,0]],"v":[[-19.297,-32.883],[19.297,-32.883],[0,32.883]],"c":true},"ix":2},"nm":"Path 1","mn":"ADBE Vector Shape - Group","hd":false},{"ty":"fl","c":{"a":0,"k":[0.89019613827,0.094117654539,0.235294132607,1],"ix":4},"o":{"a":0,"k":100,"ix":5},"r":1,"bm":0,"nm":"Fill 1","mn":"ADBE Vector Graphic - Fill","hd":false},{"ty":"tr","p":{"a":0,"k":[106.246,33.133],"ix":2},"a":{"a":0,"k":[0,0],"ix":1},"s":{"a":0,"k":[100,100],"ix":3},"r":{"a":0,"k":0,"ix":6},"o":{"a":0,"k":100,"ix":7},"sk":{"a":0,"k":0,"ix":4},"sa":{"a":0,"k":0,"ix":5},"nm":"Transform"}],"nm":"Group 3","np":2,"cix":2,"bm":0,"ix":3,"mn":"ADBE Vector Group","hd":false}],"ip":24,"op":43,"st":9,"bm":0},{"ddd":0,"ind":3,"ty":4,"nm":"Emoji_kiss_3 Outlines 2","sr":1,"ks":{"o":{"a":0,"k":100,"ix":11},"r":{"a":0,"k":0,"ix":10},"p":{"a":1,"k":[{"i":{"x":0,"y":1},"o":{"x":0.167,"y":0.167},"t":6,"s":[298.106,306.629,0],"to":[25.833,-3,0],"ti":[-35.333,-30,0]},{"t":28,"s":[425.106,331.629,0]}],"ix":2,"l":2},"a":{"a":0,"k":[59.042,54.899,0],"ix":1,"l":2},"s":{"a":1,"k":[{"i":{"x":[0,0,0],"y":[1,1,1]},"o":{"x":[0.167,0.167,0.167],"y":[0.167,0.167,16.667]},"t":6,"s":[0,0,100]},{"t":28,"s":[100,100,100]}],"ix":6,"l":2}},"ao":0,"shapes":[{"ty":"gr","it":[{"ind":0,"ty":"sh","ix":1,"ks":{"a":0,"k":{"i":[[18.016,8.291],[8.92,-11.842],[14.465,-5.8],[-7.352,-18.869],[-12.96,-13.41],[-4.776,4.571],[-5.563,13.303]],"o":[[-14.312,-6.594],[-8.678,-12.33],[-18.192,7.292],[5.308,13.611],[4.666,4.826],[13.224,-12.71],[7.768,-18.464]],"v":[[37.19,-46.809],[0.166,-35.984],[-36.619,-48.849],[-51.44,-3.409],[-9.205,49.606],[7.701,50.078],[51.024,-0.582]],"c":true},"ix":2},"nm":"Path 1","mn":"ADBE Vector Shape - Group","hd":false},{"ty":"fl","c":{"a":0,"k":[0.889999988032,0.093999997307,0.234999997008,1],"ix":4},"o":{"a":0,"k":100,"ix":5},"r":1,"bm":0,"nm":"Fill 1","mn":"ADBE Vector Graphic - Fill","hd":false},{"ty":"tr","p":{"a":0,"k":[59.042,54.899],"ix":2},"a":{"a":0,"k":[0,0],"ix":1},"s":{"a":0,"k":[100,100],"ix":3},"r":{"a":0,"k":0,"ix":6},"o":{"a":0,"k":100,"ix":7},"sk":{"a":0,"k":0,"ix":4},"sa":{"a":0,"k":0,"ix":5},"nm":"Transform"}],"nm":"Group 1","np":2,"cix":2,"bm":0,"ix":1,"mn":"ADBE Vector Group","hd":false}],"ip":6,"op":28,"st":-24,"bm":0},{"ddd":0,"ind":4,"ty":4,"nm":"hands_1 Outlines 3","sr":1,"ks":{"o":{"a":1,"k":[{"i":{"x":[0.833],"y":[0.833]},"o":{"x":[0.167],"y":[0.167]},"t":17,"s":[100]},{"t":21,"s":[0]}],"ix":11},"r":{"a":0,"k":-24,"ix":10},"p":{"a":0,"k":[427.541,208.81,0],"ix":2,"l":2},"a":{"a":0,"k":[104.947,82.56,0],"ix":1,"l":2},"s":{"a":1,"k":[{"i":{"x":[0.4,0.4,0.4],"y":[1,1,1]},"o":{"x":[0.6,0.6,0.6],"y":[0,0,0]},"t":11,"s":[50,50,100]},{"t":21,"s":[100,100,100]}],"ix":6,"l":2}},"ao":0,"shapes":[{"ty":"gr","it":[{"ind":0,"ty":"sh","ix":1,"ks":{"a":0,"k":{"i":[[0,0],[0,0],[0,0]],"o":[[0,0],[0,0],[0,0]],"v":[[8.975,-27.401],[32.061,3.612],[-32.061,27.401]],"c":true},"ix":2},"nm":"Path 1","mn":"ADBE Vector Shape - Group","hd":false},{"ty":"fl","c":{"a":0,"k":[0.89019613827,0.094117654539,0.235294132607,1],"ix":4},"o":{"a":0,"k":100,"ix":5},"r":1,"bm":0,"nm":"Fill 1","mn":"ADBE Vector Graphic - Fill","hd":false},{"ty":"tr","p":{"a":0,"k":[177.584,55.158],"ix":2},"a":{"a":0,"k":[0,0],"ix":1},"s":{"a":0,"k":[100,100],"ix":3},"r":{"a":0,"k":0,"ix":6},"o":{"a":0,"k":100,"ix":7},"sk":{"a":0,"k":0,"ix":4},"sa":{"a":0,"k":0,"ix":5},"nm":"Transform"}],"nm":"Group 1","np":2,"cix":2,"bm":0,"ix":1,"mn":"ADBE Vector Group","hd":false},{"ty":"gr","it":[{"ind":0,"ty":"sh","ix":1,"ks":{"a":0,"k":{"i":[[0,0],[0,0],[0,0]],"o":[[0,0],[0,0],[0,0]],"v":[[-32.055,3.612],[-8.999,-27.401],[32.055,27.401]],"c":true},"ix":2},"nm":"Path 1","mn":"ADBE Vector Shape - Group","hd":false},{"ty":"fl","c":{"a":0,"k":[0.89019613827,0.094117654539,0.235294132607,1],"ix":4},"o":{"a":0,"k":100,"ix":5},"r":1,"bm":0,"nm":"Fill 1","mn":"ADBE Vector Graphic - Fill","hd":false},{"ty":"tr","p":{"a":0,"k":[32.305,55.159],"ix":2},"a":{"a":0,"k":[0,0],"ix":1},"s":{"a":0,"k":[100,100],"ix":3},"r":{"a":0,"k":0,"ix":6},"o":{"a":0,"k":100,"ix":7},"sk":{"a":0,"k":0,"ix":4},"sa":{"a":0,"k":0,"ix":5},"nm":"Transform"}],"nm":"Group 2","np":2,"cix":2,"bm":0,"ix":2,"mn":"ADBE Vector Group","hd":false},{"ty":"gr","it":[{"ind":0,"ty":"sh","ix":1,"ks":{"a":0,"k":{"i":[[0,0],[0,0],[0,0]],"o":[[0,0],[0,0],[0,0]],"v":[[-19.297,-32.883],[19.297,-32.883],[0,32.883]],"c":true},"ix":2},"nm":"Path 1","mn":"ADBE Vector Shape - Group","hd":false},{"ty":"fl","c":{"a":0,"k":[0.89019613827,0.094117654539,0.235294132607,1],"ix":4},"o":{"a":0,"k":100,"ix":5},"r":1,"bm":0,"nm":"Fill 1","mn":"ADBE Vector Graphic - Fill","hd":false},{"ty":"tr","p":{"a":0,"k":[106.246,33.133],"ix":2},"a":{"a":0,"k":[0,0],"ix":1},"s":{"a":0,"k":[100,100],"ix":3},"r":{"a":0,"k":0,"ix":6},"o":{"a":0,"k":100,"ix":7},"sk":{"a":0,"k":0,"ix":4},"sa":{"a":0,"k":0,"ix":5},"nm":"Transform"}],"nm":"Group 3","np":2,"cix":2,"bm":0,"ix":3,"mn":"ADBE Vector Group","hd":false}],"ip":11,"op":30,"st":-4,"bm":0},{"ddd":0,"ind":5,"ty":4,"nm":"Emoji_kiss_3 Outlines 3","sr":1,"ks":{"o":{"a":0,"k":100,"ix":11},"r":{"a":0,"k":0,"ix":10},"p":{"a":1,"k":[{"i":{"x":0,"y":1},"o":{"x":0.167,"y":0.167},"t":-7,"s":[298.106,306.629,0],"to":[25.833,-3,0],"ti":[-33.833,55,0]},{"t":15,"s":[425.106,214.629,0]}],"ix":2,"l":2},"a":{"a":0,"k":[59.042,54.899,0],"ix":1,"l":2},"s":{"a":1,"k":[{"i":{"x":[0,0,0],"y":[1,1,1]},"o":{"x":[0.167,0.167,0.167],"y":[0.167,0.167,16.667]},"t":-7,"s":[0,0,100]},{"t":6,"s":[100,100,100]}],"ix":6,"l":2}},"ao":0,"shapes":[{"ty":"gr","it":[{"ind":0,"ty":"sh","ix":1,"ks":{"a":0,"k":{"i":[[18.016,8.291],[8.92,-11.842],[14.465,-5.8],[-7.352,-18.869],[-12.96,-13.41],[-4.776,4.571],[-5.563,13.303]],"o":[[-14.312,-6.594],[-8.678,-12.33],[-18.192,7.292],[5.308,13.611],[4.666,4.826],[13.224,-12.71],[7.768,-18.464]],"v":[[37.19,-46.809],[0.166,-35.984],[-36.619,-48.849],[-51.44,-3.409],[-9.205,49.606],[7.701,50.078],[51.024,-0.582]],"c":true},"ix":2},"nm":"Path 1","mn":"ADBE Vector Shape - Group","hd":false},{"ty":"fl","c":{"a":0,"k":[0.889999988032,0.093999997307,0.234999997008,1],"ix":4},"o":{"a":0,"k":100,"ix":5},"r":1,"bm":0,"nm":"Fill 1","mn":"ADBE Vector Graphic - Fill","hd":false},{"ty":"tr","p":{"a":0,"k":[59.042,54.899],"ix":2},"a":{"a":0,"k":[0,0],"ix":1},"s":{"a":0,"k":[100,100],"ix":3},"r":{"a":0,"k":0,"ix":6},"o":{"a":0,"k":100,"ix":7},"sk":{"a":0,"k":0,"ix":4},"sa":{"a":0,"k":0,"ix":5},"nm":"Transform"}],"nm":"Group 1","np":2,"cix":2,"bm":0,"ix":1,"mn":"ADBE Vector Group","hd":false}],"ip":0,"op":15,"st":-37,"bm":0},{"ddd":0,"ind":6,"ty":3,"nm":"NULL CONTROL 2","parent":9,"sr":1,"ks":{"o":{"a":0,"k":0,"ix":11},"r":{"a":0,"k":0,"ix":10},"p":{"a":1,"k":[{"i":{"x":0.4,"y":1},"o":{"x":0.6,"y":0},"t":-18,"s":[197.802,183.266,0],"to":[6.602,0.928,0],"ti":[-6.602,-0.928,0]},{"i":{"x":0.4,"y":0.4},"o":{"x":0.6,"y":0.6},"t":-8,"s":[237.413,188.833,0],"to":[0,0,0],"ti":[0,0,0]},{"i":{"x":0.4,"y":1},"o":{"x":0.6,"y":0},"t":32,"s":[237.413,188.833,0],"to":[-6.602,-0.928,0],"ti":[6.602,0.928,0]},{"t":42,"s":[197.802,183.266,0]}],"ix":2,"l":2},"a":{"a":0,"k":[60,60,0],"ix":1,"l":2},"s":{"a":0,"k":[100,100,100],"ix":6,"l":2}},"ao":0,"ip":0,"op":43,"st":-38,"bm":0},{"ddd":0,"ind":7,"ty":4,"nm":"Emoji_kiss_4 Outlines 2","parent":6,"sr":1,"ks":{"o":{"a":0,"k":100,"ix":11},"r":{"a":0,"k":0,"ix":10},"p":{"a":1,"k":[{"i":{"x":0.833,"y":0.833},"o":{"x":0.167,"y":0.167},"t":35,"s":[12.447,-3.613,0],"to":[-0.064,1.665,0],"ti":[0.064,-1.665,0]},{"t":38,"s":[12.066,6.38,0]}],"ix":2,"l":2},"a":{"a":0,"k":[96.083,17.773,0],"ix":1,"l":2},"s":{"a":0,"k":[100,100,100],"ix":6,"l":2}},"ao":0,"shapes":[{"ty":"gr","it":[{"ind":0,"ty":"sh","ix":1,"ks":{"a":0,"k":{"i":[[-20.713,0],[0,-12.483],[20.714,0],[0,12.46]],"o":[[20.714,0],[0,12.46],[-20.713,0],[0,-12.483]],"v":[[0.005,-17.523],[37.5,5.063],[0.005,5.063],[-37.5,5.063]],"c":true},"ix":2},"nm":"Path 1","mn":"ADBE Vector Shape - Group","hd":false},{"ty":"fl","c":{"a":0,"k":[0.187999994615,0.176000004189,0.169000004787,1],"ix":4},"o":{"a":0,"k":100,"ix":5},"r":1,"bm":0,"nm":"Fill 1","mn":"ADBE Vector Graphic - Fill","hd":false},{"ty":"tr","p":{"a":0,"k":[154.416,17.773],"ix":2},"a":{"a":0,"k":[0,0],"ix":1},"s":{"a":0,"k":[100,100],"ix":3},"r":{"a":0,"k":0,"ix":6},"o":{"a":0,"k":100,"ix":7},"sk":{"a":0,"k":0,"ix":4},"sa":{"a":0,"k":0,"ix":5},"nm":"Transform"}],"nm":"Group 1","np":2,"cix":2,"bm":0,"ix":1,"mn":"ADBE Vector Group","hd":false},{"ty":"gr","it":[{"ind":0,"ty":"sh","ix":1,"ks":{"a":0,"k":{"i":[[-20.713,0],[0,-12.483],[20.714,0],[0,12.46]],"o":[[20.714,0],[0,12.46],[-20.713,0],[0,-12.483]],"v":[[0.005,-17.523],[37.5,5.063],[0.005,5.063],[-37.5,5.063]],"c":true},"ix":2},"nm":"Path 1","mn":"ADBE Vector Shape - Group","hd":false},{"ty":"fl","c":{"a":0,"k":[0.187999994615,0.176000004189,0.169000004787,1],"ix":4},"o":{"a":0,"k":100,"ix":5},"r":1,"bm":0,"nm":"Fill 1","mn":"ADBE Vector Graphic - Fill","hd":false},{"ty":"tr","p":{"a":0,"k":[37.75,17.773],"ix":2},"a":{"a":0,"k":[0,0],"ix":1},"s":{"a":0,"k":[100,100],"ix":3},"r":{"a":0,"k":0,"ix":6},"o":{"a":0,"k":100,"ix":7},"sk":{"a":0,"k":0,"ix":4},"sa":{"a":0,"k":0,"ix":5},"nm":"Transform"}],"nm":"Group 2","np":2,"cix":2,"bm":0,"ix":2,"mn":"ADBE Vector Group","hd":false}],"ip":0,"op":38,"st":-38,"bm":0},{"ddd":0,"ind":8,"ty":4,"nm":"Emoji_kiss_2 Outlines 2","parent":6,"sr":1,"ks":{"o":{"a":0,"k":100,"ix":11},"r":{"a":0,"k":0,"ix":10},"p":{"a":1,"k":[{"i":{"x":0.4,"y":0.4},"o":{"x":0.6,"y":0.6},"t":-13,"s":[19.588,88.963,0],"to":[0,0,0],"ti":[0,0,0]},{"i":{"x":0.4,"y":0.4},"o":{"x":0.6,"y":0.6},"t":-8,"s":[19.588,88.963,0],"to":[0,0,0],"ti":[0,0,0]},{"i":{"x":0.4,"y":0.4},"o":{"x":0.6,"y":0.6},"t":0,"s":[19.588,88.963,0],"to":[0,0,0],"ti":[0,0,0]},{"i":{"x":0.4,"y":0.4},"o":{"x":0.6,"y":0.6},"t":6,"s":[19.588,88.963,0],"to":[0,0,0],"ti":[0,0,0]},{"i":{"x":0.4,"y":0.4},"o":{"x":0.6,"y":0.6},"t":15,"s":[19.588,88.963,0],"to":[0,0,0],"ti":[0,0,0]},{"t":32,"s":[19.588,88.963,0]}],"ix":2,"l":2},"a":{"a":0,"k":[28.448,49.516,0],"ix":1,"l":2},"s":{"a":1,"k":[{"i":{"x":[0.4,0.4,0.4],"y":[1,1,1]},"o":{"x":[0.6,0.6,0.6],"y":[0,0,0]},"t":-13,"s":[100,100,100]},{"i":{"x":[0.4,0.4,0.4],"y":[1,1,1]},"o":{"x":[0.6,0.6,0.6],"y":[0,0,0]},"t":-8,"s":[100,56,100]},{"i":{"x":[0.4,0.4,0.4],"y":[1,1,1]},"o":{"x":[0.6,0.6,0.6],"y":[0,0,0]},"t":0,"s":[100,100,100]},{"i":{"x":[0.4,0.4,0.4],"y":[1,1,1]},"o":{"x":[0.6,0.6,0.6],"y":[0,0,0]},"t":6,"s":[100,56,100]},{"i":{"x":[0.4,0.4,0.4],"y":[1,1,1]},"o":{"x":[0.6,0.6,0.6],"y":[0,0,0]},"t":15,"s":[100,100,100]},{"t":32,"s":[100,100,100]}],"ix":6,"l":2}},"ao":0,"shapes":[{"ty":"gr","it":[{"ind":0,"ty":"sh","ix":1,"ks":{"a":0,"k":{"i":[[-0.222,0.011],[-2.207,-1.104],[-1.323,-1.966],[-0.007,-2.395],[1.327,-1.902],[2.658,-1.197],[3.329,-0.334],[0.856,-0.03],[0,0],[0,0],[0,0],[-0.107,-3.477],[-3.294,-0.108],[0,0],[0,0],[0,0],[-1.119,0.034],[-4.618,1.73],[-3.492,4.312],[-0.319,5.368],[2.723,4.716],[11.11,0.284],[0,0],[0.129,-5.059],[-5.06,-0.129]],"o":[[2.303,-0.115],[2.203,1.092],[1.323,1.988],[-0.011,2.453],[-1.333,1.895],[-2.663,1.191],[-0.838,0.071],[0,0],[0,0],[0,0],[-3.477,0.107],[0.103,3.341],[0,0],[0,0],[0,0],[1.102,0.024],[4.475,-0.196],[4.586,-1.732],[3.512,-4.283],[0.412,-5.441],[-5.45,-9.494],[0,0],[-5.059,-0.129],[-0.129,5.06],[0.225,0.006]],"v":[[-2.693,-10.928],[4.254,-9.462],[9.737,-4.74],[11.79,1.794],[9.805,8.327],[3.721,13.062],[-5.428,15.322],[-7.964,15.493],[-10.841,15.59],[-16.717,15.77],[-21.989,16.132],[-28.091,22.62],[-21.989,28.723],[-16.717,29.085],[-10.841,29.264],[-7.843,29.346],[-4.508,29.312],[9.227,26.676],[21.927,17.743],[27.786,2.521],[24.111,-13.382],[-2.693,-29.236],[-2.919,-29.242],[-12.314,-20.314],[-3.386,-10.919]],"c":true},"ix":2},"nm":"Path 1","mn":"ADBE Vector Shape - Group","hd":false},{"ty":"fl","c":{"a":0,"k":[0.187999994615,0.176000004189,0.169000004787,1],"ix":4},"o":{"a":0,"k":100,"ix":5},"r":1,"bm":0,"nm":"Fill 1","mn":"ADBE Vector Graphic - Fill","hd":false},{"ty":"tr","p":{"a":0,"k":[28.448,69.411],"ix":2},"a":{"a":0,"k":[0,0],"ix":1},"s":{"a":0,"k":[100,100],"ix":3},"r":{"a":0,"k":0,"ix":6},"o":{"a":0,"k":100,"ix":7},"sk":{"a":0,"k":0,"ix":4},"sa":{"a":0,"k":0,"ix":5},"nm":"Transform"}],"nm":"Group 1","np":2,"cix":2,"bm":0,"ix":1,"mn":"ADBE Vector Group","hd":false},{"ty":"gr","it":[{"ind":0,"ty":"sh","ix":1,"ks":{"a":0,"k":{"i":[[-0.222,-0.011],[-2.207,1.104],[-1.323,1.966],[-0.007,2.395],[1.327,1.902],[2.658,1.197],[3.329,0.334],[0.856,0.03],[0,0],[0,0],[0,0],[-0.107,3.477],[-3.294,0.108],[0,0],[0,0],[0,0],[-1.119,-0.034],[-4.618,-1.73],[-3.492,-4.312],[-0.319,-5.368],[2.723,-4.716],[11.11,-0.284],[0,0],[0.129,5.059],[-5.06,0.129]],"o":[[2.303,0.115],[2.203,-1.092],[1.323,-1.988],[-0.011,-2.453],[-1.333,-1.895],[-2.663,-1.191],[-0.838,-0.071],[0,0],[0,0],[0,0],[-3.477,-0.107],[0.103,-3.341],[0,0],[0,0],[0,0],[1.102,-0.024],[4.475,0.196],[4.586,1.732],[3.512,4.282],[0.412,5.44],[-5.45,9.494],[0,0],[-5.059,0.129],[-0.129,-5.06],[0.225,-0.006]],"v":[[-2.693,10.927],[4.254,9.462],[9.737,4.74],[11.79,-1.795],[9.805,-8.327],[3.721,-13.062],[-5.428,-15.323],[-7.964,-15.493],[-10.841,-15.59],[-16.717,-15.77],[-21.989,-16.132],[-28.091,-22.62],[-21.989,-28.723],[-16.717,-29.085],[-10.841,-29.265],[-7.843,-29.346],[-4.508,-29.312],[9.227,-26.676],[21.927,-17.743],[27.786,-2.521],[24.111,13.382],[-2.693,29.236],[-2.919,29.242],[-12.314,20.314],[-3.386,10.919]],"c":true},"ix":2},"nm":"Path 1","mn":"ADBE Vector Shape - Group","hd":false},{"ty":"fl","c":{"a":0,"k":[0.187999994615,0.176000004189,0.169000004787,1],"ix":4},"o":{"a":0,"k":100,"ix":5},"r":1,"bm":0,"nm":"Fill 1","mn":"ADBE Vector Graphic - Fill","hd":false},{"ty":"tr","p":{"a":0,"k":[28.448,29.621],"ix":2},"a":{"a":0,"k":[0,0],"ix":1},"s":{"a":0,"k":[100,100],"ix":3},"r":{"a":0,"k":0,"ix":6},"o":{"a":0,"k":100,"ix":7},"sk":{"a":0,"k":0,"ix":4},"sa":{"a":0,"k":0,"ix":5},"nm":"Transform"}],"nm":"Group 2","np":2,"cix":2,"bm":0,"ix":2,"mn":"ADBE Vector Group","hd":false}],"ip":0,"op":43,"st":-38,"bm":0},{"ddd":0,"ind":9,"ty":4,"nm":"Emoji_kiss_1 Outlines 2","sr":1,"ks":{"o":{"a":0,"k":100,"ix":11},"r":{"a":1,"k":[{"i":{"x":[0.4],"y":[1]},"o":{"x":[0.6],"y":[0]},"t":-28,"s":[0]},{"i":{"x":[0.4],"y":[1]},"o":{"x":[0.6],"y":[0]},"t":-18,"s":[17]},{"i":{"x":[0.4],"y":[1]},"o":{"x":[0.6],"y":[0]},"t":-8,"s":[-8]},{"i":{"x":[0.4],"y":[1]},"o":{"x":[0.6],"y":[0]},"t":32,"s":[-8]},{"t":42,"s":[0]}],"ix":10},"p":{"a":0,"k":[250,400,0],"ix":2,"l":2},"a":{"a":0,"k":[150.25,300.25,0],"ix":1,"l":2},"s":{"a":1,"k":[{"i":{"x":[0.4,0.4,0.4],"y":[1,1,1]},"o":{"x":[0.6,0.6,0.6],"y":[0,0,0]},"t":-28,"s":[100,100,100]},{"i":{"x":[0.4,0.4,0.4],"y":[1,1,1]},"o":{"x":[0.6,0.6,0.6],"y":[0,0,0]},"t":-18,"s":[105,95,100]},{"i":{"x":[0.4,0.4,0.4],"y":[1,1,1]},"o":{"x":[0.6,0.6,0.6],"y":[0,0,0]},"t":-8,"s":[100,100,100]},{"i":{"x":[0.4,0.4,0.4],"y":[1,1,1]},"o":{"x":[0.6,0.6,0.6],"y":[0,0,0]},"t":32,"s":[100,100,100]},{"t":42,"s":[100,100,100]}],"ix":6,"l":2}},"ao":0,"shapes":[{"ty":"gr","it":[{"ind":0,"ty":"sh","ix":1,"ks":{"a":0,"k":{"i":[[82.722,0],[0,-82.709],[-82.704,0],[0,82.708]],"o":[[-82.704,0],[0,82.708],[82.722,0],[0,-82.709]],"v":[[0.004,-150],[-150,0],[0.004,150],[150,0]],"c":true},"ix":2},"nm":"Path 1","mn":"ADBE Vector Shape - Group","hd":false},{"ty":"fl","c":{"a":0,"k":[0.984000052658,0.819999964097,0.337000020345,1],"ix":4},"o":{"a":0,"k":100,"ix":5},"r":1,"bm":0,"nm":"Fill 1","mn":"ADBE Vector Graphic - Fill","hd":false},{"ty":"tr","p":{"a":0,"k":[150.25,150.25],"ix":2},"a":{"a":0,"k":[0,0],"ix":1},"s":{"a":0,"k":[100,100],"ix":3},"r":{"a":0,"k":0,"ix":6},"o":{"a":0,"k":100,"ix":7},"sk":{"a":0,"k":0,"ix":4},"sa":{"a":0,"k":0,"ix":5},"nm":"Transform"}],"nm":"Group 1","np":2,"cix":2,"bm":0,"ix":1,"mn":"ADBE Vector Group","hd":false}],"ip":0,"op":43,"st":-38,"bm":0},{"ddd":0,"ind":10,"ty":4,"nm":"Emoji_kiss_3 Outlines","sr":1,"ks":{"o":{"a":0,"k":100,"ix":11},"r":{"a":0,"k":0,"ix":10},"p":{"a":1,"k":[{"i":{"x":0,"y":1},"o":{"x":0.167,"y":0.167},"t":74,"s":[298.106,306.629,0],"to":[25.833,-3,0],"ti":[-33.833,55,0]},{"t":96,"s":[425.106,214.629,0]}],"ix":2,"l":2},"a":{"a":0,"k":[59.042,54.899,0],"ix":1,"l":2},"s":{"a":1,"k":[{"i":{"x":[0,0,0],"y":[1,1,1]},"o":{"x":[0.167,0.167,0.167],"y":[0.167,0.167,16.667]},"t":74,"s":[0,0,100]},{"t":87,"s":[100,100,100]}],"ix":6,"l":2}},"ao":0,"shapes":[{"ty":"gr","it":[{"ind":0,"ty":"sh","ix":1,"ks":{"a":0,"k":{"i":[[18.016,8.291],[8.92,-11.842],[14.465,-5.8],[-7.352,-18.869],[-12.96,-13.41],[-4.776,4.571],[-5.563,13.303]],"o":[[-14.312,-6.594],[-8.678,-12.33],[-18.192,7.292],[5.308,13.611],[4.666,4.826],[13.224,-12.71],[7.768,-18.464]],"v":[[37.19,-46.809],[0.166,-35.984],[-36.619,-48.849],[-51.44,-3.409],[-9.205,49.606],[7.701,50.078],[51.024,-0.582]],"c":true},"ix":2},"nm":"Path 1","mn":"ADBE Vector Shape - Group","hd":false},{"ty":"fl","c":{"a":0,"k":[0.889999988032,0.093999997307,0.234999997008,1],"ix":4},"o":{"a":0,"k":100,"ix":5},"r":1,"bm":0,"nm":"Fill 1","mn":"ADBE Vector Graphic - Fill","hd":false},{"ty":"tr","p":{"a":0,"k":[59.042,54.899],"ix":2},"a":{"a":0,"k":[0,0],"ix":1},"s":{"a":0,"k":[100,100],"ix":3},"r":{"a":0,"k":0,"ix":6},"o":{"a":0,"k":100,"ix":7},"sk":{"a":0,"k":0,"ix":4},"sa":{"a":0,"k":0,"ix":5},"nm":"Transform"}],"nm":"Group 1","np":2,"cix":2,"bm":0,"ix":1,"mn":"ADBE Vector Group","hd":false}],"ip":74,"op":81,"st":44,"bm":0},{"ddd":0,"ind":11,"ty":4,"nm":"Emoji_bad_2 Outlines 2","parent":12,"sr":1,"ks":{"o":{"a":0,"k":100,"ix":11},"r":{"a":0,"k":0.083,"ix":10},"p":{"a":0,"k":[14.307,-6.099,0],"ix":2,"l":2},"a":{"a":0,"k":[69.317,28.375,0],"ix":1,"l":2},"s":{"a":1,"k":[{"i":{"x":[0.833,0.833,0.833],"y":[0.833,0.833,0.833]},"o":{"x":[0.167,0.167,0.167],"y":[0.167,0.167,0.167]},"t":55,"s":[100,100,100]},{"t":58,"s":[100,20,100]}],"ix":6,"l":2}},"ao":0,"shapes":[{"ty":"gr","it":[{"ind":0,"ty":"sh","ix":1,"ks":{"a":0,"k":{"i":[[0,-15.532],[10.354,0],[0,15.532],[-10.364,0]],"o":[[0,15.532],[-10.364,0],[0,-15.532],[10.354,0]],"v":[[18.75,-0.01],[0,28.126],[-18.75,-0.01],[0,-28.126]],"c":true},"ix":2},"nm":"Path 1","mn":"ADBE Vector Shape - Group","hd":false},{"ty":"fl","c":{"a":0,"k":[0.187999994615,0.176000004189,0.169000004787,1],"ix":4},"o":{"a":0,"k":100,"ix":5},"r":1,"bm":0,"nm":"Fill 1","mn":"ADBE Vector Graphic - Fill","hd":false},{"ty":"tr","p":{"a":0,"k":[119.635,28.376],"ix":2},"a":{"a":0,"k":[0,0],"ix":1},"s":{"a":0,"k":[100,100],"ix":3},"r":{"a":0,"k":0,"ix":6},"o":{"a":0,"k":100,"ix":7},"sk":{"a":0,"k":0,"ix":4},"sa":{"a":0,"k":0,"ix":5},"nm":"Transform"}],"nm":"Group 1","np":2,"cix":2,"bm":0,"ix":1,"mn":"ADBE Vector Group","hd":false},{"ty":"gr","it":[{"ind":0,"ty":"sh","ix":1,"ks":{"a":0,"k":{"i":[[0,-15.532],[10.363,0],[0,15.532],[-10.355,0]],"o":[[0,15.532],[-10.355,0],[0,-15.532],[10.363,0]],"v":[[18.75,-0.01],[0,28.126],[-18.75,-0.01],[0,-28.126]],"c":true},"ix":2},"nm":"Path 1","mn":"ADBE Vector Shape - Group","hd":false},{"ty":"fl","c":{"a":0,"k":[0.187999994615,0.176000004189,0.169000004787,1],"ix":4},"o":{"a":0,"k":100,"ix":5},"r":1,"bm":0,"nm":"Fill 1","mn":"ADBE Vector Graphic - Fill","hd":false},{"ty":"tr","p":{"a":0,"k":[19,28.376],"ix":2},"a":{"a":0,"k":[0,0],"ix":1},"s":{"a":0,"k":[100,100],"ix":3},"r":{"a":0,"k":0,"ix":6},"o":{"a":0,"k":100,"ix":7},"sk":{"a":0,"k":0,"ix":4},"sa":{"a":0,"k":0,"ix":5},"nm":"Transform"}],"nm":"Group 2","np":2,"cix":2,"bm":0,"ix":2,"mn":"ADBE Vector Group","hd":false}],"ip":43,"op":58,"st":35,"bm":0},{"ddd":0,"ind":12,"ty":3,"nm":"NULL CONTROL","parent":15,"sr":1,"ks":{"o":{"a":0,"k":0,"ix":11},"r":{"a":0,"k":0,"ix":10},"p":{"a":1,"k":[{"i":{"x":0.4,"y":1},"o":{"x":0.6,"y":0},"t":63,"s":[197.802,183.266,0],"to":[6.602,0.928,0],"ti":[-6.602,-0.928,0]},{"i":{"x":0.4,"y":0.4},"o":{"x":0.6,"y":0.6},"t":73,"s":[237.413,188.833,0],"to":[0,0,0],"ti":[0,0,0]},{"i":{"x":0.4,"y":1},"o":{"x":0.6,"y":0},"t":113,"s":[237.413,188.833,0],"to":[-6.602,-0.928,0],"ti":[6.602,0.928,0]},{"t":123,"s":[197.802,183.266,0]}],"ix":2,"l":2},"a":{"a":0,"k":[60,60,0],"ix":1,"l":2},"s":{"a":0,"k":[100,100,100],"ix":6,"l":2}},"ao":0,"ip":43,"op":81,"st":43,"bm":0},{"ddd":0,"ind":13,"ty":4,"nm":"Emoji_kiss_4 Outlines","parent":12,"sr":1,"ks":{"o":{"a":0,"k":100,"ix":11},"r":{"a":0,"k":0,"ix":10},"p":{"a":0,"k":[12.447,-3.613,0],"ix":2,"l":2},"a":{"a":0,"k":[96.083,17.773,0],"ix":1,"l":2},"s":{"a":0,"k":[100,100,100],"ix":6,"l":2}},"ao":0,"shapes":[{"ty":"gr","it":[{"ind":0,"ty":"sh","ix":1,"ks":{"a":0,"k":{"i":[[-20.713,0],[0,-12.483],[20.714,0],[0,12.46]],"o":[[20.714,0],[0,12.46],[-20.713,0],[0,-12.483]],"v":[[0.005,-17.523],[37.5,5.063],[0.005,5.063],[-37.5,5.063]],"c":true},"ix":2},"nm":"Path 1","mn":"ADBE Vector Shape - Group","hd":false},{"ty":"fl","c":{"a":0,"k":[0.187999994615,0.176000004189,0.169000004787,1],"ix":4},"o":{"a":0,"k":100,"ix":5},"r":1,"bm":0,"nm":"Fill 1","mn":"ADBE Vector Graphic - Fill","hd":false},{"ty":"tr","p":{"a":0,"k":[154.416,17.773],"ix":2},"a":{"a":0,"k":[0,0],"ix":1},"s":{"a":0,"k":[100,100],"ix":3},"r":{"a":0,"k":0,"ix":6},"o":{"a":0,"k":100,"ix":7},"sk":{"a":0,"k":0,"ix":4},"sa":{"a":0,"k":0,"ix":5},"nm":"Transform"}],"nm":"Group 1","np":2,"cix":2,"bm":0,"ix":1,"mn":"ADBE Vector Group","hd":false},{"ty":"gr","it":[{"ind":0,"ty":"sh","ix":1,"ks":{"a":0,"k":{"i":[[-20.713,0],[0,-12.483],[20.714,0],[0,12.46]],"o":[[20.714,0],[0,12.46],[-20.713,0],[0,-12.483]],"v":[[0.005,-17.523],[37.5,5.063],[0.005,5.063],[-37.5,5.063]],"c":true},"ix":2},"nm":"Path 1","mn":"ADBE Vector Shape - Group","hd":false},{"ty":"fl","c":{"a":0,"k":[0.187999994615,0.176000004189,0.169000004787,1],"ix":4},"o":{"a":0,"k":100,"ix":5},"r":1,"bm":0,"nm":"Fill 1","mn":"ADBE Vector Graphic - Fill","hd":false},{"ty":"tr","p":{"a":0,"k":[37.75,17.773],"ix":2},"a":{"a":0,"k":[0,0],"ix":1},"s":{"a":0,"k":[100,100],"ix":3},"r":{"a":0,"k":0,"ix":6},"o":{"a":0,"k":100,"ix":7},"sk":{"a":0,"k":0,"ix":4},"sa":{"a":0,"k":0,"ix":5},"nm":"Transform"}],"nm":"Group 2","np":2,"cix":2,"bm":0,"ix":2,"mn":"ADBE Vector Group","hd":false}],"ip":58,"op":81,"st":43,"bm":0},{"ddd":0,"ind":14,"ty":4,"nm":"Emoji_kiss_2 Outlines","parent":12,"sr":1,"ks":{"o":{"a":0,"k":100,"ix":11},"r":{"a":0,"k":0,"ix":10},"p":{"a":1,"k":[{"i":{"x":0.4,"y":0.4},"o":{"x":0.6,"y":0.6},"t":68,"s":[19.588,88.963,0],"to":[0,0,0],"ti":[0,0,0]},{"i":{"x":0.4,"y":0.4},"o":{"x":0.6,"y":0.6},"t":73,"s":[19.588,88.963,0],"to":[0,0,0],"ti":[0,0,0]},{"i":{"x":0.4,"y":0.4},"o":{"x":0.6,"y":0.6},"t":81,"s":[19.588,88.963,0],"to":[0,0,0],"ti":[0,0,0]},{"i":{"x":0.4,"y":0.4},"o":{"x":0.6,"y":0.6},"t":87,"s":[19.588,88.963,0],"to":[0,0,0],"ti":[0,0,0]},{"i":{"x":0.4,"y":0.4},"o":{"x":0.6,"y":0.6},"t":96,"s":[19.588,88.963,0],"to":[0,0,0],"ti":[0,0,0]},{"t":113,"s":[19.588,88.963,0]}],"ix":2,"l":2},"a":{"a":0,"k":[28.448,49.516,0],"ix":1,"l":2},"s":{"a":1,"k":[{"i":{"x":[0.4,0.4,0.4],"y":[1,1,1]},"o":{"x":[0.6,0.6,0.6],"y":[0,0,0]},"t":68,"s":[100,100,100]},{"i":{"x":[0.4,0.4,0.4],"y":[1,1,1]},"o":{"x":[0.6,0.6,0.6],"y":[0,0,0]},"t":73,"s":[100,56,100]},{"i":{"x":[0.4,0.4,0.4],"y":[1,1,1]},"o":{"x":[0.6,0.6,0.6],"y":[0,0,0]},"t":81,"s":[100,100,100]},{"i":{"x":[0.4,0.4,0.4],"y":[1,1,1]},"o":{"x":[0.6,0.6,0.6],"y":[0,0,0]},"t":87,"s":[100,56,100]},{"i":{"x":[0.4,0.4,0.4],"y":[1,1,1]},"o":{"x":[0.6,0.6,0.6],"y":[0,0,0]},"t":96,"s":[100,100,100]},{"t":113,"s":[100,100,100]}],"ix":6,"l":2}},"ao":0,"shapes":[{"ty":"gr","it":[{"ind":0,"ty":"sh","ix":1,"ks":{"a":0,"k":{"i":[[-0.222,0.011],[-2.207,-1.104],[-1.323,-1.966],[-0.007,-2.395],[1.327,-1.902],[2.658,-1.197],[3.329,-0.334],[0.856,-0.03],[0,0],[0,0],[0,0],[-0.107,-3.477],[-3.294,-0.108],[0,0],[0,0],[0,0],[-1.119,0.034],[-4.618,1.73],[-3.492,4.312],[-0.319,5.368],[2.723,4.716],[11.11,0.284],[0,0],[0.129,-5.059],[-5.06,-0.129]],"o":[[2.303,-0.115],[2.203,1.092],[1.323,1.988],[-0.011,2.453],[-1.333,1.895],[-2.663,1.191],[-0.838,0.071],[0,0],[0,0],[0,0],[-3.477,0.107],[0.103,3.341],[0,0],[0,0],[0,0],[1.102,0.024],[4.475,-0.196],[4.586,-1.732],[3.512,-4.283],[0.412,-5.441],[-5.45,-9.494],[0,0],[-5.059,-0.129],[-0.129,5.06],[0.225,0.006]],"v":[[-2.693,-10.928],[4.254,-9.462],[9.737,-4.74],[11.79,1.794],[9.805,8.327],[3.721,13.062],[-5.428,15.322],[-7.964,15.493],[-10.841,15.59],[-16.717,15.77],[-21.989,16.132],[-28.091,22.62],[-21.989,28.723],[-16.717,29.085],[-10.841,29.264],[-7.843,29.346],[-4.508,29.312],[9.227,26.676],[21.927,17.743],[27.786,2.521],[24.111,-13.382],[-2.693,-29.236],[-2.919,-29.242],[-12.314,-20.314],[-3.386,-10.919]],"c":true},"ix":2},"nm":"Path 1","mn":"ADBE Vector Shape - Group","hd":false},{"ty":"fl","c":{"a":0,"k":[0.187999994615,0.176000004189,0.169000004787,1],"ix":4},"o":{"a":0,"k":100,"ix":5},"r":1,"bm":0,"nm":"Fill 1","mn":"ADBE Vector Graphic - Fill","hd":false},{"ty":"tr","p":{"a":0,"k":[28.448,69.411],"ix":2},"a":{"a":0,"k":[0,0],"ix":1},"s":{"a":0,"k":[100,100],"ix":3},"r":{"a":0,"k":0,"ix":6},"o":{"a":0,"k":100,"ix":7},"sk":{"a":0,"k":0,"ix":4},"sa":{"a":0,"k":0,"ix":5},"nm":"Transform"}],"nm":"Group 1","np":2,"cix":2,"bm":0,"ix":1,"mn":"ADBE Vector Group","hd":false},{"ty":"gr","it":[{"ind":0,"ty":"sh","ix":1,"ks":{"a":0,"k":{"i":[[-0.222,-0.011],[-2.207,1.104],[-1.323,1.966],[-0.007,2.395],[1.327,1.902],[2.658,1.197],[3.329,0.334],[0.856,0.03],[0,0],[0,0],[0,0],[-0.107,3.477],[-3.294,0.108],[0,0],[0,0],[0,0],[-1.119,-0.034],[-4.618,-1.73],[-3.492,-4.312],[-0.319,-5.368],[2.723,-4.716],[11.11,-0.284],[0,0],[0.129,5.059],[-5.06,0.129]],"o":[[2.303,0.115],[2.203,-1.092],[1.323,-1.988],[-0.011,-2.453],[-1.333,-1.895],[-2.663,-1.191],[-0.838,-0.071],[0,0],[0,0],[0,0],[-3.477,-0.107],[0.103,-3.341],[0,0],[0,0],[0,0],[1.102,-0.024],[4.475,0.196],[4.586,1.732],[3.512,4.282],[0.412,5.44],[-5.45,9.494],[0,0],[-5.059,0.129],[-0.129,-5.06],[0.225,-0.006]],"v":[[-2.693,10.927],[4.254,9.462],[9.737,4.74],[11.79,-1.795],[9.805,-8.327],[3.721,-13.062],[-5.428,-15.323],[-7.964,-15.493],[-10.841,-15.59],[-16.717,-15.77],[-21.989,-16.132],[-28.091,-22.62],[-21.989,-28.723],[-16.717,-29.085],[-10.841,-29.265],[-7.843,-29.346],[-4.508,-29.312],[9.227,-26.676],[21.927,-17.743],[27.786,-2.521],[24.111,13.382],[-2.693,29.236],[-2.919,29.242],[-12.314,20.314],[-3.386,10.919]],"c":true},"ix":2},"nm":"Path 1","mn":"ADBE Vector Shape - Group","hd":false},{"ty":"fl","c":{"a":0,"k":[0.187999994615,0.176000004189,0.169000004787,1],"ix":4},"o":{"a":0,"k":100,"ix":5},"r":1,"bm":0,"nm":"Fill 1","mn":"ADBE Vector Graphic - Fill","hd":false},{"ty":"tr","p":{"a":0,"k":[28.448,29.621],"ix":2},"a":{"a":0,"k":[0,0],"ix":1},"s":{"a":0,"k":[100,100],"ix":3},"r":{"a":0,"k":0,"ix":6},"o":{"a":0,"k":100,"ix":7},"sk":{"a":0,"k":0,"ix":4},"sa":{"a":0,"k":0,"ix":5},"nm":"Transform"}],"nm":"Group 2","np":2,"cix":2,"bm":0,"ix":2,"mn":"ADBE Vector Group","hd":false}],"ip":43,"op":81,"st":43,"bm":0},{"ddd":0,"ind":15,"ty":4,"nm":"Emoji_kiss_1 Outlines","sr":1,"ks":{"o":{"a":0,"k":100,"ix":11},"r":{"a":1,"k":[{"i":{"x":[0.4],"y":[1]},"o":{"x":[0.6],"y":[0]},"t":53,"s":[0]},{"i":{"x":[0.4],"y":[1]},"o":{"x":[0.6],"y":[0]},"t":63,"s":[17]},{"i":{"x":[0.4],"y":[1]},"o":{"x":[0.6],"y":[0]},"t":73,"s":[-8]},{"i":{"x":[0.4],"y":[1]},"o":{"x":[0.6],"y":[0]},"t":113,"s":[-8]},{"t":123,"s":[0]}],"ix":10},"p":{"a":0,"k":[250,400,0],"ix":2,"l":2},"a":{"a":0,"k":[150.25,300.25,0],"ix":1,"l":2},"s":{"a":1,"k":[{"i":{"x":[0.4,0.4,0.4],"y":[1,1,1]},"o":{"x":[0.6,0.6,0.6],"y":[0,0,0]},"t":53,"s":[100,100,100]},{"i":{"x":[0.4,0.4,0.4],"y":[1,1,1]},"o":{"x":[0.6,0.6,0.6],"y":[0,0,0]},"t":63,"s":[105,95,100]},{"i":{"x":[0.4,0.4,0.4],"y":[1,1,1]},"o":{"x":[0.6,0.6,0.6],"y":[0,0,0]},"t":73,"s":[100,100,100]},{"i":{"x":[0.4,0.4,0.4],"y":[1,1,1]},"o":{"x":[0.6,0.6,0.6],"y":[0,0,0]},"t":113,"s":[100,100,100]},{"t":123,"s":[100,100,100]}],"ix":6,"l":2}},"ao":0,"shapes":[{"ty":"gr","it":[{"ind":0,"ty":"sh","ix":1,"ks":{"a":0,"k":{"i":[[82.722,0],[0,-82.709],[-82.704,0],[0,82.708]],"o":[[-82.704,0],[0,82.708],[82.722,0],[0,-82.709]],"v":[[0.004,-150],[-150,0],[0.004,150],[150,0]],"c":true},"ix":2},"nm":"Path 1","mn":"ADBE Vector Shape - Group","hd":false},{"ty":"fl","c":{"a":0,"k":[0.984000052658,0.819999964097,0.337000020345,1],"ix":4},"o":{"a":0,"k":100,"ix":5},"r":1,"bm":0,"nm":"Fill 1","mn":"ADBE Vector Graphic - Fill","hd":false},{"ty":"tr","p":{"a":0,"k":[150.25,150.25],"ix":2},"a":{"a":0,"k":[0,0],"ix":1},"s":{"a":0,"k":[100,100],"ix":3},"r":{"a":0,"k":0,"ix":6},"o":{"a":0,"k":100,"ix":7},"sk":{"a":0,"k":0,"ix":4},"sa":{"a":0,"k":0,"ix":5},"nm":"Transform"}],"nm":"Group 1","np":2,"cix":2,"bm":0,"ix":1,"mn":"ADBE Vector Group","hd":false}],"ip":43,"op":81,"st":43,"bm":0}],"markers":[]}