{"v":"5.7.4","fr":30,"ip":30,"op":121,"w":500,"h":500,"nm":"Emoji_thinker_20210305","ddd":0,"assets":[],"layers":[{"ddd":0,"ind":1,"ty":4,"nm":"hand","sr":1,"ks":{"o":{"a":0,"k":100,"ix":11},"r":{"a":1,"k":[{"i":{"x":[0.4],"y":[1]},"o":{"x":[0.6],"y":[0]},"t":41,"s":[-8]},{"i":{"x":[0.4],"y":[1]},"o":{"x":[0.6],"y":[0]},"t":51,"s":[0]},{"i":{"x":[0.4],"y":[1]},"o":{"x":[0.6],"y":[0]},"t":71,"s":[0]},{"i":{"x":[0.4],"y":[1]},"o":{"x":[0.6],"y":[0]},"t":79,"s":[3]},{"i":{"x":[0.4],"y":[1]},"o":{"x":[0.6],"y":[0]},"t":91,"s":[3]},{"i":{"x":[0.4],"y":[1]},"o":{"x":[0.6],"y":[0]},"t":101,"s":[0]},{"t":112,"s":[-8]}],"ix":10},"p":{"a":1,"k":[{"i":{"x":0.4,"y":1},"o":{"x":0.6,"y":0},"t":41,"s":[35.5,411.238,0],"to":[6.75,-8.608,0],"ti":[-6.75,8.608,0]},{"i":{"x":0.4,"y":1},"o":{"x":0.6,"y":0},"t":51,"s":[76,359.591,0],"to":[0,0,0],"ti":[0,0,0]},{"i":{"x":0.4,"y":1},"o":{"x":0.6,"y":0},"t":71,"s":[76,359.591,0],"to":[0,0,0],"ti":[-5,-0.142,0]},{"i":{"x":0.4,"y":0.4},"o":{"x":0.6,"y":0.6},"t":79,"s":[88,359.591,0],"to":[0,0,0],"ti":[0,0,0]},{"i":{"x":0.4,"y":1},"o":{"x":0.6,"y":0},"t":91,"s":[88,359.591,0],"to":[0,0,0],"ti":[0,0,0]},{"i":{"x":0.4,"y":1},"o":{"x":0.6,"y":0},"t":101,"s":[76,359.591,0],"to":[-6.75,8.608,0],"ti":[6.75,-8.608,0]},{"t":112,"s":[35.5,411.238,0]}],"ix":2,"l":2},"a":{"a":0,"k":[4.567,146.499,0],"ix":1,"l":2},"s":{"a":0,"k":[100,100,100],"ix":6,"l":2}},"ao":0,"shapes":[{"ty":"gr","it":[{"ind":0,"ty":"sh","ix":1,"ks":{"a":0,"k":{"i":[[-1.061,9.374],[0.014,0.792],[4.447,3.499],[0.184,0.127],[0,0],[-0.198,10.579],[4.446,3.512],[4.205,0],[0,0],[29.243,0],[6.627,0.057],[0.194,0.002],[-0.254,1.488],[4.786,10.433],[9.088,-4.163],[-4.175,-9.098],[18.45,-20.381],[5.037,-6.193],[-34.356,0],[0,0]],"o":[[0.1,-0.837],[0,-5.652],[-0.184,-0.155],[0,0],[9.942,0],[0,-5.679],[-3.285,-2.592],[0,0],[-10.069,0.142],[-7.024,0],[-0.191,-0.001],[0.314,-1.492],[4.125,-24.164],[-4.175,-9.111],[-9.099,4.175],[0.502,1.096],[-6.278,4.546],[-19.063,35.086],[0,0],[25.093,0]],"v":[[34.874,34.599],[35.002,32.149],[28.006,17.746],[27.454,17.322],[85.982,17.023],[104.391,-1.655],[97.382,-16.113],[85.939,-20.078],[81.025,-20.022],[-2.993,-19.526],[-23.626,-19.597],[-24.258,-19.596],[-23.182,-24.057],[-27.396,-82.056],[-51.421,-90.983],[-60.348,-66.96],[-67.991,-22.015],[-85.328,-6.168],[-54.81,95.146],[-4.018,95.146]],"c":true},"ix":2},"nm":"Path 1","mn":"ADBE Vector Shape - Group","hd":false},{"ty":"fl","c":{"a":0,"k":[0.984000052658,0.819999964097,0.337000020345,1],"ix":4},"o":{"a":0,"k":100,"ix":5},"r":1,"bm":0,"nm":"Fill 1","mn":"ADBE Vector Graphic - Fill","hd":false},{"ty":"tr","p":{"a":0,"k":[107.755,106.24],"ix":2},"a":{"a":0,"k":[0,0],"ix":1},"s":{"a":0,"k":[100,100],"ix":3},"r":{"a":0,"k":0,"ix":6},"o":{"a":0,"k":100,"ix":7},"sk":{"a":0,"k":0,"ix":4},"sa":{"a":0,"k":0,"ix":5},"nm":"Transform"}],"nm":"Group 1","np":2,"cix":2,"bm":0,"ix":1,"mn":"ADBE Vector Group","hd":false},{"ty":"gr","it":[{"ind":0,"ty":"sh","ix":1,"ks":{"a":0,"k":{"i":[[6.76,5.337],[6.468,0],[0,0],[29.429,0],[3.553,0.011],[5.079,11.072],[13.864,-6.353],[2.572,-6.917],[-3.071,-6.691],[13.409,-15.575],[4.805,-5.908],[0,0],[0,0],[-15.615,-26.255],[-14.089,0],[0,0],[-6.805,14.729],[-0.615,5.372],[0.017,1.196],[0.337,1.728],[0,0],[-0.296,15.714],[0,0]],"o":[[-4.984,-3.934],[0,0],[-10.081,0.144],[-2.917,0],[2.884,-23.933],[-6.349,-13.856],[-6.71,3.078],[-2.575,6.923],[0.337,0.753],[-7.647,5.618],[0,0],[0,0],[-13.81,25.418],[8.91,14.98],[0,0],[18.333,0],[7.088,-15.336],[0.145,-1.219],[-0.005,-1.801],[0,0],[15.367,0],[0,0],[0,-8.602]],"v":[[100.075,-22.927],[82.627,-28.94],[77.686,-28.883],[-6.199,-28.388],[-16.04,-28.401],[-21.945,-85.362],[-58.598,-98.976],[-72.993,-83.475],[-72.217,-62.349],[-77.644,-28.438],[-95.92,-11.517],[-96.478,-10.831],[-96.9,-10.054],[-93.68,82.099],[-58.015,105.329],[-7.223,105.329],[29.878,73.043],[41.127,36.362],[41.32,32.724],[40.802,27.421],[82.777,27.207],[110.709,-0.817],[110.71,-0.994]],"c":true},"ix":2},"nm":"Path 1","mn":"ADBE Vector Shape - Group","hd":false},{"ty":"fl","c":{"a":0,"k":[0.808000033509,0.525,0.023999999551,1],"ix":4},"o":{"a":0,"k":100,"ix":5},"r":1,"bm":0,"nm":"Fill 1","mn":"ADBE Vector Graphic - Fill","hd":false},{"ty":"tr","p":{"a":0,"k":[110.96,105.579],"ix":2},"a":{"a":0,"k":[0,0],"ix":1},"s":{"a":0,"k":[100,100],"ix":3},"r":{"a":0,"k":0,"ix":6},"o":{"a":0,"k":100,"ix":7},"sk":{"a":0,"k":0,"ix":4},"sa":{"a":0,"k":0,"ix":5},"nm":"Transform"}],"nm":"Group 2","np":2,"cix":2,"bm":0,"ix":2,"mn":"ADBE Vector Group","hd":false}],"ip":0,"op":181,"st":0,"bm":0},{"ddd":0,"ind":2,"ty":4,"nm":"face 2","td":1,"sr":1,"ks":{"o":{"a":0,"k":100,"ix":11},"r":{"a":0,"k":0,"ix":10},"p":{"a":0,"k":[256.348,243.652,0],"ix":2,"l":2},"a":{"a":0,"k":[167.901,167.902,0],"ix":1,"l":2},"s":{"a":0,"k":[100,100,100],"ix":6,"l":2}},"ao":0,"shapes":[{"ty":"gr","it":[{"ind":0,"ty":"sh","ix":1,"ks":{"a":0,"k":{"i":[[-1.504,-1.913],[-0.098,-0.118],[1.128,2.211]],"o":[[0.096,0.121],[-1.222,-2.153],[0.627,2.202]],"v":[[1.426,2.96],[1.744,3.28],[-1.744,-3.28]],"c":true},"ix":2},"nm":"Path 1","mn":"ADBE Vector Shape - Group","hd":false},{"ty":"fl","c":{"a":0,"k":[0.941000007181,0.670999983245,0.128999986836,1],"ix":4},"o":{"a":0,"k":100,"ix":5},"r":1,"bm":0,"nm":"Fill 1","mn":"ADBE Vector Graphic - Fill","hd":false},{"ty":"tr","p":{"a":0,"k":[20.337,247.043],"ix":2},"a":{"a":0,"k":[0,0],"ix":1},"s":{"a":0,"k":[100,100],"ix":3},"r":{"a":0,"k":0,"ix":6},"o":{"a":0,"k":100,"ix":7},"sk":{"a":0,"k":0,"ix":4},"sa":{"a":0,"k":0,"ix":5},"nm":"Transform"}],"nm":"Group 1","np":2,"cix":2,"bm":0,"ix":1,"mn":"ADBE Vector Group","hd":false},{"ty":"gr","it":[{"ind":0,"ty":"sh","ix":1,"ks":{"a":0,"k":{"i":[[92.446,0],[0,-92.442],[-92.442,0],[0,92.441]],"o":[[-92.442,0],[0,92.441],[92.446,0],[0,-92.442]],"v":[[0.001,-167.652],[-167.651,0],[0.001,167.652],[167.651,0]],"c":true},"ix":2},"nm":"Path 1","mn":"ADBE Vector Shape - Group","hd":false},{"ty":"fl","c":{"a":0,"k":[0.984000052658,0.819999964097,0.337000020345,1],"ix":4},"o":{"a":0,"k":100,"ix":5},"r":1,"bm":0,"nm":"Fill 1","mn":"ADBE Vector Graphic - Fill","hd":false},{"ty":"tr","p":{"a":0,"k":[167.901,167.902],"ix":2},"a":{"a":0,"k":[0,0],"ix":1},"s":{"a":0,"k":[100,100],"ix":3},"r":{"a":0,"k":0,"ix":6},"o":{"a":0,"k":100,"ix":7},"sk":{"a":0,"k":0,"ix":4},"sa":{"a":0,"k":0,"ix":5},"nm":"Transform"}],"nm":"Group 2","np":2,"cix":2,"bm":0,"ix":2,"mn":"ADBE Vector Group","hd":false}],"ip":0,"op":181,"st":0,"bm":0},{"ddd":0,"ind":3,"ty":4,"nm":"shadow","parent":1,"tt":1,"sr":1,"ks":{"o":{"a":0,"k":100,"ix":11},"r":{"a":0,"k":0,"ix":10},"p":{"a":0,"k":[140.854,144.284,0],"ix":2,"l":2},"a":{"a":0,"k":[74.743,52.258,0],"ix":1,"l":2},"s":{"a":0,"k":[100,100,100],"ix":6,"l":2}},"ao":0,"shapes":[{"ty":"gr","it":[{"ind":0,"ty":"sh","ix":1,"ks":{"a":0,"k":{"i":[[0,0],[0,0],[-36.112,-5.508],[0,0]],"o":[[0,0],[24.699,24.727],[0,0],[0,0]],"v":[[6.972,-52.008],[-74.493,4.702],[18.679,52.008],[74.493,-21.818]],"c":true},"ix":2},"nm":"Path 1","mn":"ADBE Vector Shape - Group","hd":false},{"ty":"fl","c":{"a":0,"k":[0.941000007181,0.670999983245,0.128999986836,1],"ix":4},"o":{"a":0,"k":100,"ix":5},"r":1,"bm":0,"nm":"Fill 1","mn":"ADBE Vector Graphic - Fill","hd":false},{"ty":"tr","p":{"a":0,"k":[74.743,52.258],"ix":2},"a":{"a":0,"k":[0,0],"ix":1},"s":{"a":0,"k":[100,100],"ix":3},"r":{"a":0,"k":0,"ix":6},"o":{"a":0,"k":100,"ix":7},"sk":{"a":0,"k":0,"ix":4},"sa":{"a":0,"k":0,"ix":5},"nm":"Transform"}],"nm":"Group 1","np":2,"cix":2,"bm":0,"ix":1,"mn":"ADBE Vector Group","hd":false}],"ip":0,"op":181,"st":0,"bm":0},{"ddd":0,"ind":4,"ty":3,"nm":"NULL CONTROL","parent":8,"sr":1,"ks":{"o":{"a":0,"k":0,"ix":11},"r":{"a":1,"k":[{"i":{"x":[0.4],"y":[1]},"o":{"x":[0.6],"y":[0]},"t":40,"s":[-6]},{"i":{"x":[0.4],"y":[1]},"o":{"x":[0.6],"y":[0]},"t":50,"s":[0]},{"i":{"x":[0.4],"y":[1]},"o":{"x":[0.6],"y":[0]},"t":70,"s":[0]},{"i":{"x":[0.4],"y":[1]},"o":{"x":[0.6],"y":[0]},"t":78,"s":[15]},{"i":{"x":[0.4],"y":[1]},"o":{"x":[0.6],"y":[0]},"t":90,"s":[15]},{"i":{"x":[0.4],"y":[1]},"o":{"x":[0.6],"y":[0]},"t":100,"s":[0]},{"t":110,"s":[-6]}],"ix":10},"p":{"a":1,"k":[{"i":{"x":0.4,"y":1},"o":{"x":0.6,"y":0},"t":40,"s":[153.473,154.882,0],"to":[6.167,-3.667,0],"ti":[-6.167,3.667,0]},{"i":{"x":0.4,"y":0.4},"o":{"x":0.6,"y":0.6},"t":50,"s":[190.473,132.882,0],"to":[0,0,0],"ti":[0,0,0]},{"i":{"x":0.4,"y":1},"o":{"x":0.6,"y":0},"t":70,"s":[190.473,132.882,0],"to":[0,0,0],"ti":[0,0,0]},{"i":{"x":0.4,"y":0.4},"o":{"x":0.6,"y":0.6},"t":78,"s":[220.473,149.382,0],"to":[0,0,0],"ti":[0,0,0]},{"i":{"x":0.4,"y":1},"o":{"x":0.6,"y":0},"t":90,"s":[220.473,149.382,0],"to":[0,0,0],"ti":[0,0,0]},{"i":{"x":0.4,"y":1},"o":{"x":0.6,"y":0},"t":100,"s":[190.473,132.882,0],"to":[-6.167,3.667,0],"ti":[6.167,-3.667,0]},{"t":110,"s":[153.473,154.882,0]}],"ix":2,"l":2},"a":{"a":0,"k":[60,60,0],"ix":1,"l":2},"s":{"a":0,"k":[100,100,100],"ix":6,"l":2}},"ao":0,"ip":0,"op":181,"st":0,"bm":0},{"ddd":0,"ind":5,"ty":4,"nm":"eyebrows","parent":4,"sr":1,"ks":{"o":{"a":0,"k":100,"ix":11},"r":{"a":0,"k":0,"ix":10},"p":{"a":1,"k":[{"i":{"x":0.4,"y":1},"o":{"x":0.6,"y":0},"t":44,"s":[56.3,-10.349,0],"to":[0,3.583,0],"ti":[0,0,0]},{"i":{"x":0.4,"y":1},"o":{"x":0.6,"y":0},"t":47,"s":[56.3,11.151,0],"to":[0,0,0],"ti":[0,3.583,0]},{"i":{"x":0.4,"y":0.4},"o":{"x":0.6,"y":0.6},"t":50,"s":[56.3,-10.349,0],"to":[0,0,0],"ti":[0,0,0]},{"i":{"x":0.4,"y":1},"o":{"x":0.6,"y":0},"t":74,"s":[56.3,-10.349,0],"to":[0,3.583,0],"ti":[0,0,0]},{"i":{"x":0.4,"y":1},"o":{"x":0.6,"y":0},"t":76,"s":[56.3,11.151,0],"to":[0,0,0],"ti":[0,3.583,0]},{"i":{"x":0.4,"y":0.4},"o":{"x":0.6,"y":0.6},"t":78,"s":[56.3,-10.349,0],"to":[0,0,0],"ti":[0,0,0]},{"i":{"x":0.4,"y":1},"o":{"x":0.6,"y":0},"t":104,"s":[56.3,-10.349,0],"to":[0,3.583,0],"ti":[0,0,0]},{"i":{"x":0.4,"y":1},"o":{"x":0.6,"y":0},"t":107,"s":[56.3,11.151,0],"to":[0,0,0],"ti":[0,3.583,0]},{"t":110,"s":[56.3,-10.349,0]}],"ix":2,"l":2},"a":{"a":0,"k":[105.938,31.099,0],"ix":1,"l":2},"s":{"a":0,"k":[100,100,100],"ix":6,"l":2}},"ao":0,"shapes":[{"ty":"gr","it":[{"ind":0,"ty":"sh","ix":1,"ks":{"a":0,"k":{"i":[[0.826,1.486],[0.236,0.748],[0.558,1.351],[0.937,1.775],[1.413,2.009],[1.914,2.081],[2.376,1.918],[2.841,1.402],[3.045,0.844],[3.031,0.163],[2.798,-0.355],[2.404,-0.797],[1.089,-0.465],[0.956,-0.538],[1.945,-1.619],[0,0],[-1.048,-1.355],[-0.95,0.206],[0,0],[-2.201,0.559],[-1.505,0.343],[-1.832,0.324],[-0.976,0.142],[-1.039,0.009],[-2.196,-0.057],[-2.247,-0.407],[-1.112,-0.32],[-1.109,-0.352],[-6.259,-4.918],[-1.286,-1.052],[-0.925,-0.791],[-0.498,-0.434],[-0.017,-0.053],[-1.271,0.849]],"o":[[0.009,0.04],[-0.226,-0.778],[-0.522,-1.358],[-0.942,-1.775],[-1.395,-2.04],[-1.892,-2.075],[-2.434,-1.82],[-2.822,-1.429],[-3.045,-0.865],[-3.025,-0.228],[-2.786,0.426],[-1.214,0.351],[-1.078,0.487],[-3.866,2.032],[-1.934,1.648],[-1.147,1.108],[0.718,0.918],[0,0],[0,0],[1.075,-0.355],[1.494,-0.422],[0.909,-0.201],[0.978,-0.132],[2.062,-0.196],[2.204,0.113],[1.121,0.203],[1.129,0.237],[8.828,2.942],[1.58,1.229],[1.287,1.082],[0.926,0.8],[0.489,0.441],[0.826,1.477],[1.268,-0.843]],"v":[[39.877,16.146],[39.534,14.923],[38.398,11.69],[36.217,6.935],[32.724,1.19],[27.759,-5.014],[21.276,-10.983],[13.387,-15.978],[4.533,-19.423],[-4.635,-20.984],[-13.414,-20.684],[-21.227,-18.839],[-24.662,-17.539],[-27.761,-16.104],[-36.511,-10.35],[-39.482,-7.694],[-39.655,-3.236],[-36.944,-2.118],[-36.757,-2.147],[-33.221,-2.954],[-29.265,-3.858],[-24.207,-4.816],[-21.346,-5.19],[-18.323,-5.482],[-11.894,-5.625],[-5.204,-4.913],[-1.843,-4.18],[1.497,-3.221],[24.761,10.375],[29.041,13.871],[32.374,16.703],[34.527,18.573],[35.279,19.22],[39.08,20.363]],"c":true},"ix":2},"nm":"Path 1","mn":"ADBE Vector Shape - Group","hd":false},{"ty":"fl","c":{"a":0,"k":[0.187999994615,0.176000004189,0.169000004787,1],"ix":4},"o":{"a":0,"k":100,"ix":5},"r":1,"bm":0,"nm":"Fill 1","mn":"ADBE Vector Graphic - Fill","hd":false},{"ty":"tr","p":{"a":0,"k":[170.924,40.736],"ix":2},"a":{"a":0,"k":[0,0],"ix":1},"s":{"a":0,"k":[100,100],"ix":3},"r":{"a":0,"k":0,"ix":6},"o":{"a":0,"k":100,"ix":7},"sk":{"a":0,"k":0,"ix":4},"sa":{"a":0,"k":0,"ix":5},"nm":"Transform"}],"nm":"Group 1","np":2,"cix":2,"bm":0,"ix":1,"mn":"ADBE Vector Group","hd":false},{"ty":"gr","it":[{"ind":0,"ty":"sh","ix":1,"ks":{"a":1,"k":[{"i":{"x":0.4,"y":1},"o":{"x":0.6,"y":0},"t":44,"s":[{"i":[[-1.297,1.1],[-0.483,0.618],[-0.997,1.068],[-1.503,1.333],[-2.029,1.382],[-2.524,1.274],[-2.899,0.958],[-3.152,0.312],[-3.147,-0.282],[-2.894,-0.914],[-2.494,-1.316],[-1.968,-1.593],[-0.856,-0.818],[-0.705,-0.839],[-1.25,-2.2],[0,0],[1.458,-0.899],[0.817,0.527],[0,0],[1.864,1.299],[1.289,0.851],[1.601,0.949],[0.864,0.477],[0.969,0.375],[2.074,0.72],[2.247,0.41],[1.153,0.092],[1.162,0.061],[7.59,-2.399],[1.574,-0.532],[1.144,-0.414],[0.619,-0.231],[0.036,-0.043],[0.891,1.242]],"o":[[-0.023,0.034],[0.486,-0.648],[0.968,-1.087],[1.506,-1.329],[2.024,-1.419],[2.501,-1.276],[2.92,-0.846],[3.144,-0.343],[3.155,0.264],[2.912,0.852],[2.458,1.38],[1.014,0.756],[0.838,0.836],[2.903,3.264],[1.23,2.224],[0.683,1.441],[-0.995,0.607],[0,0],[0,0],[-0.879,-0.711],[-1.25,-0.921],[-0.779,-0.508],[-0.868,-0.468],[-1.861,-0.909],[-2.103,-0.67],[-1.12,-0.205],[-1.141,-0.176],[-9.299,-0.355],[-1.911,0.594],[-1.586,0.559],[-1.148,0.423],[-0.612,0.241],[-1.291,1.092],[-0.889,-1.234]],"v":[[-40.182,-7.658],[-39.432,-8.682],[-37.23,-11.308],[-33.513,-14.992],[-28.222,-19.137],[-21.39,-23.197],[-13.221,-26.501],[-4.078,-28.398],[5.422,-28.506],[14.553,-26.739],[22.664,-23.366],[29.326,-18.887],[32.084,-16.462],[34.479,-14.028],[40.643,-5.562],[42.489,-2.029],[41.081,2.204],[38.15,2.296],[37.985,2.204],[34.959,0.202],[31.575,-2.036],[27.178,-4.714],[24.632,-6.072],[21.906,-7.409],[15.94,-9.807],[9.426,-11.495],[6.023,-11.992],[2.559,-12.272],[-24.002,-7.738],[-29.239,-5.972],[-33.356,-4.496],[-36.03,-3.503],[-36.962,-3.163],[-40.922,-3.431]],"c":true}]},{"i":{"x":0.4,"y":1},"o":{"x":0.6,"y":0},"t":50,"s":[{"i":[[-1.297,1.1],[-0.483,0.618],[-0.997,1.068],[-1.503,1.333],[-2.029,1.382],[-2.524,1.274],[-2.899,0.958],[-3.152,0.312],[-3.147,-0.282],[-2.894,-0.914],[-2.494,-1.316],[-1.968,-1.593],[-0.856,-0.818],[-0.705,-0.839],[-1.25,-2.2],[0,0],[1.458,-0.899],[0.817,0.527],[0,0],[1.864,1.299],[1.289,0.851],[1.601,0.949],[0.864,0.477],[0.969,0.375],[2.074,0.72],[2.247,0.41],[1.153,0.092],[1.162,0.061],[7.59,-2.399],[1.574,-0.532],[1.144,-0.414],[0.619,-0.231],[0.036,-0.043],[0.891,1.242]],"o":[[-0.023,0.034],[0.486,-0.648],[0.968,-1.087],[1.506,-1.329],[2.024,-1.419],[2.501,-1.276],[2.92,-0.846],[3.144,-0.343],[3.155,0.264],[2.912,0.852],[2.458,1.38],[1.014,0.756],[0.838,0.836],[2.903,3.264],[1.23,2.224],[0.683,1.441],[-0.995,0.607],[0,0],[0,0],[-0.879,-0.711],[-1.25,-0.921],[-0.779,-0.508],[-0.868,-0.468],[-1.861,-0.909],[-2.103,-0.67],[-1.12,-0.205],[-1.141,-0.176],[-9.299,-0.355],[-1.911,0.594],[-1.586,0.559],[-1.148,0.423],[-0.612,0.241],[-1.291,1.092],[-0.889,-1.234]],"v":[[-40.862,5.324],[-40.112,4.3],[-37.91,1.674],[-34.193,-2.01],[-28.902,-6.154],[-22.07,-10.214],[-13.901,-13.519],[-4.758,-15.416],[4.742,-15.524],[13.873,-13.757],[21.984,-10.383],[28.646,-5.904],[31.404,-3.48],[33.799,-1.046],[39.963,7.42],[41.809,10.954],[40.401,15.187],[37.47,15.278],[37.305,15.187],[34.279,13.184],[30.895,10.946],[26.498,8.268],[23.952,6.911],[21.226,5.574],[15.26,3.175],[8.746,1.488],[5.343,0.99],[1.879,0.71],[-24.682,5.244],[-29.919,7.01],[-34.036,8.486],[-36.71,9.48],[-37.643,9.82],[-41.602,9.551]],"c":true}]},{"i":{"x":0.4,"y":1},"o":{"x":0.6,"y":0},"t":104,"s":[{"i":[[-1.297,1.1],[-0.483,0.618],[-0.997,1.068],[-1.503,1.333],[-2.029,1.382],[-2.524,1.274],[-2.899,0.958],[-3.152,0.312],[-3.147,-0.282],[-2.894,-0.914],[-2.494,-1.316],[-1.968,-1.593],[-0.856,-0.818],[-0.705,-0.839],[-1.25,-2.2],[0,0],[1.458,-0.899],[0.817,0.527],[0,0],[1.864,1.299],[1.289,0.851],[1.601,0.949],[0.864,0.477],[0.969,0.375],[2.074,0.72],[2.247,0.41],[1.153,0.092],[1.162,0.061],[7.59,-2.399],[1.574,-0.532],[1.144,-0.414],[0.619,-0.231],[0.036,-0.043],[0.891,1.242]],"o":[[-0.023,0.034],[0.486,-0.648],[0.968,-1.087],[1.506,-1.329],[2.024,-1.419],[2.501,-1.276],[2.92,-0.846],[3.144,-0.343],[3.155,0.264],[2.912,0.852],[2.458,1.38],[1.014,0.756],[0.838,0.836],[2.903,3.264],[1.23,2.224],[0.683,1.441],[-0.995,0.607],[0,0],[0,0],[-0.879,-0.711],[-1.25,-0.921],[-0.779,-0.508],[-0.868,-0.468],[-1.861,-0.909],[-2.103,-0.67],[-1.12,-0.205],[-1.141,-0.176],[-9.299,-0.355],[-1.911,0.594],[-1.586,0.559],[-1.148,0.423],[-0.612,0.241],[-1.291,1.092],[-0.889,-1.234]],"v":[[-40.862,5.324],[-40.112,4.3],[-37.91,1.674],[-34.193,-2.01],[-28.902,-6.154],[-22.07,-10.214],[-13.901,-13.519],[-4.758,-15.416],[4.742,-15.524],[13.873,-13.757],[21.984,-10.383],[28.646,-5.904],[31.404,-3.48],[33.799,-1.046],[39.963,7.42],[41.809,10.954],[40.401,15.187],[37.47,15.278],[37.305,15.187],[34.279,13.184],[30.895,10.946],[26.498,8.268],[23.952,6.911],[21.226,5.574],[15.26,3.175],[8.746,1.488],[5.343,0.99],[1.879,0.71],[-24.682,5.244],[-29.919,7.01],[-34.036,8.486],[-36.71,9.48],[-37.643,9.82],[-41.602,9.551]],"c":true}]},{"t":110,"s":[{"i":[[-1.297,1.1],[-0.483,0.618],[-0.997,1.068],[-1.503,1.333],[-2.029,1.382],[-2.524,1.274],[-2.899,0.958],[-3.152,0.312],[-3.147,-0.282],[-2.894,-0.914],[-2.494,-1.316],[-1.968,-1.593],[-0.856,-0.818],[-0.705,-0.839],[-1.25,-2.2],[0,0],[1.458,-0.899],[0.817,0.527],[0,0],[1.864,1.299],[1.289,0.851],[1.601,0.949],[0.864,0.477],[0.969,0.375],[2.074,0.72],[2.247,0.41],[1.153,0.092],[1.162,0.061],[7.59,-2.399],[1.574,-0.532],[1.144,-0.414],[0.619,-0.231],[0.036,-0.043],[0.891,1.242]],"o":[[-0.023,0.034],[0.486,-0.648],[0.968,-1.087],[1.506,-1.329],[2.024,-1.419],[2.501,-1.276],[2.92,-0.846],[3.144,-0.343],[3.155,0.264],[2.912,0.852],[2.458,1.38],[1.014,0.756],[0.838,0.836],[2.903,3.264],[1.23,2.224],[0.683,1.441],[-0.995,0.607],[0,0],[0,0],[-0.879,-0.711],[-1.25,-0.921],[-0.779,-0.508],[-0.868,-0.468],[-1.861,-0.909],[-2.103,-0.67],[-1.12,-0.205],[-1.141,-0.176],[-9.299,-0.355],[-1.911,0.594],[-1.586,0.559],[-1.148,0.423],[-0.612,0.241],[-1.291,1.092],[-0.889,-1.234]],"v":[[-40.182,-7.658],[-39.432,-8.682],[-37.23,-11.308],[-33.513,-14.992],[-28.222,-19.137],[-21.39,-23.197],[-13.221,-26.501],[-4.078,-28.398],[5.422,-28.506],[14.553,-26.739],[22.664,-23.366],[29.326,-18.887],[32.084,-16.462],[34.479,-14.028],[40.643,-5.562],[42.489,-2.029],[41.081,2.204],[38.15,2.296],[37.985,2.204],[34.959,0.202],[31.575,-2.036],[27.178,-4.714],[24.632,-6.072],[21.906,-7.409],[15.94,-9.807],[9.426,-11.495],[6.023,-11.992],[2.559,-12.272],[-24.002,-7.738],[-29.239,-5.972],[-33.356,-4.496],[-36.03,-3.503],[-36.962,-3.163],[-40.922,-3.431]],"c":true}]}],"ix":2},"nm":"Path 1","mn":"ADBE Vector Shape - Group","hd":false},{"ty":"fl","c":{"a":0,"k":[0.187999994615,0.176000004189,0.169000004787,1],"ix":4},"o":{"a":0,"k":100,"ix":5},"r":1,"bm":0,"nm":"Fill 1","mn":"ADBE Vector Graphic - Fill","hd":false},{"ty":"tr","p":{"a":0,"k":[42.741,16.056],"ix":2},"a":{"a":0,"k":[0,0],"ix":1},"s":{"a":0,"k":[100,100],"ix":3},"r":{"a":0,"k":0,"ix":6},"o":{"a":0,"k":100,"ix":7},"sk":{"a":0,"k":0,"ix":4},"sa":{"a":0,"k":0,"ix":5},"nm":"Transform"}],"nm":"Group 2","np":2,"cix":2,"bm":0,"ix":2,"mn":"ADBE Vector Group","hd":false}],"ip":1,"op":182,"st":1,"bm":0},{"ddd":0,"ind":6,"ty":4,"nm":"eyes","parent":4,"sr":1,"ks":{"o":{"a":0,"k":100,"ix":11},"r":{"a":0,"k":0,"ix":10},"p":{"a":0,"k":[63.7,34.435,0],"ix":2,"l":2},"a":{"a":0,"k":[81.62,41.776,0],"ix":1,"l":2},"s":{"a":1,"k":[{"i":{"x":[0.4,0.4,0.4],"y":[1,1,1]},"o":{"x":[0.6,0.6,0.6],"y":[0,0,0]},"t":45,"s":[100,100,100]},{"i":{"x":[0.4,0.4,0.4],"y":[1,1,1]},"o":{"x":[0.6,0.6,0.6],"y":[0,0,0]},"t":47,"s":[100,10,100]},{"i":{"x":[0.4,0.4,0.4],"y":[1,1,1]},"o":{"x":[0.6,0.6,0.6],"y":[0,0,0]},"t":49,"s":[100,100,100]},{"i":{"x":[0.4,0.4,0.4],"y":[1,1,1]},"o":{"x":[0.6,0.6,0.6],"y":[0,0,0]},"t":74,"s":[100,100,100]},{"i":{"x":[0.4,0.4,0.4],"y":[1,1,1]},"o":{"x":[0.6,0.6,0.6],"y":[0,0,0]},"t":76,"s":[100,10,100]},{"i":{"x":[0.4,0.4,0.4],"y":[1,1,1]},"o":{"x":[0.6,0.6,0.6],"y":[0,0,0]},"t":78,"s":[100,100,100]},{"i":{"x":[0.4,0.4,0.4],"y":[1,1,1]},"o":{"x":[0.6,0.6,0.6],"y":[0,0,0]},"t":105,"s":[100,100,100]},{"i":{"x":[0.4,0.4,0.4],"y":[1,1,1]},"o":{"x":[0.6,0.6,0.6],"y":[0,0,0]},"t":107,"s":[100,10,100]},{"t":109,"s":[100,100,100]}],"ix":6,"l":2}},"ao":0,"shapes":[{"ty":"gr","it":[{"ind":0,"ty":"sh","ix":1,"ks":{"a":0,"k":{"i":[[0,-17.36],[11.578,0],[0,17.359],[-11.573,0]],"o":[[0,17.359],[-11.573,0],[0,-17.36],[11.578,0]],"v":[[20.957,-0.006],[0,31.434],[-20.957,-0.006],[0,-31.434]],"c":true},"ix":2},"nm":"Path 1","mn":"ADBE Vector Shape - Group","hd":false},{"ty":"fl","c":{"a":0,"k":[0.187999994615,0.176000004189,0.169000004787,1],"ix":4},"o":{"a":0,"k":100,"ix":5},"r":1,"bm":0,"nm":"Fill 1","mn":"ADBE Vector Graphic - Fill","hd":false},{"ty":"tr","p":{"a":0,"k":[142.033,51.867],"ix":2},"a":{"a":0,"k":[0,0],"ix":1},"s":{"a":0,"k":[100,100],"ix":3},"r":{"a":0,"k":0,"ix":6},"o":{"a":0,"k":100,"ix":7},"sk":{"a":0,"k":0,"ix":4},"sa":{"a":0,"k":0,"ix":5},"nm":"Transform"}],"nm":"Group 1","np":2,"cix":2,"bm":0,"ix":1,"mn":"ADBE Vector Group","hd":false},{"ty":"gr","it":[{"ind":0,"ty":"sh","ix":1,"ks":{"a":0,"k":{"i":[[0,-17.36],[11.579,0],[0,17.359],[-11.573,0]],"o":[[0,17.359],[-11.573,0],[0,-17.36],[11.579,0]],"v":[[20.957,-0.005],[-0.001,31.435],[-20.957,-0.005],[-0.001,-31.435]],"c":true},"ix":2},"nm":"Path 1","mn":"ADBE Vector Shape - Group","hd":false},{"ty":"fl","c":{"a":0,"k":[0.187999994615,0.176000004189,0.169000004787,1],"ix":4},"o":{"a":0,"k":100,"ix":5},"r":1,"bm":0,"nm":"Fill 1","mn":"ADBE Vector Graphic - Fill","hd":false},{"ty":"tr","p":{"a":0,"k":[20.81,38.541],"ix":2},"a":{"a":0,"k":[0,0],"ix":1},"s":{"a":0,"k":[100,100],"ix":3},"r":{"a":0,"k":0,"ix":6},"o":{"a":0,"k":100,"ix":7},"sk":{"a":0,"k":0,"ix":4},"sa":{"a":0,"k":0,"ix":5},"nm":"Transform"}],"nm":"Group 2","np":2,"cix":2,"bm":0,"ix":2,"mn":"ADBE Vector Group","hd":false}],"ip":0,"op":181,"st":0,"bm":0},{"ddd":0,"ind":7,"ty":4,"nm":"mouth","parent":4,"sr":1,"ks":{"o":{"a":0,"k":100,"ix":11},"r":{"a":1,"k":[{"i":{"x":[0.4],"y":[1]},"o":{"x":[0.6],"y":[0]},"t":40,"s":[-15]},{"i":{"x":[0.4],"y":[1]},"o":{"x":[0.6],"y":[0]},"t":50,"s":[0]},{"i":{"x":[0.4],"y":[1]},"o":{"x":[0.6],"y":[0]},"t":70,"s":[0]},{"i":{"x":[0.4],"y":[1]},"o":{"x":[0.6],"y":[0]},"t":78,"s":[16]},{"i":{"x":[0.4],"y":[1]},"o":{"x":[0.6],"y":[0]},"t":100,"s":[16]},{"t":110,"s":[-15]}],"ix":10},"p":{"a":1,"k":[{"i":{"x":0.4,"y":1},"o":{"x":0.6,"y":0},"t":70,"s":[58.017,151.627,0],"to":[1.887,-1.972,0],"ti":[-1.887,1.972,0]},{"i":{"x":0.4,"y":0.4},"o":{"x":0.6,"y":0.6},"t":78,"s":[69.34,139.793,0],"to":[0,0,0],"ti":[0,0,0]},{"i":{"x":0.4,"y":1},"o":{"x":0.6,"y":0},"t":100,"s":[69.34,139.793,0],"to":[-1.887,1.972,0],"ti":[1.887,-1.972,0]},{"t":110,"s":[58.017,151.627,0]}],"ix":2,"l":2},"a":{"a":0,"k":[37.87,42.039,0],"ix":1,"l":2},"s":{"a":0,"k":[100,100,100],"ix":6,"l":2}},"ao":0,"shapes":[{"ty":"gr","it":[{"ind":0,"ty":"sh","ix":1,"ks":{"a":0,"k":{"i":[[-1.338,1.246],[-1.218,0.808],[-1.771,0.948],[-2.295,0.875],[-2.75,0.654],[-3.042,0.261],[-3.138,-0.428],[-2.996,-1.004],[-2.604,-1.56],[-2.121,-1.859],[-1.546,-2.005],[-0.643,-0.994],[-0.492,-0.981],[-0.707,-2.431],[0,0],[1.626,-0.537],[0.674,0.702],[1.513,1.696],[1.056,1.127],[1.337,1.294],[0.73,0.664],[0.856,0.589],[1.851,1.182],[2.091,0.92],[1.1,0.357],[1.115,0.329],[7.939,-0.575],[1.654,-0.152],[1.209,-0.137],[0.644,-0.148],[0.579,1.415]],"o":[[0.593,-0.552],[1.193,-0.833],[1.773,-0.944],[2.297,-0.91],[2.728,-0.662],[3.037,-0.145],[3.139,0.394],[3.008,0.988],[2.634,1.503],[2.071,1.912],[0.811,0.97],[0.621,1.007],[2.068,3.847],[0.681,2.447],[0.331,1.559],[-1.108,0.359],[0,0],[-0.69,-0.895],[-1.001,-1.186],[-0.641,-0.675],[-0.736,-0.658],[-1.6,-1.316],[-1.89,-1.138],[-1.042,-0.459],[-1.068,-0.435],[-8.964,-2.501],[-1.997,0.135],[-1.673,0.177],[-1.214,0.146],[-2.639,0.611],[-0.579,-1.408]],"v":[[-37.615,-9.102],[-34.865,-11.146],[-30.396,-13.868],[-24.288,-16.674],[-16.7,-19.039],[-7.988,-20.36],[1.344,-20.084],[10.611,-17.988],[19.085,-14.152],[26.192,-8.991],[31.635,-3.09],[33.756,-0.091],[35.521,2.833],[39.555,12.498],[40.531,16.362],[38.18,20.153],[35.307,19.562],[32.689,16.786],[29.916,13.825],[26.26,10.2],[24.098,8.29],[21.756,6.357],[16.508,2.639],[10.563,-0.512],[7.368,-1.785],[4.064,-2.86],[-22.826,-4.607],[-28.329,-4.103],[-32.676,-3.622],[-35.508,-3.276],[-40.283,-4.339]],"c":true},"ix":2},"nm":"Path 1","mn":"ADBE Vector Shape - Group","hd":false},{"ty":"fl","c":{"a":0,"k":[0.187999994615,0.176000004189,0.169000004787,1],"ix":4},"o":{"a":0,"k":100,"ix":5},"r":1,"bm":0,"nm":"Fill 1","mn":"ADBE Vector Graphic - Fill","hd":false},{"ty":"tr","p":{"a":0,"k":[41.111,20.762],"ix":2},"a":{"a":0,"k":[0,0],"ix":1},"s":{"a":0,"k":[100,100],"ix":3},"r":{"a":0,"k":0,"ix":6},"o":{"a":0,"k":100,"ix":7},"sk":{"a":0,"k":0,"ix":4},"sa":{"a":0,"k":0,"ix":5},"nm":"Transform"}],"nm":"Group 1","np":2,"cix":2,"bm":0,"ix":1,"mn":"ADBE Vector Group","hd":false}],"ip":0,"op":181,"st":0,"bm":0},{"ddd":0,"ind":8,"ty":4,"nm":"face","sr":1,"ks":{"o":{"a":0,"k":100,"ix":11},"r":{"a":0,"k":0,"ix":10},"p":{"a":0,"k":[256.348,243.652,0],"ix":2,"l":2},"a":{"a":0,"k":[167.901,167.902,0],"ix":1,"l":2},"s":{"a":0,"k":[100,100,100],"ix":6,"l":2}},"ao":0,"shapes":[{"ty":"gr","it":[{"ind":0,"ty":"sh","ix":1,"ks":{"a":0,"k":{"i":[[-1.504,-1.913],[-0.098,-0.118],[1.128,2.211]],"o":[[0.096,0.121],[-1.222,-2.153],[0.627,2.202]],"v":[[1.426,2.96],[1.744,3.28],[-1.744,-3.28]],"c":true},"ix":2},"nm":"Path 1","mn":"ADBE Vector Shape - Group","hd":false},{"ty":"fl","c":{"a":0,"k":[0.941000007181,0.670999983245,0.128999986836,1],"ix":4},"o":{"a":0,"k":100,"ix":5},"r":1,"bm":0,"nm":"Fill 1","mn":"ADBE Vector Graphic - Fill","hd":false},{"ty":"tr","p":{"a":0,"k":[20.337,247.043],"ix":2},"a":{"a":0,"k":[0,0],"ix":1},"s":{"a":0,"k":[100,100],"ix":3},"r":{"a":0,"k":0,"ix":6},"o":{"a":0,"k":100,"ix":7},"sk":{"a":0,"k":0,"ix":4},"sa":{"a":0,"k":0,"ix":5},"nm":"Transform"}],"nm":"Group 1","np":2,"cix":2,"bm":0,"ix":1,"mn":"ADBE Vector Group","hd":false},{"ty":"gr","it":[{"ind":0,"ty":"sh","ix":1,"ks":{"a":0,"k":{"i":[[92.446,0],[0,-92.442],[-92.442,0],[0,92.441]],"o":[[-92.442,0],[0,92.441],[92.446,0],[0,-92.442]],"v":[[0.001,-167.652],[-167.651,0],[0.001,167.652],[167.651,0]],"c":true},"ix":2},"nm":"Path 1","mn":"ADBE Vector Shape - Group","hd":false},{"ty":"fl","c":{"a":0,"k":[0.984000052658,0.819999964097,0.337000020345,1],"ix":4},"o":{"a":0,"k":100,"ix":5},"r":1,"bm":0,"nm":"Fill 1","mn":"ADBE Vector Graphic - Fill","hd":false},{"ty":"tr","p":{"a":0,"k":[167.901,167.902],"ix":2},"a":{"a":0,"k":[0,0],"ix":1},"s":{"a":0,"k":[100,100],"ix":3},"r":{"a":0,"k":0,"ix":6},"o":{"a":0,"k":100,"ix":7},"sk":{"a":0,"k":0,"ix":4},"sa":{"a":0,"k":0,"ix":5},"nm":"Transform"}],"nm":"Group 2","np":2,"cix":2,"bm":0,"ix":2,"mn":"ADBE Vector Group","hd":false}],"ip":0,"op":181,"st":0,"bm":0}],"markers":[]}