{"v":"5.7.4","fr":30,"ip":30,"op":121,"w":500,"h":500,"nm":"Emoji_glasses_20210508","ddd":0,"assets":[],"layers":[{"ddd":0,"ind":1,"ty":4,"nm":"Shape Layer 2","parent":7,"sr":1,"ks":{"o":{"a":0,"k":100,"ix":11},"r":{"a":0,"k":-7,"ix":10},"p":{"a":0,"k":[136.11,269.821,0],"ix":2,"l":2},"a":{"a":0,"k":[44.702,94.508,0],"ix":1,"l":2},"s":{"a":1,"k":[{"i":{"x":[0,0,0],"y":[1,1,1]},"o":{"x":[0.167,0.167,0.167],"y":[0.167,0.167,0]},"t":74,"s":[100,100,100]},{"i":{"x":[0.833,0.833,0.833],"y":[1,1,1]},"o":{"x":[0.167,0.167,0.167],"y":[0,0,0]},"t":78,"s":[171,171,100]},{"i":{"x":[0.4,0.4,0.4],"y":[1,1,1]},"o":{"x":[0.167,0.167,0.167],"y":[0.167,0.167,0]},"t":103,"s":[171,171,100]},{"t":105,"s":[100,100,100]}],"ix":6,"l":2}},"ao":0,"shapes":[{"ty":"gr","it":[{"d":1,"ty":"el","s":{"a":0,"k":[26.376,26.376],"ix":2},"p":{"a":0,"k":[0,0],"ix":3},"nm":"Ellipse Path 1","mn":"ADBE Vector Shape - Ellipse","hd":false},{"ty":"fl","c":{"a":0,"k":[0.188235309077,0.176470588235,0.16862745098,1],"ix":4},"o":{"a":0,"k":100,"ix":5},"r":1,"bm":0,"nm":"Fill 1","mn":"ADBE Vector Graphic - Fill","hd":false},{"ty":"tr","p":{"a":0,"k":[44.702,94.508],"ix":2},"a":{"a":0,"k":[0,0],"ix":1},"s":{"a":0,"k":[100,100],"ix":3},"r":{"a":0,"k":0,"ix":6},"o":{"a":0,"k":100,"ix":7},"sk":{"a":0,"k":0,"ix":4},"sa":{"a":0,"k":0,"ix":5},"nm":"Transform"}],"nm":"Ellipse 1","np":3,"cix":2,"bm":0,"ix":1,"mn":"ADBE Vector Group","hd":false}],"ip":74,"op":105,"st":-1,"bm":0},{"ddd":0,"ind":2,"ty":3,"nm":"NULL CONTROL","parent":7,"sr":1,"ks":{"o":{"a":0,"k":0,"ix":11},"r":{"a":0,"k":0,"ix":10},"p":{"a":1,"k":[{"i":{"x":0.4,"y":1},"o":{"x":0.6,"y":0},"t":41,"s":[174.229,212.08,0],"to":[7,0,0],"ti":[-7,0,0]},{"i":{"x":0.4,"y":0.4},"o":{"x":0.6,"y":0.6},"t":51,"s":[216.229,212.08,0],"to":[0,0,0],"ti":[0,0,0]},{"i":{"x":0.4,"y":1},"o":{"x":0.6,"y":0},"t":66,"s":[216.229,212.08,0],"to":[-14.833,0,0],"ti":[14.833,0,0]},{"i":{"x":0.4,"y":0.4},"o":{"x":0.6,"y":0.6},"t":76,"s":[127.229,212.08,0],"to":[0,0,0],"ti":[0,0,0]},{"i":{"x":0.4,"y":1},"o":{"x":0.6,"y":0},"t":101,"s":[127.229,212.08,0],"to":[7.833,0,0],"ti":[-7.833,0,0]},{"t":111,"s":[174.229,212.08,0]}],"ix":2,"l":2},"a":{"a":0,"k":[60,60,0],"ix":1,"l":2},"s":{"a":0,"k":[100,100,100],"ix":6,"l":2}},"ao":0,"ip":1,"op":182,"st":1,"bm":0},{"ddd":0,"ind":3,"ty":4,"nm":"eyes","parent":2,"sr":1,"ks":{"o":{"a":0,"k":100,"ix":11},"r":{"a":0,"k":0,"ix":10},"p":{"a":0,"k":[60.021,8.188,0],"ix":2,"l":2},"a":{"a":0,"k":[87.792,22,0],"ix":1,"l":2},"s":{"a":1,"k":[{"i":{"x":[0.4,0.4,0.4],"y":[1,1,1]},"o":{"x":[0.6,0.6,0.6],"y":[0,0,0]},"t":38,"s":[100,100,100]},{"i":{"x":[0.4,0.4,0.4],"y":[1,1,1]},"o":{"x":[0.6,0.6,0.6],"y":[0,0,0]},"t":40,"s":[100,10,100]},{"i":{"x":[0.833,0.833,0.833],"y":[1,1,1]},"o":{"x":[0.167,0.167,0.167],"y":[0,0,0]},"t":42,"s":[100,100,100]},{"i":{"x":[0.4,0.4,0.4],"y":[1,1,1]},"o":{"x":[0.6,0.6,0.6],"y":[0,0,0]},"t":70,"s":[100,100,100]},{"i":{"x":[0.4,0.4,0.4],"y":[1,1,1]},"o":{"x":[0.6,0.6,0.6],"y":[0,0,0]},"t":72,"s":[100,10,100]},{"i":{"x":[0.833,0.833,0.833],"y":[1,1,1]},"o":{"x":[0.167,0.167,0.167],"y":[0,0,0]},"t":74,"s":[100,100,100]},{"i":{"x":[0.4,0.4,0.4],"y":[1,1,1]},"o":{"x":[0.6,0.6,0.6],"y":[0,0,0]},"t":105,"s":[100,100,100]},{"i":{"x":[0.4,0.4,0.4],"y":[1,1,1]},"o":{"x":[0.6,0.6,0.6],"y":[0,0,0]},"t":107,"s":[100,10,100]},{"t":109,"s":[100,100,100]}],"ix":6,"l":2}},"ao":0,"shapes":[{"ty":"gr","it":[{"ind":0,"ty":"sh","ix":1,"ks":{"a":0,"k":{"i":[[0,12.022],[-12.011,0],[0,-12.006],[12.021,0]],"o":[[0,-12.006],[12.021,0],[0,12.022],[-12.011,0]],"v":[[-21.75,0],[0,-21.75],[21.75,0],[0,21.75]],"c":true},"ix":2},"nm":"Path 1","mn":"ADBE Vector Shape - Group","hd":false},{"ty":"fl","c":{"a":0,"k":[0.187999994615,0.176000004189,0.169000004787,1],"ix":4},"o":{"a":0,"k":100,"ix":5},"r":1,"bm":0,"nm":"Fill 1","mn":"ADBE Vector Graphic - Fill","hd":false},{"ty":"tr","p":{"a":0,"k":[153.583,22],"ix":2},"a":{"a":0,"k":[0,0],"ix":1},"s":{"a":0,"k":[100,100],"ix":3},"r":{"a":0,"k":0,"ix":6},"o":{"a":0,"k":100,"ix":7},"sk":{"a":0,"k":0,"ix":4},"sa":{"a":0,"k":0,"ix":5},"nm":"Transform"}],"nm":"Group 1","np":2,"cix":2,"bm":0,"ix":1,"mn":"ADBE Vector Group","hd":false},{"ty":"gr","it":[{"ind":0,"ty":"sh","ix":1,"ks":{"a":0,"k":{"i":[[0,12.022],[-12.011,0],[0,-12.006],[12.022,0]],"o":[[0,-12.006],[12.022,0],[0,12.022],[-12.011,0]],"v":[[-21.75,0],[0,-21.75],[21.75,0],[0,21.75]],"c":true},"ix":2},"nm":"Path 1","mn":"ADBE Vector Shape - Group","hd":false},{"ty":"fl","c":{"a":0,"k":[0.187999994615,0.176000004189,0.169000004787,1],"ix":4},"o":{"a":0,"k":100,"ix":5},"r":1,"bm":0,"nm":"Fill 1","mn":"ADBE Vector Graphic - Fill","hd":false},{"ty":"tr","p":{"a":0,"k":[22,22],"ix":2},"a":{"a":0,"k":[0,0],"ix":1},"s":{"a":0,"k":[100,100],"ix":3},"r":{"a":0,"k":0,"ix":6},"o":{"a":0,"k":100,"ix":7},"sk":{"a":0,"k":0,"ix":4},"sa":{"a":0,"k":0,"ix":5},"nm":"Transform"}],"nm":"Group 2","np":2,"cix":2,"bm":0,"ix":2,"mn":"ADBE Vector Group","hd":false}],"ip":2,"op":183,"st":2,"bm":0},{"ddd":0,"ind":4,"ty":4,"nm":"smile 2","parent":2,"sr":1,"ks":{"o":{"a":0,"k":100,"ix":11},"r":{"a":1,"k":[{"i":{"x":[0.4],"y":[1]},"o":{"x":[0.167],"y":[0]},"t":102,"s":[-9]},{"t":112,"s":[0]}],"ix":10},"p":{"a":0,"k":[60.03,66.444,0],"ix":2,"l":2},"a":{"a":0,"k":[76.936,-22.983,0],"ix":1,"l":2},"s":{"a":1,"k":[{"i":{"x":[0.4,0.4,0.4],"y":[1,1,1]},"o":{"x":[0.167,0.167,0.167],"y":[0.167,0.167,-0.222]},"t":103,"s":[76,76,100]},{"t":107,"s":[100,100,100]}],"ix":6,"l":2}},"ao":0,"shapes":[{"ty":"gr","it":[{"ind":0,"ty":"sh","ix":1,"ks":{"a":0,"k":{"i":[[1.444,-1.704],[0.764,-0.908],[1.764,-1.661],[2.485,-2.087],[1.423,-1.136],[1.658,-1.12],[4.101,-1.959],[4.725,-1.492],[1.2,-0.372],[1.231,-0.308],[2.547,-0.436],[5.268,-0.079],[0,0],[1.381,0.107],[2.58,0.361],[2.464,0.627],[1.232,0.303],[1.19,0.355],[4.089,2.002],[3.346,2.145],[1.476,1.072],[1.253,1.008],[1.635,1.657],[0.849,0.914],[0,0],[-2.124,2.129],[-1.901,-1.052],[0,0],[-3.643,-1.991],[-2.496,-1.306],[-1.423,-0.664],[-1.582,-0.665],[-3.685,-1.125],[-4.046,-0.876],[-4.28,-0.537],[-2.028,-0.101],[-1.275,0],[0,0],[-4.302,0.435],[-4.035,0.924],[-3.652,1.205],[-3.165,1.253],[-1.423,0.617],[-1.274,0.584],[-1.731,0.945],[-0.998,0.569],[0,0],[-1.328,-2.783]],"o":[[0,0],[-0.829,0.899],[-1.699,1.731],[-1.254,1.008],[-1.477,1.072],[-3.334,2.145],[-4.089,2.002],[-1.19,0.355],[-1.222,0.293],[-2.465,0.637],[-5.13,0.817],[0,0],[-1.159,-0.01],[-2.772,-0.137],[-2.56,-0.436],[-1.232,-0.307],[-1.19,-0.372],[-4.726,-1.492],[-4.099,-1.959],[-1.646,-1.12],[-1.413,-1.126],[-2.485,-2.087],[-1.689,-1.598],[-0.798,-0.956],[-1.963,-2.299],[1.657,-1.663],[0,0],[0,0],[1.774,1.009],[1.285,0.584],[1.455,0.617],[3.176,1.253],[3.654,1.205],[4.047,0.924],[2.167,0.206],[1.019,0.063],[0,0],[4.397,-0.01],[4.279,-0.537],[4.057,-0.892],[3.697,-1.125],[1.593,-0.665],[1.444,-0.664],[2.496,-1.317],[1.721,-0.898],[1.009,-0.578],[2.601,-1.443],[1.041,2.172]],"v":[[74.787,-11.771],[73.607,-10.368],[69.997,-6.477],[63.742,-0.73],[59.717,2.494],[55.021,5.785],[43.87,12.126],[30.585,17.409],[27.007,18.508],[23.321,19.417],[15.761,20.909],[0.095,22.135],[-3.739,22.034],[-7.648,21.8],[-15.559,20.909],[-23.12,19.427],[-26.816,18.508],[-30.385,17.409],[-43.671,12.126],[-54.833,5.785],[-59.516,2.494],[-63.54,-0.73],[-69.721,-6.423],[-73.428,-10.383],[-74.671,-11.839],[-74.406,-19.846],[-68.458,-20.753],[-68.214,-20.626],[-62.499,-17.484],[-55.99,-14.111],[-51.934,-12.249],[-47.409,-10.331],[-37.14,-6.629],[-25.532,-3.54],[-12.979,-1.495],[-6.596,-0.995],[-3.282,-0.859],[0.095,-0.805],[13.179,-1.495],[25.731,-3.54],[37.35,-6.629],[47.61,-10.331],[52.123,-12.249],[56.189,-14.111],[62.658,-17.43],[66.937,-19.82],[68.499,-20.691],[75.593,-18.227]],"c":true},"ix":2},"nm":"Path 1","mn":"ADBE Vector Shape - Group","hd":false},{"ty":"fl","c":{"a":0,"k":[0.187999994615,0.176000004189,0.169000004787,1],"ix":4},"o":{"a":0,"k":100,"ix":5},"r":1,"bm":0,"nm":"Fill 1","mn":"ADBE Vector Graphic - Fill","hd":false},{"ty":"tr","p":{"a":0,"k":[76.884,22.384],"ix":2},"a":{"a":0,"k":[0,0],"ix":1},"s":{"a":0,"k":[100,100],"ix":3},"r":{"a":0,"k":0,"ix":6},"o":{"a":0,"k":100,"ix":7},"sk":{"a":0,"k":0,"ix":4},"sa":{"a":0,"k":0,"ix":5},"nm":"Transform"}],"nm":"Group 1","np":2,"cix":2,"bm":0,"ix":1,"mn":"ADBE Vector Group","hd":false}],"ip":104,"op":193,"st":12,"bm":0},{"ddd":0,"ind":5,"ty":4,"nm":"smile","parent":2,"sr":1,"ks":{"o":{"a":0,"k":100,"ix":11},"r":{"a":1,"k":[{"i":{"x":[0.4],"y":[1]},"o":{"x":[0.6],"y":[0]},"t":42,"s":[0]},{"i":{"x":[0.4],"y":[1]},"o":{"x":[0.6],"y":[0]},"t":52,"s":[9]},{"i":{"x":[0.833],"y":[1]},"o":{"x":[0.6],"y":[0]},"t":67,"s":[9]},{"t":77,"s":[-9]}],"ix":10},"p":{"a":0,"k":[60.03,66.444,0],"ix":2,"l":2},"a":{"a":0,"k":[76.936,-22.983,0],"ix":1,"l":2},"s":{"a":1,"k":[{"i":{"x":[0.833,0.833,0.833],"y":[0.833,0.833,0.833]},"o":{"x":[0.167,0.167,0.167],"y":[0.167,0.167,0.167]},"t":71,"s":[100,100,100]},{"t":75,"s":[76,76,100]}],"ix":6,"l":2}},"ao":0,"shapes":[{"ty":"gr","it":[{"ind":0,"ty":"sh","ix":1,"ks":{"a":0,"k":{"i":[[1.444,-1.704],[0.764,-0.908],[1.764,-1.661],[2.485,-2.087],[1.423,-1.136],[1.658,-1.12],[4.101,-1.959],[4.725,-1.492],[1.2,-0.372],[1.231,-0.308],[2.547,-0.436],[5.268,-0.079],[0,0],[1.381,0.107],[2.58,0.361],[2.464,0.627],[1.232,0.303],[1.19,0.355],[4.089,2.002],[3.346,2.145],[1.476,1.072],[1.253,1.008],[1.635,1.657],[0.849,0.914],[0,0],[-2.124,2.129],[-1.901,-1.052],[0,0],[-3.643,-1.991],[-2.496,-1.306],[-1.423,-0.664],[-1.582,-0.665],[-3.685,-1.125],[-4.046,-0.876],[-4.28,-0.537],[-2.028,-0.101],[-1.275,0],[0,0],[-4.302,0.435],[-4.035,0.924],[-3.652,1.205],[-3.165,1.253],[-1.423,0.617],[-1.274,0.584],[-1.731,0.945],[-0.998,0.569],[0,0],[-1.328,-2.783]],"o":[[0,0],[-0.829,0.899],[-1.699,1.731],[-1.254,1.008],[-1.477,1.072],[-3.334,2.145],[-4.089,2.002],[-1.19,0.355],[-1.222,0.293],[-2.465,0.637],[-5.13,0.817],[0,0],[-1.159,-0.01],[-2.772,-0.137],[-2.56,-0.436],[-1.232,-0.307],[-1.19,-0.372],[-4.726,-1.492],[-4.099,-1.959],[-1.646,-1.12],[-1.413,-1.126],[-2.485,-2.087],[-1.689,-1.598],[-0.798,-0.956],[-1.963,-2.299],[1.657,-1.663],[0,0],[0,0],[1.774,1.009],[1.285,0.584],[1.455,0.617],[3.176,1.253],[3.654,1.205],[4.047,0.924],[2.167,0.206],[1.019,0.063],[0,0],[4.397,-0.01],[4.279,-0.537],[4.057,-0.892],[3.697,-1.125],[1.593,-0.665],[1.444,-0.664],[2.496,-1.317],[1.721,-0.898],[1.009,-0.578],[2.601,-1.443],[1.041,2.172]],"v":[[74.787,-11.771],[73.607,-10.368],[69.997,-6.477],[63.742,-0.73],[59.717,2.494],[55.021,5.785],[43.87,12.126],[30.585,17.409],[27.007,18.508],[23.321,19.417],[15.761,20.909],[0.095,22.135],[-3.739,22.034],[-7.648,21.8],[-15.559,20.909],[-23.12,19.427],[-26.816,18.508],[-30.385,17.409],[-43.671,12.126],[-54.833,5.785],[-59.516,2.494],[-63.54,-0.73],[-69.721,-6.423],[-73.428,-10.383],[-74.671,-11.839],[-74.406,-19.846],[-68.458,-20.753],[-68.214,-20.626],[-62.499,-17.484],[-55.99,-14.111],[-51.934,-12.249],[-47.409,-10.331],[-37.14,-6.629],[-25.532,-3.54],[-12.979,-1.495],[-6.596,-0.995],[-3.282,-0.859],[0.095,-0.805],[13.179,-1.495],[25.731,-3.54],[37.35,-6.629],[47.61,-10.331],[52.123,-12.249],[56.189,-14.111],[62.658,-17.43],[66.937,-19.82],[68.499,-20.691],[75.593,-18.227]],"c":true},"ix":2},"nm":"Path 1","mn":"ADBE Vector Shape - Group","hd":false},{"ty":"fl","c":{"a":0,"k":[0.187999994615,0.176000004189,0.169000004787,1],"ix":4},"o":{"a":0,"k":100,"ix":5},"r":1,"bm":0,"nm":"Fill 1","mn":"ADBE Vector Graphic - Fill","hd":false},{"ty":"tr","p":{"a":0,"k":[76.884,22.384],"ix":2},"a":{"a":0,"k":[0,0],"ix":1},"s":{"a":0,"k":[100,100],"ix":3},"r":{"a":0,"k":0,"ix":6},"o":{"a":0,"k":100,"ix":7},"sk":{"a":0,"k":0,"ix":4},"sa":{"a":0,"k":0,"ix":5},"nm":"Transform"}],"nm":"Group 1","np":2,"cix":2,"bm":0,"ix":1,"mn":"ADBE Vector Group","hd":false}],"ip":2,"op":75,"st":2,"bm":0},{"ddd":0,"ind":6,"ty":4,"nm":"glasses","parent":2,"sr":1,"ks":{"o":{"a":0,"k":100,"ix":11},"r":{"a":0,"k":0,"ix":10},"p":{"a":0,"k":[60.02,12.134,0],"ix":2,"l":2},"a":{"a":0,"k":[141.625,54.625,0],"ix":1,"l":2},"s":{"a":0,"k":[100,100,100],"ix":6,"l":2}},"ao":0,"shapes":[{"ty":"gr","it":[{"ind":0,"ty":"sh","ix":1,"ks":{"a":0,"k":{"i":[[0,0],[20.614,0],[0,21.698],[0,0],[0,0]],"o":[[0,21.698],[-20.635,0],[0,0],[0,0],[0,0]],"v":[[104.629,-2.948],[67.289,36.337],[29.928,-2.948],[29.928,-36.321],[104.629,-36.321]],"c":true},"ix":2},"nm":"Path 1","mn":"ADBE Vector Shape - Group","hd":false},{"ind":1,"ty":"sh","ix":2,"ks":{"a":0,"k":{"i":[[0,0],[20.635,0],[0,21.698],[0,0],[0,0]],"o":[[0,21.698],[-20.613,0],[0,0],[0,0],[0,0]],"v":[[-29.927,-2.948],[-67.289,36.337],[-104.629,-2.948],[-104.629,-36.321],[-29.927,-36.321]],"c":true},"ix":2},"nm":"Path 2","mn":"ADBE Vector Shape - Group","hd":false},{"ind":2,"ty":"sh","ix":3,"ks":{"a":0,"k":{"i":[[7.668,0],[0,0],[0,0],[0,0],[0,-9.154],[0,0],[0,0],[0,0],[8.698,0],[0,0],[0,0],[0,0],[0,-8.077],[-7.668,0],[0,0],[0,0],[-30.787,0],[0,32.37],[0,0],[0,0],[0,0],[-30.808,0],[0,32.37],[0,0],[0,0],[0,8.066]],"o":[[0,0],[0,0],[0,0],[-8.698,0],[0,0],[0,0],[0,0],[0,-9.154],[0,0],[0,0],[0,0],[-7.668,0],[0,8.066],[0,0],[0,0],[0,32.37],[30.81,0],[0,0],[0,0],[0,0],[0,32.37],[30.788,0],[0,0],[0,0],[7.668,0],[0,-8.077]],"v":[[127.474,-54.376],[123.045,-54.376],[115.983,-54.376],[27.283,-54.376],[11.524,-37.798],[11.524,-33.836],[-11.522,-33.836],[-11.522,-37.798],[-27.282,-54.376],[-115.971,-54.376],[-123.044,-54.376],[-127.472,-54.376],[-141.375,-39.756],[-127.472,-25.149],[-123.044,-25.149],[-123.044,-4.238],[-67.289,54.376],[-11.522,-4.238],[-11.522,-15.787],[11.524,-15.787],[11.524,-4.238],[67.289,54.376],[123.045,-4.238],[123.045,-25.149],[127.474,-25.149],[141.375,-39.756]],"c":true},"ix":2},"nm":"Path 3","mn":"ADBE Vector Shape - Group","hd":false},{"ty":"mm","mm":1,"nm":"Merge Paths 1","mn":"ADBE Vector Filter - Merge","hd":false},{"ty":"fl","c":{"a":0,"k":[0.187999994615,0.176000004189,0.169000004787,1],"ix":4},"o":{"a":0,"k":100,"ix":5},"r":1,"bm":0,"nm":"Fill 1","mn":"ADBE Vector Graphic - Fill","hd":false},{"ty":"tr","p":{"a":0,"k":[141.625,54.626],"ix":2},"a":{"a":0,"k":[0,0],"ix":1},"s":{"a":0,"k":[100,100],"ix":3},"r":{"a":0,"k":0,"ix":6},"o":{"a":0,"k":100,"ix":7},"sk":{"a":0,"k":0,"ix":4},"sa":{"a":0,"k":0,"ix":5},"nm":"Transform"}],"nm":"Group 1","np":5,"cix":2,"bm":0,"ix":1,"mn":"ADBE Vector Group","hd":false}],"ip":0,"op":181,"st":0,"bm":0},{"ddd":0,"ind":7,"ty":4,"nm":"face","sr":1,"ks":{"o":{"a":0,"k":100,"ix":11},"r":{"a":1,"k":[{"i":{"x":[0.4],"y":[1]},"o":{"x":[0.6],"y":[0]},"t":35,"s":[0]},{"i":{"x":[0.4],"y":[1]},"o":{"x":[0.6],"y":[0]},"t":40,"s":[3]},{"i":{"x":[0.4],"y":[1]},"o":{"x":[0.667],"y":[0]},"t":50,"s":[-7]},{"i":{"x":[0.533],"y":[1]},"o":{"x":[0.667],"y":[0]},"t":60,"s":[-7]},{"i":{"x":[0.833],"y":[1]},"o":{"x":[0.6],"y":[0]},"t":65,"s":[-4]},{"i":{"x":[0.833],"y":[1]},"o":{"x":[0.167],"y":[0]},"t":75,"s":[7]},{"i":{"x":[0.833],"y":[1]},"o":{"x":[0.167],"y":[0]},"t":95,"s":[7]},{"i":{"x":[0.833],"y":[1]},"o":{"x":[0.167],"y":[0]},"t":100,"s":[4]},{"t":110,"s":[0]}],"ix":10},"p":{"a":0,"k":[250,424,0],"ix":2,"l":2},"a":{"a":0,"k":[174.25,348.25,0],"ix":1,"l":2},"s":{"a":1,"k":[{"i":{"x":[0.4,0.4,0.4],"y":[1,1,1]},"o":{"x":[0.6,0.6,0.6],"y":[0,0,0]},"t":35,"s":[100,100,100]},{"i":{"x":[0.4,0.4,0.4],"y":[1,1,1]},"o":{"x":[0.6,0.6,0.6],"y":[0,0,0]},"t":40,"s":[102,98,100]},{"i":{"x":[0.833,0.833,0.833],"y":[1,1,1]},"o":{"x":[0.6,0.6,0.6],"y":[0,0,0]},"t":50,"s":[100,100,100]},{"i":{"x":[0.4,0.4,0.4],"y":[1,1,1]},"o":{"x":[0.167,0.167,0.167],"y":[0,0,0]},"t":60,"s":[100,100,100]},{"i":{"x":[0.833,0.833,0.833],"y":[1,1,1]},"o":{"x":[0.6,0.6,0.6],"y":[0,0,0]},"t":65,"s":[102,98,100]},{"i":{"x":[0.833,0.833,0.833],"y":[1,1,1]},"o":{"x":[0.167,0.167,0.167],"y":[0,0,0]},"t":75,"s":[100,100,100]},{"i":{"x":[0.4,0.4,0.4],"y":[1,1,1]},"o":{"x":[0.167,0.167,0.167],"y":[0,0,0]},"t":95,"s":[100,100,100]},{"i":{"x":[0.833,0.833,0.833],"y":[1,1,1]},"o":{"x":[0.6,0.6,0.6],"y":[0,0,0]},"t":100,"s":[102,98,100]},{"t":110,"s":[100,100,100]}],"ix":6,"l":2}},"ao":0,"shapes":[{"ty":"gr","it":[{"ind":0,"ty":"sh","ix":1,"ks":{"a":0,"k":{"i":[[95.942,0],[0,-95.942],[-95.941,0],[0,95.941]],"o":[[-95.941,0],[0,95.941],[95.942,0],[0,-95.942]],"v":[[0,-174],[-174,0],[0,174],[174,0]],"c":true},"ix":2},"nm":"Path 1","mn":"ADBE Vector Shape - Group","hd":false},{"ty":"fl","c":{"a":0,"k":[0.984000052658,0.819999964097,0.337000020345,1],"ix":4},"o":{"a":0,"k":100,"ix":5},"r":1,"bm":0,"nm":"Fill 1","mn":"ADBE Vector Graphic - Fill","hd":false},{"ty":"tr","p":{"a":0,"k":[174.25,174.25],"ix":2},"a":{"a":0,"k":[0,0],"ix":1},"s":{"a":0,"k":[100,100],"ix":3},"r":{"a":0,"k":0,"ix":6},"o":{"a":0,"k":100,"ix":7},"sk":{"a":0,"k":0,"ix":4},"sa":{"a":0,"k":0,"ix":5},"nm":"Transform"}],"nm":"Group 1","np":2,"cix":2,"bm":0,"ix":1,"mn":"ADBE Vector Group","hd":false}],"ip":0,"op":181,"st":0,"bm":0}],"markers":[]}