{"v":"5.7.4","fr":30,"ip":0,"op":60,"w":500,"h":500,"nm":"Emoji_Evil_20210305","ddd":0,"assets":[],"layers":[{"ddd":0,"ind":1,"ty":3,"nm":"NULL CONTROL","parent":7,"sr":1,"ks":{"o":{"a":0,"k":0,"ix":11},"r":{"a":0,"k":0,"ix":10},"p":{"a":1,"k":[{"i":{"x":0.833,"y":1},"o":{"x":0.6,"y":0},"t":-59,"s":[174.399,180.032,0],"to":[0,-2.833,0],"ti":[0,0,0]},{"i":{"x":0.4,"y":1},"o":{"x":0.6,"y":0},"t":-49,"s":[174.399,163.032,0],"to":[0,0,0],"ti":[0,0,0]},{"i":{"x":0.4,"y":1},"o":{"x":0.6,"y":0},"t":-41,"s":[174.399,180.032,0],"to":[0,0,0],"ti":[0,0,0]},{"i":{"x":0.4,"y":1},"o":{"x":0.6,"y":0},"t":-33,"s":[174.399,163.032,0],"to":[0,0,0],"ti":[0,0,0]},{"i":{"x":0.4,"y":1},"o":{"x":0.6,"y":0},"t":-25,"s":[174.399,180.032,0],"to":[0,0,0],"ti":[0,-2.167,0]},{"i":{"x":0.4,"y":1},"o":{"x":0.6,"y":0},"t":-17,"s":[174.399,163.032,0],"to":[0,2.167,0],"ti":[0,-2.833,0]},{"i":{"x":0.4,"y":1},"o":{"x":0.6,"y":0},"t":-9,"s":[174.399,193.032,0],"to":[0,2.833,0],"ti":[0,5,0]},{"i":{"x":0.833,"y":1},"o":{"x":0.6,"y":0},"t":1,"s":[174.399,180.032,0],"to":[0,-5,0],"ti":[0,0,0]},{"i":{"x":0.4,"y":1},"o":{"x":0.6,"y":0},"t":11,"s":[174.399,163.032,0],"to":[0,0,0],"ti":[0,0,0]},{"i":{"x":0.4,"y":1},"o":{"x":0.6,"y":0},"t":19,"s":[174.399,180.032,0],"to":[0,0,0],"ti":[0,0,0]},{"i":{"x":0.4,"y":1},"o":{"x":0.6,"y":0},"t":27,"s":[174.399,163.032,0],"to":[0,0,0],"ti":[0,0,0]},{"i":{"x":0.4,"y":1},"o":{"x":0.6,"y":0},"t":35,"s":[174.399,180.032,0],"to":[0,0,0],"ti":[0,-2.167,0]},{"i":{"x":0.4,"y":1},"o":{"x":0.6,"y":0},"t":43,"s":[174.399,163.032,0],"to":[0,2.167,0],"ti":[0,-2.833,0]},{"i":{"x":0.4,"y":1},"o":{"x":0.6,"y":0},"t":51,"s":[174.399,193.032,0],"to":[0,2.833,0],"ti":[0,2.167,0]},{"t":61,"s":[174.399,180.032,0]}],"ix":2,"l":2},"a":{"a":0,"k":[60,60,0],"ix":1,"l":2},"s":{"a":0,"k":[100,100,100],"ix":6,"l":2}},"ao":0,"ip":-59,"op":65,"st":-89,"bm":0},{"ddd":0,"ind":2,"ty":4,"nm":"eyebrow2","parent":1,"sr":1,"ks":{"o":{"a":0,"k":100,"ix":11},"r":{"a":0,"k":0,"ix":10},"p":{"a":1,"k":[{"i":{"x":0.833,"y":1},"o":{"x":0.167,"y":0},"t":-59,"s":[5.094,-17.989,0],"to":[0,-1.667,0],"ti":[0,0,0]},{"i":{"x":0.4,"y":1},"o":{"x":0.6,"y":0},"t":-49,"s":[5.094,-27.989,0],"to":[0,0,0],"ti":[0,0,0]},{"i":{"x":0.4,"y":1},"o":{"x":0.6,"y":0},"t":-41,"s":[5.094,-17.989,0],"to":[0,0,0],"ti":[0,0,0]},{"i":{"x":0.4,"y":1},"o":{"x":0.6,"y":0},"t":-33,"s":[5.094,-27.989,0],"to":[0,0,0],"ti":[0,0,0]},{"i":{"x":0.4,"y":1},"o":{"x":0.6,"y":0},"t":-25,"s":[5.094,-17.989,0],"to":[0,0,0],"ti":[0,0,0]},{"i":{"x":0.4,"y":1},"o":{"x":0.6,"y":0},"t":-17,"s":[5.094,-27.989,0],"to":[0,0,0],"ti":[0,-1.667,0]},{"i":{"x":0.4,"y":0.4},"o":{"x":0.167,"y":0.167},"t":-9,"s":[5.094,-17.989,0],"to":[0,0,0],"ti":[0,0,0]},{"i":{"x":0.833,"y":1},"o":{"x":0.167,"y":0},"t":1,"s":[5.094,-17.989,0],"to":[0,-1.667,0],"ti":[0,0,0]},{"i":{"x":0.4,"y":1},"o":{"x":0.6,"y":0},"t":11,"s":[5.094,-27.989,0],"to":[0,0,0],"ti":[0,0,0]},{"i":{"x":0.4,"y":1},"o":{"x":0.6,"y":0},"t":19,"s":[5.094,-17.989,0],"to":[0,0,0],"ti":[0,0,0]},{"i":{"x":0.4,"y":1},"o":{"x":0.6,"y":0},"t":27,"s":[5.094,-27.989,0],"to":[0,0,0],"ti":[0,0,0]},{"i":{"x":0.4,"y":1},"o":{"x":0.6,"y":0},"t":35,"s":[5.094,-17.989,0],"to":[0,0,0],"ti":[0,0,0]},{"i":{"x":0.4,"y":1},"o":{"x":0.6,"y":0},"t":43,"s":[5.094,-27.989,0],"to":[0,0,0],"ti":[0,-1.667,0]},{"t":51,"s":[5.094,-17.989,0]}],"ix":2,"l":2},"a":{"a":0,"k":[38.685,27.666,0],"ix":1,"l":2},"s":{"a":0,"k":[100,100,100],"ix":6,"l":2}},"ao":0,"shapes":[{"ty":"gr","it":[{"ind":0,"ty":"sh","ix":1,"ks":{"a":0,"k":{"i":[[-0.478,-1.698],[-0.043,-0.818],[-0.234,-1.492],[-0.531,-2.03],[-0.955,-2.363],[-1.434,-2.555],[-1.954,-2.505],[-2.538,-2.092],[-2.878,-1.577],[-3.015,-0.896],[-2.921,-0.308],[-2.612,0.234],[-1.221,0.202],[-1.083,0.307],[-2.336,1.168],[0,0],[0.734,1.613],[1.009,0.032],[0,0],[2.358,-0.042],[1.615,0.011],[1.923,0.101],[1.019,0.096],[1.063,0.228],[2.198,0.584],[2.198,0.956],[1.052,0.6],[1.009,0.625],[5.161,6.468],[1.051,1.376],[0.755,1.02],[0.404,0.553],[0.02,0.054],[1.477,-0.558]],"o":[[0,-0.037],[0.053,0.839],[0.212,1.497],[0.521,2.012],[0.914,2.395],[1.402,2.553],[2.017,2.416],[2.496,2.119],[2.857,1.603],[2.995,0.951],[2.909,0.249],[1.306,-0.069],[1.212,-0.229],[4.386,-1.131],[2.358,-1.195],[1.424,-0.838],[-0.499,-1.105],[0,0],[0,0],[-1.169,0.096],[-1.603,0.068],[-0.976,-0.021],[-1.031,-0.09],[-2.113,-0.302],[-2.199,-0.638],[-1.063,-0.473],[-1.072,-0.499],[-8.209,-5.083],[-1.285,-1.619],[-1.008,-1.397],[-0.742,-1.029],[-0.404,-0.558],[-0.479,-1.687],[-1.497,0.542]],"v":[[-37.957,-22.791],[-37.914,-21.468],[-37.532,-17.937],[-36.459,-12.605],[-34.314,-5.974],[-30.798,1.477],[-25.679,9.064],[-18.904,15.994],[-10.79,21.597],[-1.912,25.376],[7.031,27.167],[15.357,27.182],[19.147,26.694],[22.61,25.988],[32.826,22.276],[36.469,20.3],[37.701,15.846],[35.248,14.061],[35.046,14.05],[31.276,14.024],[27.07,13.982],[21.739,13.743],[18.766,13.424],[15.622,13.004],[9.112,11.603],[2.507,9.277],[-0.702,7.727],[-3.834,5.959],[-24.087,-13.344],[-27.57,-17.9],[-30.247,-21.559],[-31.967,-23.959],[-32.582,-24.788],[-36.13,-26.858]],"c":true},"ix":2},"nm":"Path 1","mn":"ADBE Vector Shape - Group","hd":false},{"ty":"fl","c":{"a":0,"k":[0.187999994615,0.176000004189,0.169000004787,1],"ix":4},"o":{"a":0,"k":100,"ix":5},"r":1,"bm":0,"nm":"Fill 1","mn":"ADBE Vector Graphic - Fill","hd":false},{"ty":"tr","p":{"a":0,"k":[38.685,27.666],"ix":2},"a":{"a":0,"k":[0,0],"ix":1},"s":{"a":0,"k":[100,100],"ix":3},"r":{"a":0,"k":0,"ix":6},"o":{"a":0,"k":100,"ix":7},"sk":{"a":0,"k":0,"ix":4},"sa":{"a":0,"k":0,"ix":5},"nm":"Transform"}],"nm":"Group 1","np":2,"cix":2,"bm":0,"ix":1,"mn":"ADBE Vector Group","hd":false}],"ip":-59,"op":69,"st":-89,"bm":0},{"ddd":0,"ind":3,"ty":4,"nm":"eyebrow1","parent":1,"sr":1,"ks":{"o":{"a":0,"k":100,"ix":11},"r":{"a":0,"k":0,"ix":10},"p":{"a":1,"k":[{"i":{"x":0.833,"y":1},"o":{"x":0.167,"y":0},"t":-59,"s":[114.906,-17.989,0],"to":[0,-1.667,0],"ti":[0,0,0]},{"i":{"x":0.4,"y":1},"o":{"x":0.6,"y":0},"t":-49,"s":[114.906,-27.989,0],"to":[0,0,0],"ti":[0,0,0]},{"i":{"x":0.4,"y":1},"o":{"x":0.6,"y":0},"t":-41,"s":[114.906,-17.989,0],"to":[0,0,0],"ti":[0,0,0]},{"i":{"x":0.4,"y":1},"o":{"x":0.6,"y":0},"t":-33,"s":[114.906,-27.989,0],"to":[0,0,0],"ti":[0,0,0]},{"i":{"x":0.4,"y":1},"o":{"x":0.6,"y":0},"t":-25,"s":[114.906,-17.989,0],"to":[0,0,0],"ti":[0,0,0]},{"i":{"x":0.4,"y":1},"o":{"x":0.6,"y":0},"t":-17,"s":[114.906,-27.989,0],"to":[0,0,0],"ti":[0,-1.667,0]},{"i":{"x":0.4,"y":0.4},"o":{"x":0.167,"y":0.167},"t":-9,"s":[114.906,-17.989,0],"to":[0,0,0],"ti":[0,0,0]},{"i":{"x":0.833,"y":1},"o":{"x":0.167,"y":0},"t":1,"s":[114.906,-17.989,0],"to":[0,-1.667,0],"ti":[0,0,0]},{"i":{"x":0.4,"y":1},"o":{"x":0.6,"y":0},"t":11,"s":[114.906,-27.989,0],"to":[0,0,0],"ti":[0,0,0]},{"i":{"x":0.4,"y":1},"o":{"x":0.6,"y":0},"t":19,"s":[114.906,-17.989,0],"to":[0,0,0],"ti":[0,0,0]},{"i":{"x":0.4,"y":1},"o":{"x":0.6,"y":0},"t":27,"s":[114.906,-27.989,0],"to":[0,0,0],"ti":[0,0,0]},{"i":{"x":0.4,"y":1},"o":{"x":0.6,"y":0},"t":35,"s":[114.906,-17.989,0],"to":[0,0,0],"ti":[0,0,0]},{"i":{"x":0.4,"y":1},"o":{"x":0.6,"y":0},"t":43,"s":[114.906,-27.989,0],"to":[0,0,0],"ti":[0,-1.667,0]},{"t":51,"s":[114.906,-17.989,0]}],"ix":2,"l":2},"a":{"a":0,"k":[38.685,27.666,0],"ix":1,"l":2},"s":{"a":0,"k":[100,100,100],"ix":6,"l":2}},"ao":0,"shapes":[{"ty":"gr","it":[{"ind":0,"ty":"sh","ix":1,"ks":{"a":0,"k":{"i":[[0.478,-1.698],[0.043,-0.818],[0.234,-1.492],[0.499,-2.03],[0.956,-2.363],[1.433,-2.555],[1.945,-2.505],[2.539,-2.092],[2.879,-1.577],[3.027,-0.896],[2.931,-0.308],[2.613,0.234],[1.22,0.202],[1.093,0.307],[2.357,1.168],[0,0],[-0.732,1.613],[-1.009,0.032],[0,0],[-2.359,-0.042],[-1.603,0.011],[-1.922,0.101],[-0.999,0.096],[-1.062,0.228],[-2.22,0.584],[-2.166,0.956],[-1.052,0.6],[-1.02,0.625],[-5.152,6.468],[-1.051,1.376],[-0.732,1.02],[-0.372,0.553],[0,0.054],[-1.497,-0.558]],"o":[[0,-0.037],[-0.053,0.839],[-0.202,1.497],[-0.531,2.012],[-0.924,2.395],[-1.402,2.553],[-2.028,2.416],[-2.495,2.119],[-2.856,1.603],[-2.994,0.951],[-2.899,0.249],[-1.307,-0.069],[-1.191,-0.229],[-4.376,-1.131],[-2.359,-1.195],[-1.424,-0.838],[0.5,-1.105],[0,0],[0,0],[1.168,0.096],[1.615,0.068],[0.987,-0.021],[1.03,-0.09],[2.124,-0.302],[2.178,-0.638],[1.062,-0.473],[1.094,-0.499],[8.199,-5.083],[1.273,-1.619],[1.052,-1.397],[0.754,-1.029],[0.403,-0.558],[0.479,-1.687],[1.476,0.542]],"v":[[37.957,-22.791],[37.913,-21.468],[37.542,-17.937],[36.491,-12.605],[34.323,-5.974],[30.798,1.477],[25.689,9.064],[18.902,15.994],[10.789,21.597],[1.91,25.376],[-7.03,27.167],[-15.357,27.182],[-19.147,26.694],[-22.621,25.988],[-32.827,22.276],[-36.458,20.3],[-37.702,15.846],[-35.249,14.061],[-35.035,14.05],[-31.276,14.024],[-27.06,13.982],[-21.74,13.743],[-18.766,13.424],[-15.622,13.004],[-9.091,11.603],[-2.507,9.277],[0.701,7.727],[3.845,5.959],[24.098,-13.344],[27.569,-17.9],[30.245,-21.559],[31.966,-23.959],[32.582,-24.788],[36.15,-26.858]],"c":true},"ix":2},"nm":"Path 1","mn":"ADBE Vector Shape - Group","hd":false},{"ty":"fl","c":{"a":0,"k":[0.187999994615,0.176000004189,0.169000004787,1],"ix":4},"o":{"a":0,"k":100,"ix":5},"r":1,"bm":0,"nm":"Fill 1","mn":"ADBE Vector Graphic - Fill","hd":false},{"ty":"tr","p":{"a":0,"k":[38.684,27.666],"ix":2},"a":{"a":0,"k":[0,0],"ix":1},"s":{"a":0,"k":[100,100],"ix":3},"r":{"a":0,"k":0,"ix":6},"o":{"a":0,"k":100,"ix":7},"sk":{"a":0,"k":0,"ix":4},"sa":{"a":0,"k":0,"ix":5},"nm":"Transform"}],"nm":"Group 1","np":2,"cix":2,"bm":0,"ix":1,"mn":"ADBE Vector Group","hd":false}],"ip":-59,"op":63,"st":-89,"bm":0},{"ddd":0,"ind":4,"ty":4,"nm":"eyes","parent":1,"sr":1,"ks":{"o":{"a":0,"k":100,"ix":11},"r":{"a":0,"k":0,"ix":10},"p":{"a":0,"k":[60,25.405,0],"ix":2,"l":2},"a":{"a":0,"k":[80.368,32.875,0],"ix":1,"l":2},"s":{"a":0,"k":[100,100,100],"ix":6,"l":2}},"ao":0,"shapes":[{"ty":"gr","it":[{"ind":0,"ty":"sh","ix":1,"ks":{"a":0,"k":{"i":[[0,-18.017],[12.012,0],[0,18.017],[-12.021,0]],"o":[[0,18.017],[-12.021,0],[0,-18.017],[12.012,0]],"v":[[21.75,-0.011],[0,32.625],[-21.75,-0.011],[0,-32.625]],"c":true},"ix":2},"nm":"Path 1","mn":"ADBE Vector Shape - Group","hd":false},{"ty":"fl","c":{"a":0,"k":[0.187999994615,0.176000004189,0.169000004787,1],"ix":4},"o":{"a":0,"k":100,"ix":5},"r":1,"bm":0,"nm":"Fill 1","mn":"ADBE Vector Graphic - Fill","hd":false},{"ty":"tr","p":{"a":0,"k":[138.736,32.875],"ix":2},"a":{"a":0,"k":[0,0],"ix":1},"s":{"a":0,"k":[100,100],"ix":3},"r":{"a":0,"k":0,"ix":6},"o":{"a":0,"k":100,"ix":7},"sk":{"a":0,"k":0,"ix":4},"sa":{"a":0,"k":0,"ix":5},"nm":"Transform"}],"nm":"Group 1","np":2,"cix":2,"bm":0,"ix":1,"mn":"ADBE Vector Group","hd":false},{"ty":"gr","it":[{"ind":0,"ty":"sh","ix":1,"ks":{"a":0,"k":{"i":[[0,-18.017],[12.022,0],[0,18.017],[-12.011,0]],"o":[[0,18.017],[-12.011,0],[0,-18.017],[12.022,0]],"v":[[21.75,-0.011],[0,32.625],[-21.75,-0.011],[0,-32.625]],"c":true},"ix":2},"nm":"Path 1","mn":"ADBE Vector Shape - Group","hd":false},{"ty":"fl","c":{"a":0,"k":[0.187999994615,0.176000004189,0.169000004787,1],"ix":4},"o":{"a":0,"k":100,"ix":5},"r":1,"bm":0,"nm":"Fill 1","mn":"ADBE Vector Graphic - Fill","hd":false},{"ty":"tr","p":{"a":0,"k":[22,32.875],"ix":2},"a":{"a":0,"k":[0,0],"ix":1},"s":{"a":0,"k":[100,100],"ix":3},"r":{"a":0,"k":0,"ix":6},"o":{"a":0,"k":100,"ix":7},"sk":{"a":0,"k":0,"ix":4},"sa":{"a":0,"k":0,"ix":5},"nm":"Transform"}],"nm":"Group 2","np":2,"cix":2,"bm":0,"ix":2,"mn":"ADBE Vector Group","hd":false}],"ip":0,"op":62,"st":-30,"bm":0},{"ddd":0,"ind":5,"ty":4,"nm":"teeth","parent":6,"sr":1,"ks":{"o":{"a":0,"k":100,"ix":11},"r":{"a":0,"k":0,"ix":10},"p":{"a":0,"k":[98.125,27.438,0],"ix":2,"l":2},"a":{"a":0,"k":[76.375,16.562,0],"ix":1,"l":2},"s":{"a":0,"k":[100,100,100],"ix":6,"l":2}},"ao":0,"shapes":[{"ty":"gr","it":[{"ind":0,"ty":"sh","ix":1,"ks":{"a":0,"k":{"i":[[0,0],[0,-0.08],[-18.055,0],[0,0],[0,17.889],[0.011,0.079]],"o":[[-0.01,0.079],[0,17.889],[0,0],[18.054,0],[0,-0.08],[0,0]],"v":[[-76.093,-16.312],[-76.124,-16.073],[-43.447,16.312],[43.447,16.312],[76.124,-16.073],[76.093,-16.312]],"c":true},"ix":2},"nm":"Path 1","mn":"ADBE Vector Shape - Group","hd":false},{"ty":"fl","c":{"a":0,"k":[0.964999988032,0.964999988032,0.964999988032,1],"ix":4},"o":{"a":0,"k":100,"ix":5},"r":1,"bm":0,"nm":"Fill 1","mn":"ADBE Vector Graphic - Fill","hd":false},{"ty":"tr","p":{"a":0,"k":[76.374,16.562],"ix":2},"a":{"a":0,"k":[0,0],"ix":1},"s":{"a":0,"k":[100,100],"ix":3},"r":{"a":0,"k":0,"ix":6},"o":{"a":0,"k":100,"ix":7},"sk":{"a":0,"k":0,"ix":4},"sa":{"a":0,"k":0,"ix":5},"nm":"Transform"}],"nm":"Group 1","np":2,"cix":2,"bm":0,"ix":1,"mn":"ADBE Vector Group","hd":false}],"ip":0,"op":62,"st":-30,"bm":0},{"ddd":0,"ind":6,"ty":4,"nm":"smile","parent":1,"sr":1,"ks":{"o":{"a":0,"k":100,"ix":11},"r":{"a":0,"k":0,"ix":10},"p":{"a":0,"k":[60,94.489,0],"ix":2,"l":2},"a":{"a":0,"k":[98.125,0.25,0],"ix":1,"l":2},"s":{"a":1,"k":[{"i":{"x":[0.833,0.833,0.833],"y":[1,1,1]},"o":{"x":[0.6,0.6,0.6],"y":[0,0,0]},"t":1,"s":[100,100,100]},{"i":{"x":[0.4,0.4,0.4],"y":[1,1,1]},"o":{"x":[0.6,0.6,0.6],"y":[0,0,0]},"t":11,"s":[90,90,100]},{"i":{"x":[0.4,0.4,0.4],"y":[1,1,1]},"o":{"x":[0.6,0.6,0.6],"y":[0,0,0]},"t":19,"s":[100,100,100]},{"i":{"x":[0.4,0.4,0.4],"y":[1,1,1]},"o":{"x":[0.6,0.6,0.6],"y":[0,0,0]},"t":27,"s":[90,90,100]},{"i":{"x":[0.4,0.4,0.4],"y":[1,1,1]},"o":{"x":[0.6,0.6,0.6],"y":[0,0,0]},"t":35,"s":[100,100,100]},{"i":{"x":[0.4,0.4,0.4],"y":[1,1,1]},"o":{"x":[0.6,0.6,0.6],"y":[0,0,0]},"t":43,"s":[90,90,100]},{"i":{"x":[0.833,0.833,0.833],"y":[1,1,1]},"o":{"x":[0.6,0.6,0.6],"y":[0,0,0]},"t":51,"s":[105,105,100]},{"t":61,"s":[100,100,100]}],"ix":6,"l":2}},"ao":0,"shapes":[{"ty":"gr","it":[{"ind":0,"ty":"sh","ix":1,"ks":{"a":0,"k":{"i":[[0,0],[-28.26,-14.88],[-16.96,0],[-13.956,7.333],[-6.69,6.483],[-2.092,22.971]],"o":[[2.995,32.641],[13.923,7.333],[16.97,0],[8.39,-4.413],[15.856,-15.389],[0,0]],"v":[[-97.875,-43.5],[-46.941,31.993],[-0.085,43.5],[46.792,31.993],[69.508,15.521],[97.875,-43.5]],"c":true},"ix":2},"nm":"Path 1","mn":"ADBE Vector Shape - Group","hd":false},{"ty":"fl","c":{"a":0,"k":[0.187999994615,0.176000004189,0.169000004787,1],"ix":4},"o":{"a":0,"k":100,"ix":5},"r":1,"bm":0,"nm":"Fill 1","mn":"ADBE Vector Graphic - Fill","hd":false},{"ty":"tr","p":{"a":0,"k":[98.125,43.75],"ix":2},"a":{"a":0,"k":[0,0],"ix":1},"s":{"a":0,"k":[100,100],"ix":3},"r":{"a":0,"k":0,"ix":6},"o":{"a":0,"k":100,"ix":7},"sk":{"a":0,"k":0,"ix":4},"sa":{"a":0,"k":0,"ix":5},"nm":"Transform"}],"nm":"Group 1","np":2,"cix":2,"bm":0,"ix":1,"mn":"ADBE Vector Group","hd":false}],"ip":-1,"op":63,"st":-29,"bm":0},{"ddd":0,"ind":7,"ty":4,"nm":"face","sr":1,"ks":{"o":{"a":0,"k":100,"ix":11},"r":{"a":0,"k":0,"ix":10},"p":{"a":1,"k":[{"i":{"x":0.833,"y":1},"o":{"x":0.6,"y":0},"t":0,"s":[250,410,0],"to":[0,-1,0],"ti":[0,-2.333,0]},{"i":{"x":0.4,"y":1},"o":{"x":0.6,"y":0},"t":10,"s":[250,404,0],"to":[0,2.333,0],"ti":[0,-1,0]},{"i":{"x":0.4,"y":1},"o":{"x":0.6,"y":0},"t":18,"s":[250,424,0],"to":[0,1,0],"ti":[0,0,0]},{"i":{"x":0.4,"y":1},"o":{"x":0.6,"y":0},"t":26,"s":[250,410,0],"to":[0,0,0],"ti":[0,0,0]},{"i":{"x":0.4,"y":1},"o":{"x":0.6,"y":0},"t":34,"s":[250,424,0],"to":[0,0,0],"ti":[0,0,0]},{"i":{"x":0.4,"y":1},"o":{"x":0.6,"y":0},"t":42,"s":[250,410,0],"to":[0,0,0],"ti":[0,0,0]},{"i":{"x":0.833,"y":1},"o":{"x":0.167,"y":0},"t":50,"s":[250,424,0],"to":[0,0,0],"ti":[0,2.333,0]},{"t":60,"s":[250,410,0]}],"ix":2,"l":2},"a":{"a":0,"k":[174.25,348.25,0],"ix":1,"l":2},"s":{"a":1,"k":[{"i":{"x":[0.833,0.833,0.833],"y":[1,1,1]},"o":{"x":[0.6,0.6,0.6],"y":[0,0,0]},"t":0,"s":[100,100,100]},{"i":{"x":[0.4,0.4,0.4],"y":[1,1,1]},"o":{"x":[0.6,0.6,0.6],"y":[0,0,0]},"t":10,"s":[98,102,100]},{"i":{"x":[0.4,0.4,0.4],"y":[1,1,1]},"o":{"x":[0.6,0.6,0.6],"y":[0,0,0]},"t":18,"s":[102,98,100]},{"i":{"x":[0.4,0.4,0.4],"y":[1,1,1]},"o":{"x":[0.6,0.6,0.6],"y":[0,0,0]},"t":26,"s":[98,102,100]},{"i":{"x":[0.4,0.4,0.4],"y":[1,1,1]},"o":{"x":[0.6,0.6,0.6],"y":[0,0,0]},"t":34,"s":[102,98,100]},{"i":{"x":[0.4,0.4,0.4],"y":[1,1,1]},"o":{"x":[0.6,0.6,0.6],"y":[0,0,0]},"t":42,"s":[98,102,100]},{"i":{"x":[0.4,0.4,0.4],"y":[1,1,1]},"o":{"x":[0.6,0.6,0.6],"y":[0,0,0]},"t":50,"s":[102,98,100]},{"t":60,"s":[100,100,100]}],"ix":6,"l":2}},"ao":0,"shapes":[{"ty":"gr","it":[{"ind":0,"ty":"sh","ix":1,"ks":{"a":0,"k":{"i":[[95.953,0],[0,-95.942],[-95.941,0],[0,95.941]],"o":[[-95.941,0],[0,95.941],[95.953,0],[0,-95.942]],"v":[[0,-174],[-174,0],[0,174],[174,0]],"c":true},"ix":2},"nm":"Path 1","mn":"ADBE Vector Shape - Group","hd":false},{"ty":"fl","c":{"a":0,"k":[0.922000002394,0.380000005984,0.313999998803,1],"ix":4},"o":{"a":0,"k":100,"ix":5},"r":1,"bm":0,"nm":"Fill 1","mn":"ADBE Vector Graphic - Fill","hd":false},{"ty":"tr","p":{"a":0,"k":[174.25,174.25],"ix":2},"a":{"a":0,"k":[0,0],"ix":1},"s":{"a":0,"k":[100,100],"ix":3},"r":{"a":0,"k":0,"ix":6},"o":{"a":0,"k":100,"ix":7},"sk":{"a":0,"k":0,"ix":4},"sa":{"a":0,"k":0,"ix":5},"nm":"Transform"}],"nm":"Group 1","np":2,"cix":2,"bm":0,"ix":1,"mn":"ADBE Vector Group","hd":false}],"ip":0,"op":62,"st":-30,"bm":0},{"ddd":0,"ind":8,"ty":4,"nm":"cachos","parent":7,"sr":1,"ks":{"o":{"a":0,"k":100,"ix":11},"r":{"a":0,"k":0,"ix":10},"p":{"a":1,"k":[{"i":{"x":0.833,"y":1},"o":{"x":0.6,"y":0},"t":0,"s":[174.25,49.598,0],"to":[0,3.5,0],"ti":[0,2.878,0]},{"i":{"x":0.4,"y":1},"o":{"x":0.6,"y":0},"t":10,"s":[174.25,70.598,0],"to":[0,-2.878,0],"ti":[0,0,0]},{"i":{"x":0.4,"y":1},"o":{"x":0.6,"y":0},"t":18,"s":[174.25,32.333,0],"to":[0,0,0],"ti":[0,0,0]},{"i":{"x":0.4,"y":1},"o":{"x":0.6,"y":0},"t":26,"s":[174.25,70.598,0],"to":[0,0,0],"ti":[0,0,0]},{"i":{"x":0.4,"y":1},"o":{"x":0.6,"y":0},"t":34,"s":[174.25,32.333,0],"to":[0,0,0],"ti":[0,0,0]},{"i":{"x":0.4,"y":1},"o":{"x":0.6,"y":0},"t":42,"s":[174.25,70.598,0],"to":[0,0,0],"ti":[0,3.5,0]},{"i":{"x":0.4,"y":1},"o":{"x":0.6,"y":0},"t":50,"s":[174.25,32.333,0],"to":[0,-3.5,0],"ti":[0,-2.878,0]},{"t":60,"s":[174.25,49.598,0]}],"ix":2,"l":2},"a":{"a":0,"k":[174.25,54.651,0],"ix":1,"l":2},"s":{"a":0,"k":[100,100,100],"ix":6,"l":2}},"ao":0,"shapes":[{"ty":"gr","it":[{"ind":0,"ty":"sh","ix":1,"ks":{"a":0,"k":{"i":[[7.657,31.053],[0.351,-0.064],[0.16,-18.075],[-0.031,-0.806],[-14.263,-15.155],[-2.878,-2.676],[-9.75,12.458],[0.711,0.638]],"o":[[-0.394,-0.042],[-9.59,13.838],[0.022,0.797],[0.446,22.336],[6.616,-5.417],[7.529,-14.04],[-0.743,-0.637],[-31,-7.837]],"v":[[-24.186,-54.115],[-25.355,-54.338],[-40.766,-5.709],[-40.66,-3.266],[-17.092,54.402],[14.661,50.705],[40.766,11.007],[38.695,9.075]],"c":true},"ix":2},"nm":"Path 1","mn":"ADBE Vector Shape - Group","hd":false},{"ty":"fl","c":{"a":0,"k":[0.187999994615,0.176000004189,0.169000004787,1],"ix":4},"o":{"a":0,"k":100,"ix":5},"r":1,"bm":0,"nm":"Fill 1","mn":"ADBE Vector Graphic - Fill","hd":false},{"ty":"tr","p":{"a":0,"k":[41.015,54.652],"ix":2},"a":{"a":0,"k":[0,0],"ix":1},"s":{"a":0,"k":[100,100],"ix":3},"r":{"a":0,"k":0,"ix":6},"o":{"a":0,"k":100,"ix":7},"sk":{"a":0,"k":0,"ix":4},"sa":{"a":0,"k":0,"ix":5},"nm":"Transform"}],"nm":"Group 1","np":2,"cix":2,"bm":0,"ix":1,"mn":"ADBE Vector Group","hd":false},{"ty":"gr","it":[{"ind":0,"ty":"sh","ix":1,"ks":{"a":0,"k":{"i":[[-7.657,31.053],[-0.351,-0.064],[-0.159,-18.075],[0.031,-0.806],[14.263,-15.155],[2.878,-2.676],[9.75,12.458],[-0.711,0.638]],"o":[[0.394,-0.042],[9.591,13.838],[-0.021,0.797],[-0.447,22.336],[-6.616,-5.417],[-7.529,-14.04],[0.743,-0.637],[31.001,-7.837]],"v":[[24.187,-54.115],[25.355,-54.338],[40.765,-5.709],[40.66,-3.266],[17.093,54.402],[-14.661,50.705],[-40.765,11.007],[-38.695,9.075]],"c":true},"ix":2},"nm":"Path 1","mn":"ADBE Vector Shape - Group","hd":false},{"ty":"fl","c":{"a":0,"k":[0.187999994615,0.176000004189,0.169000004787,1],"ix":4},"o":{"a":0,"k":100,"ix":5},"r":1,"bm":0,"nm":"Fill 1","mn":"ADBE Vector Graphic - Fill","hd":false},{"ty":"tr","p":{"a":0,"k":[307.485,54.652],"ix":2},"a":{"a":0,"k":[0,0],"ix":1},"s":{"a":0,"k":[100,100],"ix":3},"r":{"a":0,"k":0,"ix":6},"o":{"a":0,"k":100,"ix":7},"sk":{"a":0,"k":0,"ix":4},"sa":{"a":0,"k":0,"ix":5},"nm":"Transform"}],"nm":"Group 2","np":2,"cix":2,"bm":0,"ix":2,"mn":"ADBE Vector Group","hd":false}],"ip":0,"op":62,"st":-30,"bm":0}],"markers":[]}