{"v":"5.7.4","fr":60,"ip":60,"op":121,"w":500,"h":500,"nm":"Peace_","ddd":0,"assets":[],"layers":[{"ddd":0,"ind":1,"ty":4,"nm":"eye","parent":6,"sr":1,"ks":{"o":{"a":0,"k":100,"ix":11},"r":{"a":0,"k":0,"ix":10},"p":{"a":0,"k":[368.612,185.785,0],"ix":2,"l":2},"a":{"a":0,"k":[0,0,0],"ix":1,"l":2},"s":{"a":0,"k":[100,100,100],"ix":6,"l":2}},"ao":0,"shapes":[{"ty":"gr","it":[{"ind":0,"ty":"sh","ix":1,"ks":{"a":0,"k":{"i":[[0,2.063],[-2.063,0],[0,-2.063],[2.063,0]],"o":[[0,-2.063],[2.063,0],[0,2.063],[-2.063,0]],"v":[[-3.736,0],[0,-3.736],[3.736,0],[0,3.736]],"c":true},"ix":2},"nm":"Path 1","mn":"ADBE Vector Shape - Group","hd":false},{"ty":"fl","c":{"a":0,"k":[0,0.592156887054,0.780392169952,1],"ix":4},"o":{"a":0,"k":100,"ix":5},"r":1,"bm":0,"nm":"Fill 1","mn":"ADBE Vector Graphic - Fill","hd":false},{"ty":"tr","p":{"a":0,"k":[0,0],"ix":2},"a":{"a":0,"k":[0,0],"ix":1},"s":{"a":0,"k":[100,100],"ix":3},"r":{"a":0,"k":0,"ix":6},"o":{"a":0,"k":100,"ix":7},"sk":{"a":0,"k":0,"ix":4},"sa":{"a":0,"k":0,"ix":5},"nm":"Transform"}],"nm":"Group 1","np":2,"cix":2,"bm":0,"ix":1,"mn":"ADBE Vector Group","hd":false}],"ip":0,"op":362,"st":0,"bm":0},{"ddd":0,"ind":2,"ty":4,"nm":"wing_4","parent":6,"td":1,"sr":1,"ks":{"o":{"a":0,"k":100,"ix":11},"r":{"a":1,"k":[{"i":{"x":[0.41],"y":[1]},"o":{"x":[0.59],"y":[0]},"t":60,"s":[0]},{"i":{"x":[0.41],"y":[1]},"o":{"x":[0.59],"y":[0]},"t":90,"s":[-108]},{"t":120,"s":[0]}],"ix":10},"p":{"a":1,"k":[{"i":{"x":0.41,"y":0.41},"o":{"x":0.59,"y":0.59},"t":60,"s":[313.754,258.628,0],"to":[0,0,0],"ti":[0,0,0]},{"i":{"x":0.41,"y":0.41},"o":{"x":0.59,"y":0.59},"t":90,"s":[313.754,258.628,0],"to":[0,0,0],"ti":[0,0,0]},{"t":120,"s":[313.754,258.628,0]}],"ix":2,"l":2},"a":{"a":0,"k":[115,53.5,0],"ix":1,"l":2},"s":{"a":1,"k":[{"i":{"x":[0.833,0.833,0.833],"y":[0.833,0.975,0.901]},"o":{"x":[0.59,0.59,0.59],"y":[0,0,0]},"t":60,"s":[100,100,100]},{"i":{"x":[0.41,0.41,0.41],"y":[1,1,1]},"o":{"x":[0.167,0.167,0.167],"y":[0.167,-0.035,0.099]},"t":75,"s":[92.5,49.5,100]},{"i":{"x":[0.833,0.833,0.833],"y":[0.833,1.035,1.099]},"o":{"x":[0.59,0.59,0.59],"y":[0,0,0]},"t":90,"s":[85,85,100]},{"i":{"x":[0.41,0.41,0.41],"y":[1,1,1]},"o":{"x":[0.167,0.167,0.167],"y":[0.167,0.025,-0.099]},"t":105,"s":[92.5,49.5,100]},{"t":120,"s":[100,100,100]}],"ix":6,"l":2}},"ao":0,"shapes":[{"ty":"gr","it":[{"ind":0,"ty":"sh","ix":1,"ks":{"a":1,"k":[{"i":{"x":0.833,"y":0.833},"o":{"x":0.59,"y":0},"t":60,"s":[{"i":[[-8.661,-59.08],[50.771,26.29],[-10.31,13.076],[-74.072,-5.52]],"o":[[-34.676,41.613],[-126.079,-65.286],[12.253,13.294],[74.072,5.52]],"v":[[114.896,52.776],[-31.697,90.765],[-95.021,-99.516],[-4.004,-57.854]],"c":true}]},{"i":{"x":0.41,"y":1},"o":{"x":0.167,"y":0.167},"t":75,"s":[{"i":[[-8.661,-59.08],[50.771,26.29],[-10.31,13.076],[-38.864,-13.303]],"o":[[-34.676,41.613],[-126.079,-65.286],[24.179,11.401],[70.275,24.056]],"v":[[114.896,52.776],[-31.697,90.765],[-95.021,-99.516],[-4.004,-57.854]],"c":true}]},{"i":{"x":0.833,"y":0.833},"o":{"x":0.59,"y":0},"t":90,"s":[{"i":[[-8.661,-59.08],[49.203,23.124],[-20.644,23.944],[-64.178,-11.567]],"o":[[-34.676,41.613],[-114.365,-53.749],[12.253,13.294],[73.1,13.175]],"v":[[114.896,52.776],[-31.697,90.765],[-95.021,-99.516],[8.723,-47.534]],"c":true}]},{"i":{"x":0.41,"y":1},"o":{"x":0.167,"y":0.167},"t":105,"s":[{"i":[[-2.516,-42.55],[31.244,29.679],[22.775,64.498],[-51.022,-50.551]],"o":[[-34.676,41.613],[-29.129,-27.669],[22.994,-15.707],[45.047,48.752]],"v":[[114.896,52.776],[21.046,66.602],[-95.021,-99.516],[77.525,-108.548]],"c":true}]},{"t":120,"s":[{"i":[[-8.661,-59.08],[50.771,26.29],[-10.31,13.076],[-74.072,-5.52]],"o":[[-34.676,41.613],[-126.079,-65.286],[12.253,13.294],[74.072,5.52]],"v":[[114.896,52.776],[-31.697,90.765],[-95.021,-99.516],[-4.004,-57.854]],"c":true}]}],"ix":2},"nm":"Path 1","mn":"ADBE Vector Shape - Group","hd":false},{"ty":"fl","c":{"a":0,"k":[0.811764717102,0.917647063732,0.952941179276,1],"ix":4},"o":{"a":0,"k":100,"ix":5},"r":1,"bm":0,"nm":"Fill 1","mn":"ADBE Vector Graphic - Fill","hd":false},{"ty":"tr","p":{"a":0,"k":[0,0],"ix":2},"a":{"a":0,"k":[0,0],"ix":1},"s":{"a":0,"k":[100,100],"ix":3},"r":{"a":0,"k":0,"ix":6},"o":{"a":0,"k":100,"ix":7},"sk":{"a":0,"k":0,"ix":4},"sa":{"a":0,"k":0,"ix":5},"nm":"Transform"}],"nm":"Group 1","np":2,"cix":2,"bm":0,"ix":1,"mn":"ADBE Vector Group","hd":false}],"ip":0,"op":362,"st":0,"bm":0},{"ddd":0,"ind":3,"ty":4,"nm":"wing texture","parent":4,"tt":1,"sr":1,"ks":{"o":{"a":0,"k":100,"ix":11},"r":{"a":0,"k":0,"ix":10},"p":{"a":0,"k":[-63.087,-33.608,0],"ix":2,"l":2},"a":{"a":0,"k":[0,0,0],"ix":1,"l":2},"s":{"a":0,"k":[100,100,100],"ix":6,"l":2}},"ao":0,"shapes":[{"ty":"gr","it":[{"ind":0,"ty":"sh","ix":1,"ks":{"a":0,"k":{"i":[[9.508,2.756],[8.044,5.07],[3.904,4.452],[1.499,0.856],[0.143,-6.388],[-11.58,-2.134],[-5.124,-0.267],[-2.825,0.241],[-4.781,0.661]],"o":[[-9.29,-2.51],[-5.005,-3.198],[-0.654,-1.75],[-0.198,6.378],[10.236,6.129],[5.067,0.857],[2.871,-0.001],[4.887,-0.177],[-9.876,-0.422]],"v":[[7.642,10.416],[-18.84,-1.174],[-32.774,-12.53],[-36.161,-16.464],[-37.157,2.663],[-3.668,14.773],[11.783,16.418],[22.031,16.327],[37.157,14.786]],"c":true},"ix":2},"nm":"Path 1","mn":"ADBE Vector Shape - Group","hd":false},{"ind":1,"ty":"sh","ix":2,"ks":{"a":0,"k":{"i":[[0,0],[-3.924,-1.8],[-10.362,-1.118],[-4.76,-0.073],[10.931,-0.05],[10.541,5.891],[-8.201,-5.916]],"o":[[3.014,2.979],[9.501,4],[4.672,0.483],[-10.612,2.389],[-11.729,-0.017],[-7.809,-6.401],[0,0]],"v":[[-21.485,36.01],[-9.869,42.9],[20.461,50.069],[36.565,50.896],[4.013,55.119],[-30.807,48.122],[-21.485,36.01]],"c":true},"ix":2},"nm":"Path 2","mn":"ADBE Vector Shape - Group","hd":false},{"ind":2,"ty":"sh","ix":3,"ks":{"a":0,"k":{"i":[[0,0],[-18.314,9.337],[0,0],[0,0],[0,0],[0,0],[2.232,-1.23],[18.168,1.175],[-11.044,-3.164]],"o":[[19.459,5.481],[0,0],[0,0],[0,0],[0,0],[-1.979,1.527],[-16.016,8.655],[-11.329,-1.713],[0,0]],"v":[[16.996,89.949],[76.936,85.885],[80.721,83.86],[77.464,86.681],[75.814,88.102],[74.042,89.356],[66.644,94.069],[13.725,104.914],[16.996,89.949]],"c":true},"ix":2},"nm":"Path 3","mn":"ADBE Vector Shape - Group","hd":false},{"ty":"fl","c":{"a":0,"k":[0.600000023842,0.854901969433,0.964705884457,1],"ix":4},"o":{"a":0,"k":100,"ix":5},"r":1,"bm":0,"nm":"Fill 1","mn":"ADBE Vector Graphic - Fill","hd":false},{"ty":"tr","p":{"a":0,"k":[0,0],"ix":2},"a":{"a":0,"k":[0,0],"ix":1},"s":{"a":0,"k":[100,100],"ix":3},"r":{"a":0,"k":0,"ix":6},"o":{"a":0,"k":100,"ix":7},"sk":{"a":0,"k":0,"ix":4},"sa":{"a":0,"k":0,"ix":5},"nm":"Transform"}],"nm":"Group 1","np":4,"cix":2,"bm":0,"ix":1,"mn":"ADBE Vector Group","hd":false}],"ip":0,"op":362,"st":0,"bm":0},{"ddd":0,"ind":4,"ty":4,"nm":"wing_3","parent":5,"sr":1,"ks":{"o":{"a":1,"k":[{"i":{"x":[0.833],"y":[0.833]},"o":{"x":[0.167],"y":[0.167]},"t":75,"s":[100]},{"i":{"x":[0.833],"y":[0.833]},"o":{"x":[0.167],"y":[0.167]},"t":90,"s":[0]},{"i":{"x":[0.833],"y":[0.833]},"o":{"x":[0.167],"y":[0.167]},"t":105,"s":[0]},{"t":113,"s":[100]}],"ix":11},"r":{"a":0,"k":0,"ix":10},"p":{"a":0,"k":[105.022,63.163,0],"ix":2,"l":2},"a":{"a":0,"k":[114.5,60,0],"ix":1,"l":2},"s":{"a":0,"k":[100,100,100],"ix":6,"l":2}},"ao":0,"shapes":[{"ty":"gr","it":[{"ind":0,"ty":"sh","ix":1,"ks":{"a":1,"k":[{"i":{"x":0.41,"y":1},"o":{"x":0.59,"y":0},"t":60,"s":[{"i":[[38.649,14.916],[7.015,47.275],[-6.995,21.017],[2.139,-5.544],[-3.203,-21.492],[-45.247,-17.463],[-34.881,27.686]],"o":[[-47.79,-18.444],[-3.08,-20.668],[-2.789,5.069],[-8.381,21.715],[6.642,44.759],[44.555,17.196],[-33.92,18.015]],"v":[[-8.403,74.944],[-94.785,-33.037],[-89.236,-96.348],[-96.667,-80.429],[-104.005,-14.634],[-22.219,87.602],[105.418,68.092]],"c":true}]},{"i":{"x":0.833,"y":0.833},"o":{"x":0.59,"y":0},"t":90,"s":[{"i":[[38.649,14.916],[7.015,47.275],[-6.995,21.017],[2.139,-5.544],[-3.203,-21.492],[-45.247,-17.463],[-34.881,27.686]],"o":[[-47.79,-18.444],[-3.08,-20.668],[-2.789,5.069],[-8.381,21.715],[6.642,44.759],[44.555,17.196],[-42.098,30.095]],"v":[[-20.22,86.567],[-104.574,-23.848],[-89.236,-96.348],[-96.667,-80.429],[-104.005,-14.634],[-22.219,87.602],[105.418,68.092]],"c":true}]},{"i":{"x":0.833,"y":0.833},"o":{"x":0.167,"y":0.167},"t":105,"s":[{"i":[[19.61,19.659],[15.179,25.876],[4.176,7.277],[-0.694,-1.617],[-10.362,-18.468],[-18.46,-20.346],[-34.881,27.686]],"o":[[-27.656,-27.726],[-10.573,-18.024],[-1.079,1.925],[1.984,4.621],[16.693,29.753],[36.248,39.951],[-40.521,26.607]],"v":[[9.741,42.089],[-55.686,-49.332],[-78.239,-89.116],[-78.207,-83.643],[-55.673,-41.548],[10.036,46.876],[105.418,68.092]],"c":true}]},{"i":{"x":0.41,"y":1},"o":{"x":0.167,"y":0.167},"t":113,"s":[{"i":[[30.66,16.906],[10.441,38.296],[-2.308,15.252],[0.95,-3.896],[-3.455,-28.066],[-34.007,-18.672],[-34.881,27.686]],"o":[[-57.321,-27.472],[-2.842,-20.936],[-2.071,3.75],[-2.258,12.293],[7.724,52.337],[41.07,26.744],[-36.69,21.62]],"v":[[-7.901,74.7],[-86.409,-30.797],[-84.622,-93.314],[-88.921,-81.777],[-89.444,-21.076],[-14.092,80.595],[105.418,68.092]],"c":true}]},{"t":120,"s":[{"i":[[38.649,14.916],[7.015,47.275],[-6.995,21.017],[2.139,-5.544],[-3.203,-21.492],[-45.247,-17.463],[-34.881,27.686]],"o":[[-47.79,-18.444],[-3.08,-20.668],[-2.789,5.069],[-8.381,21.715],[6.642,44.759],[44.555,17.196],[-33.92,18.015]],"v":[[-8.403,74.944],[-94.785,-33.037],[-89.236,-96.348],[-96.667,-80.429],[-104.005,-14.634],[-22.219,87.602],[105.418,68.092]],"c":true}]}],"ix":2},"nm":"Path 1","mn":"ADBE Vector Shape - Group","hd":false},{"ty":"fl","c":{"a":0,"k":[0.600000023842,0.854901969433,0.964705884457,1],"ix":4},"o":{"a":0,"k":100,"ix":5},"r":1,"bm":0,"nm":"Fill 1","mn":"ADBE Vector Graphic - Fill","hd":false},{"ty":"tr","p":{"a":0,"k":[0,0],"ix":2},"a":{"a":0,"k":[0,0],"ix":1},"s":{"a":0,"k":[100,100],"ix":3},"r":{"a":0,"k":0,"ix":6},"o":{"a":0,"k":100,"ix":7},"sk":{"a":0,"k":0,"ix":4},"sa":{"a":0,"k":0,"ix":5},"nm":"Transform"}],"nm":"Group 1","np":2,"cix":2,"bm":0,"ix":1,"mn":"ADBE Vector Group","hd":false}],"ip":0,"op":362,"st":0,"bm":0},{"ddd":0,"ind":5,"ty":4,"nm":"wing_1","parent":6,"sr":1,"ks":{"o":{"a":0,"k":100,"ix":11},"r":{"a":1,"k":[{"i":{"x":[0.41],"y":[1]},"o":{"x":[0.59],"y":[0]},"t":60,"s":[0]},{"i":{"x":[0.41],"y":[1]},"o":{"x":[0.59],"y":[0]},"t":90,"s":[-108]},{"t":120,"s":[0]}],"ix":10},"p":{"a":1,"k":[{"i":{"x":0.41,"y":0.41},"o":{"x":0.59,"y":0.59},"t":60,"s":[313.754,258.628,0],"to":[0,0,0],"ti":[0,0,0]},{"i":{"x":0.41,"y":0.41},"o":{"x":0.59,"y":0.59},"t":90,"s":[313.754,258.628,0],"to":[0,0,0],"ti":[0,0,0]},{"t":120,"s":[313.754,258.628,0]}],"ix":2,"l":2},"a":{"a":0,"k":[115,53.5,0],"ix":1,"l":2},"s":{"a":1,"k":[{"i":{"x":[0.833,0.833,0.833],"y":[0.833,0.975,0.901]},"o":{"x":[0.59,0.59,0.59],"y":[0,0,0]},"t":60,"s":[100,100,100]},{"i":{"x":[0.41,0.41,0.41],"y":[1,1,1]},"o":{"x":[0.167,0.167,0.167],"y":[0.167,-0.035,0.099]},"t":75,"s":[92.5,49.5,100]},{"i":{"x":[0.833,0.833,0.833],"y":[0.833,1.035,1.099]},"o":{"x":[0.59,0.59,0.59],"y":[0,0,0]},"t":90,"s":[85,85,100]},{"i":{"x":[0.41,0.41,0.41],"y":[1,1,1]},"o":{"x":[0.167,0.167,0.167],"y":[0.167,0.025,-0.099]},"t":105,"s":[92.5,49.5,100]},{"t":120,"s":[100,100,100]}],"ix":6,"l":2}},"ao":0,"shapes":[{"ty":"gr","it":[{"ind":0,"ty":"sh","ix":1,"ks":{"a":1,"k":[{"i":{"x":0.833,"y":0.833},"o":{"x":0.59,"y":0},"t":60,"s":[{"i":[[-8.661,-59.08],[50.771,26.29],[-10.31,13.076],[-74.072,-5.52]],"o":[[-34.676,41.613],[-126.079,-65.286],[12.253,13.294],[74.072,5.52]],"v":[[114.896,52.776],[-31.697,90.765],[-95.021,-99.516],[-4.004,-57.854]],"c":true}]},{"i":{"x":0.41,"y":1},"o":{"x":0.167,"y":0.167},"t":75,"s":[{"i":[[-8.661,-59.08],[50.771,26.29],[-10.31,13.076],[-38.864,-13.303]],"o":[[-34.676,41.613],[-126.079,-65.286],[24.179,11.401],[70.275,24.056]],"v":[[114.896,52.776],[-31.697,90.765],[-95.021,-99.516],[-4.004,-57.854]],"c":true}]},{"i":{"x":0.833,"y":0.833},"o":{"x":0.59,"y":0},"t":90,"s":[{"i":[[-8.661,-59.08],[49.203,23.124],[-20.644,23.944],[-64.178,-11.567]],"o":[[-34.676,41.613],[-114.365,-53.749],[12.253,13.294],[73.1,13.175]],"v":[[114.896,52.776],[-31.697,90.765],[-95.021,-99.516],[8.723,-47.534]],"c":true}]},{"i":{"x":0.41,"y":1},"o":{"x":0.167,"y":0.167},"t":105,"s":[{"i":[[-2.516,-42.55],[31.244,29.679],[22.775,64.498],[-51.022,-50.551]],"o":[[-34.676,41.613],[-29.129,-27.669],[22.994,-15.707],[45.047,48.752]],"v":[[114.896,52.776],[21.046,66.602],[-95.021,-99.516],[77.525,-108.548]],"c":true}]},{"t":120,"s":[{"i":[[-8.661,-59.08],[50.771,26.29],[-10.31,13.076],[-74.072,-5.52]],"o":[[-34.676,41.613],[-126.079,-65.286],[12.253,13.294],[74.072,5.52]],"v":[[114.896,52.776],[-31.697,90.765],[-95.021,-99.516],[-4.004,-57.854]],"c":true}]}],"ix":2},"nm":"Path 1","mn":"ADBE Vector Shape - Group","hd":false},{"ty":"fl","c":{"a":0,"k":[0.811764717102,0.917647063732,0.952941179276,1],"ix":4},"o":{"a":0,"k":100,"ix":5},"r":1,"bm":0,"nm":"Fill 1","mn":"ADBE Vector Graphic - Fill","hd":false},{"ty":"tr","p":{"a":0,"k":[0,0],"ix":2},"a":{"a":0,"k":[0,0],"ix":1},"s":{"a":0,"k":[100,100],"ix":3},"r":{"a":0,"k":0,"ix":6},"o":{"a":0,"k":100,"ix":7},"sk":{"a":0,"k":0,"ix":4},"sa":{"a":0,"k":0,"ix":5},"nm":"Transform"}],"nm":"Group 1","np":2,"cix":2,"bm":0,"ix":1,"mn":"ADBE Vector Group","hd":false}],"ip":0,"op":362,"st":0,"bm":0},{"ddd":0,"ind":6,"ty":4,"nm":"body","sr":1,"ks":{"o":{"a":0,"k":100,"ix":11},"r":{"a":1,"k":[{"i":{"x":[0.41],"y":[1]},"o":{"x":[0.59],"y":[0]},"t":60,"s":[0]},{"i":{"x":[0.41],"y":[1]},"o":{"x":[0.59],"y":[0]},"t":90,"s":[-2]},{"t":120,"s":[0]}],"ix":10},"p":{"a":1,"k":[{"i":{"x":0.41,"y":1},"o":{"x":0.59,"y":0},"t":60,"s":[261.038,285.295,0],"to":[0,-2.5,0],"ti":[0,0,0]},{"i":{"x":0.41,"y":1},"o":{"x":0.59,"y":0},"t":90,"s":[261.038,270.295,0],"to":[0,0,0],"ti":[0,-2.5,0]},{"t":120,"s":[261.038,285.295,0]}],"ix":2,"l":2},"a":{"a":0,"k":[261.038,285.295,0],"ix":1,"l":2},"s":{"a":0,"k":[100,100,100],"ix":6,"l":2}},"ao":0,"shapes":[{"ty":"gr","it":[{"ind":0,"ty":"sh","ix":1,"ks":{"a":1,"k":[{"i":{"x":0.41,"y":1},"o":{"x":0.59,"y":0},"t":2,"s":[{"i":[[112.163,60.586],[0.001,0.001],[0,0],[-1.26,-2.39],[0,0],[0,0],[-0.203,2.02],[0,0],[-3.567,-0.724],[-10.274,0],[-16.485,65.205]],"o":[[-0.001,-0.001],[-8.579,5.975],[-2.416,1.208],[3.728,7.074],[0,0],[2.03,-0.008],[0,0],[0.364,-3.621],[9.693,1.967],[70.327,0],[-0.029,0.036]],"v":[[-72.644,-4.416],[-72.647,-4.418],[-137.103,35.575],[-139.786,42.149],[-49.456,71.737],[-49.414,71.737],[-45.485,68.169],[-43.065,44.078],[-35.715,38.714],[-5.719,41.724],[140.144,-71.737]],"c":true}]},{"i":{"x":0.41,"y":1},"o":{"x":0.59,"y":0},"t":32,"s":[{"i":[[112.163,60.586],[0.001,0.001],[0,0],[-1.759,-2.051],[0,0],[0,0],[0.25,2.014],[0,0],[-3.567,-0.724],[-10.274,0],[-16.485,65.205]],"o":[[-0.001,-0.001],[-34.411,21.391],[-2.088,1.714],[5.205,6.07],[0,0],[2.03,-0.008],[0,0],[-0.449,-3.612],[9.693,1.967],[70.327,0],[-0.029,0.036]],"v":[[-72.644,-4.416],[-72.647,-4.418],[-136.572,56.592],[-137.73,63.598],[-43.086,72.403],[-49.414,71.737],[-40.006,68.043],[-42.992,44.015],[-35.715,38.714],[-5.719,41.724],[140.144,-71.737]],"c":true}]},{"i":{"x":0.41,"y":1},"o":{"x":0.59,"y":0},"t":62,"s":[{"i":[[112.163,60.586],[0.001,0.001],[0,0],[-1.26,-2.39],[0,0],[0,0],[-0.203,2.02],[0,0],[-3.567,-0.724],[-10.274,0],[-16.485,65.205]],"o":[[-0.001,-0.001],[-8.579,5.975],[-2.416,1.208],[3.728,7.074],[0,0],[2.03,-0.008],[0,0],[0.364,-3.621],[9.693,1.967],[70.327,0],[-0.029,0.036]],"v":[[-72.644,-4.416],[-72.647,-4.418],[-137.103,35.575],[-139.786,42.149],[-49.456,71.737],[-49.414,71.737],[-45.485,68.169],[-43.065,44.078],[-35.715,38.714],[-5.719,41.724],[140.144,-71.737]],"c":true}]},{"i":{"x":0.41,"y":1},"o":{"x":0.59,"y":0},"t":92,"s":[{"i":[[112.163,60.586],[0.001,0.001],[0,0],[-1.759,-2.051],[0,0],[0,0],[0.25,2.014],[0,0],[-3.567,-0.724],[-10.274,0],[-16.485,65.205]],"o":[[-0.001,-0.001],[-34.411,21.391],[-2.088,1.714],[5.205,6.07],[0,0],[2.03,-0.008],[0,0],[-0.449,-3.612],[9.693,1.967],[70.327,0],[-0.029,0.036]],"v":[[-72.644,-4.416],[-72.647,-4.418],[-136.572,56.592],[-137.73,63.598],[-43.086,72.403],[-49.414,71.737],[-40.006,68.043],[-42.992,44.015],[-35.715,38.714],[-5.719,41.724],[140.144,-71.737]],"c":true}]},{"t":122,"s":[{"i":[[112.163,60.586],[0.001,0.001],[0,0],[-1.26,-2.39],[0,0],[0,0],[-0.203,2.02],[0,0],[-3.567,-0.724],[-10.274,0],[-16.485,65.205]],"o":[[-0.001,-0.001],[-8.579,5.975],[-2.416,1.208],[3.728,7.074],[0,0],[2.03,-0.008],[0,0],[0.364,-3.621],[9.693,1.967],[70.327,0],[-0.029,0.036]],"v":[[-72.644,-4.416],[-72.647,-4.418],[-137.103,35.575],[-139.786,42.149],[-49.456,71.737],[-49.414,71.737],[-45.485,68.169],[-43.065,44.078],[-35.715,38.714],[-5.719,41.724],[140.144,-71.737]],"c":true}]}],"ix":2},"nm":"Path 1","mn":"ADBE Vector Shape - Group","hd":false},{"ty":"fl","c":{"a":0,"k":[0.600000023842,0.854901969433,0.964705884457,1],"ix":4},"o":{"a":0,"k":100,"ix":5},"r":1,"bm":0,"nm":"Fill 1","mn":"ADBE Vector Graphic - Fill","hd":false},{"ty":"tr","p":{"a":0,"k":[246.058,335.027],"ix":2},"a":{"a":0,"k":[0,0],"ix":1},"s":{"a":0,"k":[100,100],"ix":3},"r":{"a":0,"k":0,"ix":6},"o":{"a":0,"k":100,"ix":7},"sk":{"a":0,"k":0,"ix":4},"sa":{"a":0,"k":0,"ix":5},"nm":"Transform"}],"nm":"Group 1","np":2,"cix":2,"bm":0,"ix":1,"mn":"ADBE Vector Group","hd":false},{"ty":"gr","it":[{"ind":0,"ty":"sh","ix":1,"ks":{"a":0,"k":{"i":[[1.673,1.673],[0,0],[14.364,-14.364],[0,0],[23.783,-16.291],[-3.567,-0.724],[-10.274,0],[0,83.092],[-5.395,6.571],[0,0]],"o":[[0,0],[-14.364,-14.364],[0,0],[-20.412,20.412],[-7.624,5.223],[9.693,1.967],[83.092,0],[0,-1.28],[7.019,-8.548],[2.367,0]],"v":[[154.341,-87.117],[130.761,-110.697],[78.745,-110.697],[-24.178,-7.774],[-90.616,47.395],[-50.695,88.447],[-20.699,91.456],[129.752,-58.995],[134.607,-75.365],[152.462,-82.583]],"c":true},"ix":2},"nm":"Path 1","mn":"ADBE Vector Shape - Group","hd":false},{"ty":"fl","c":{"a":0,"k":[0.811764717102,0.917647063732,0.952941179276,1],"ix":4},"o":{"a":0,"k":100,"ix":5},"r":1,"bm":0,"nm":"Fill 1","mn":"ADBE Vector Graphic - Fill","hd":false},{"ty":"tr","p":{"a":0,"k":[261.038,285.295],"ix":2},"a":{"a":0,"k":[0,0],"ix":1},"s":{"a":0,"k":[100,100],"ix":3},"r":{"a":0,"k":0,"ix":6},"o":{"a":0,"k":100,"ix":7},"sk":{"a":0,"k":0,"ix":4},"sa":{"a":0,"k":0,"ix":5},"nm":"Transform"}],"nm":"Group 2","np":2,"cix":2,"bm":0,"ix":2,"mn":"ADBE Vector Group","hd":false}],"ip":0,"op":362,"st":0,"bm":0},{"ddd":0,"ind":7,"ty":4,"nm":"wing_2","parent":6,"sr":1,"ks":{"o":{"a":0,"k":100,"ix":11},"r":{"a":1,"k":[{"i":{"x":[0.41],"y":[1]},"o":{"x":[0.59],"y":[0]},"t":60,"s":[0]},{"i":{"x":[0.41],"y":[1]},"o":{"x":[0.59],"y":[0]},"t":90,"s":[-135]},{"t":120,"s":[0]}],"ix":10},"p":{"a":1,"k":[{"i":{"x":0.41,"y":1},"o":{"x":0.59,"y":0},"t":60,"s":[344.33,303.095,0],"to":[0,0,0],"ti":[0,0,0]},{"i":{"x":0.41,"y":1},"o":{"x":0.59,"y":0},"t":90,"s":[344.33,273.095,0],"to":[0,0,0],"ti":[0,0,0]},{"t":120,"s":[344.33,303.095,0]}],"ix":2,"l":2},"a":{"a":0,"k":[74.5,103.5,0],"ix":1,"l":2},"s":{"a":1,"k":[{"i":{"x":[0.41,0.41,0.41],"y":[1,1,1]},"o":{"x":[0.59,0.59,0.59],"y":[0,0,0]},"t":60,"s":[100,100,100]},{"i":{"x":[0.41,0.41,0.41],"y":[1,1,1]},"o":{"x":[0.59,0.59,0.59],"y":[0,0,0]},"t":75,"s":[92.5,49.5,100]},{"i":{"x":[0.41,0.41,0.41],"y":[1,1,1]},"o":{"x":[0.59,0.59,0.59],"y":[0,0,0]},"t":90,"s":[85,85,100]},{"i":{"x":[0.41,0.41,0.41],"y":[1,1,1]},"o":{"x":[0.59,0.59,0.59],"y":[0,0,0]},"t":105,"s":[92.5,49.5,100]},{"t":120,"s":[100,100,100]}],"ix":6,"l":2}},"ao":0,"shapes":[{"ty":"gr","it":[{"ind":0,"ty":"sh","ix":1,"ks":{"a":1,"k":[{"i":{"x":0.41,"y":1},"o":{"x":0.59,"y":0},"t":60,"s":[{"i":[[19.757,-49.991],[32.386,40.003],[-14.905,37.91],[-16.286,13.184],[-6.478,3.448],[-11.642,-14.38],[-9.43,-6.343],[-1.132,-0.709],[-0.089,-0.05]],"o":[[-45.737,16.911],[-27.472,-33.935],[7.146,-18.209],[5.922,-4.794],[3.827,16.897],[7.524,9.293],[1.103,0.733],[0.062,0.047],[45.984,31.203]],"v":[[74.688,102.915],[-56.759,66.768],[-74.699,-49.72],[-39.443,-97.771],[-20.776,-110.142],[2.366,-62.582],[27.987,-39.088],[31.34,-36.925],[31.553,-36.781]],"c":true}]},{"i":{"x":0.41,"y":1},"o":{"x":0.59,"y":0},"t":90,"s":[{"i":[[19.757,-49.991],[32.386,40.003],[-14.905,37.91],[-16.286,13.184],[-6.478,3.448],[-11.642,-14.38],[-9.43,-6.343],[-1.132,-0.709],[-0.089,-0.05]],"o":[[-45.737,16.911],[-27.472,-33.935],[7.146,-18.209],[5.922,-4.794],[3.827,16.897],[7.524,9.293],[1.103,0.733],[0.062,0.047],[45.984,31.203]],"v":[[74.688,102.915],[-56.759,66.768],[-74.699,-49.72],[-39.443,-97.771],[-20.776,-110.142],[2.366,-62.582],[27.987,-39.088],[31.34,-36.925],[31.553,-36.781]],"c":true}]},{"t":120,"s":[{"i":[[19.757,-49.991],[32.386,40.003],[-14.905,37.91],[-16.286,13.184],[-6.478,3.448],[-11.642,-14.38],[-9.43,-6.343],[-1.132,-0.709],[-0.089,-0.05]],"o":[[-45.737,16.911],[-27.472,-33.935],[7.146,-18.209],[5.922,-4.794],[3.827,16.897],[7.524,9.293],[1.103,0.733],[0.062,0.047],[45.984,31.203]],"v":[[74.688,102.915],[-56.759,66.768],[-74.699,-49.72],[-39.443,-97.771],[-20.776,-110.142],[2.366,-62.582],[27.987,-39.088],[31.34,-36.925],[31.553,-36.781]],"c":true}]}],"ix":2},"nm":"Path 1","mn":"ADBE Vector Shape - Group","hd":false},{"ty":"fl","c":{"a":0,"k":[0.600000023842,0.854901969433,0.964705884457,1],"ix":4},"o":{"a":0,"k":100,"ix":5},"r":1,"bm":0,"nm":"Fill 1","mn":"ADBE Vector Graphic - Fill","hd":false},{"ty":"tr","p":{"a":0,"k":[0,0],"ix":2},"a":{"a":0,"k":[0,0],"ix":1},"s":{"a":0,"k":[100,100],"ix":3},"r":{"a":0,"k":0,"ix":6},"o":{"a":0,"k":100,"ix":7},"sk":{"a":0,"k":0,"ix":4},"sa":{"a":0,"k":0,"ix":5},"nm":"Transform"}],"nm":"Group 1","np":2,"cix":2,"bm":0,"ix":1,"mn":"ADBE Vector Group","hd":false}],"ip":0,"op":362,"st":0,"bm":0},{"ddd":0,"ind":8,"ty":4,"nm":"olive 5","parent":12,"sr":1,"ks":{"o":{"a":0,"k":100,"ix":11},"r":{"a":1,"k":[{"i":{"x":[0.41],"y":[1]},"o":{"x":[0.59],"y":[0]},"t":8,"s":[0]},{"i":{"x":[0.41],"y":[1]},"o":{"x":[0.59],"y":[0]},"t":38,"s":[-7]},{"i":{"x":[0.41],"y":[1]},"o":{"x":[0.59],"y":[0]},"t":68,"s":[0]},{"i":{"x":[0.41],"y":[1]},"o":{"x":[0.59],"y":[0]},"t":98,"s":[-7]},{"t":128,"s":[0]}],"ix":10},"p":{"a":0,"k":[-21.646,-56.097,0],"ix":2,"l":2},"a":{"a":0,"k":[14.75,-10,0],"ix":1,"l":2},"s":{"a":0,"k":[100,100,100],"ix":6,"l":2}},"ao":0,"shapes":[{"ty":"gr","it":[{"ind":0,"ty":"sh","ix":1,"ks":{"a":0,"k":{"i":[[-0.531,-7.365],[-6.546,4.45],[0.531,7.365],[6.546,-4.45]],"o":[[6.653,3.203],[6.546,-4.45],[-6.653,-3.203],[-6.546,4.45]],"v":[[-15.309,10.407],[6.015,8.848],[15.309,-10.407],[-6.015,-8.848]],"c":true},"ix":2},"nm":"Path 1","mn":"ADBE Vector Shape - Group","hd":false},{"ty":"fl","c":{"a":0,"k":[0.588235318661,0.737254917622,0.29411765933,1],"ix":4},"o":{"a":0,"k":100,"ix":5},"r":1,"bm":0,"nm":"Fill 1","mn":"ADBE Vector Graphic - Fill","hd":false},{"ty":"tr","p":{"a":0,"k":[0,0],"ix":2},"a":{"a":0,"k":[0,0],"ix":1},"s":{"a":0,"k":[100,100],"ix":3},"r":{"a":0,"k":0,"ix":6},"o":{"a":0,"k":100,"ix":7},"sk":{"a":0,"k":0,"ix":4},"sa":{"a":0,"k":0,"ix":5},"nm":"Transform"}],"nm":"Group 1","np":2,"cix":2,"bm":0,"ix":1,"mn":"ADBE Vector Group","hd":false}],"ip":-52,"op":310,"st":-52,"bm":0},{"ddd":0,"ind":9,"ty":4,"nm":"olive 3","parent":12,"sr":1,"ks":{"o":{"a":0,"k":100,"ix":11},"r":{"a":1,"k":[{"i":{"x":[0.41],"y":[1]},"o":{"x":[0.59],"y":[0]},"t":5,"s":[0]},{"i":{"x":[0.41],"y":[1]},"o":{"x":[0.59],"y":[0]},"t":35,"s":[-7]},{"i":{"x":[0.41],"y":[1]},"o":{"x":[0.59],"y":[0]},"t":65,"s":[0]},{"i":{"x":[0.41],"y":[1]},"o":{"x":[0.59],"y":[0]},"t":95,"s":[-7]},{"t":125,"s":[0]}],"ix":10},"p":{"a":0,"k":[1.591,-47.336,0],"ix":2,"l":2},"a":{"a":0,"k":[1.25,17.25,0],"ix":1,"l":2},"s":{"a":0,"k":[100,100,100],"ix":6,"l":2}},"ao":0,"shapes":[{"ty":"gr","it":[{"ind":0,"ty":"sh","ix":1,"ks":{"a":0,"k":{"i":[[6.567,3.376],[-0.397,-7.905],[-6.567,-3.376],[0.397,7.905]],"o":[[-6.196,4.017],[0.397,7.905],[6.196,-4.017],[-0.397,-7.905]],"v":[[-0.929,-18.488],[-10.685,0.537],[0.929,18.488],[10.685,-0.537]],"c":true},"ix":2},"nm":"Path 1","mn":"ADBE Vector Shape - Group","hd":false},{"ty":"fl","c":{"a":0,"k":[0.588235318661,0.737254917622,0.29411765933,1],"ix":4},"o":{"a":0,"k":100,"ix":5},"r":1,"bm":0,"nm":"Fill 1","mn":"ADBE Vector Graphic - Fill","hd":false},{"ty":"tr","p":{"a":0,"k":[0,0],"ix":2},"a":{"a":0,"k":[0,0],"ix":1},"s":{"a":0,"k":[100,100],"ix":3},"r":{"a":0,"k":0,"ix":6},"o":{"a":0,"k":100,"ix":7},"sk":{"a":0,"k":0,"ix":4},"sa":{"a":0,"k":0,"ix":5},"nm":"Transform"}],"nm":"Group 1","np":2,"cix":2,"bm":0,"ix":1,"mn":"ADBE Vector Group","hd":false}],"ip":-55,"op":307,"st":-55,"bm":0},{"ddd":0,"ind":10,"ty":4,"nm":"olive 4","parent":12,"sr":1,"ks":{"o":{"a":0,"k":100,"ix":11},"r":{"a":1,"k":[{"i":{"x":[0.41],"y":[1]},"o":{"x":[0.59],"y":[0]},"t":4,"s":[0]},{"i":{"x":[0.41],"y":[1]},"o":{"x":[0.59],"y":[0]},"t":34,"s":[-7]},{"i":{"x":[0.41],"y":[1]},"o":{"x":[0.59],"y":[0]},"t":64,"s":[0]},{"i":{"x":[0.41],"y":[1]},"o":{"x":[0.59],"y":[0]},"t":94,"s":[-7]},{"t":124,"s":[0]}],"ix":10},"p":{"a":0,"k":[19.841,-22.998,0],"ix":2,"l":2},"a":{"a":0,"k":[19.5,0.75,0],"ix":1,"l":2},"s":{"a":0,"k":[100,100,100],"ix":6,"l":2}},"ao":0,"shapes":[{"ty":"gr","it":[{"ind":0,"ty":"sh","ix":1,"ks":{"a":0,"k":{"i":[[3.701,-6.389],[-7.915,0],[-3.701,6.389],[7.915,0]],"o":[[3.701,6.389],[7.915,0],[-3.701,-6.389],[-7.915,0]],"v":[[-18.511,0],[0,10.699],[18.511,0],[0,-10.699]],"c":true},"ix":2},"nm":"Path 1","mn":"ADBE Vector Shape - Group","hd":false},{"ty":"fl","c":{"a":0,"k":[0.588235318661,0.737254917622,0.29411765933,1],"ix":4},"o":{"a":0,"k":100,"ix":5},"r":1,"bm":0,"nm":"Fill 1","mn":"ADBE Vector Graphic - Fill","hd":false},{"ty":"tr","p":{"a":0,"k":[0,0],"ix":2},"a":{"a":0,"k":[0,0],"ix":1},"s":{"a":0,"k":[100,100],"ix":3},"r":{"a":0,"k":0,"ix":6},"o":{"a":0,"k":100,"ix":7},"sk":{"a":0,"k":0,"ix":4},"sa":{"a":0,"k":0,"ix":5},"nm":"Transform"}],"nm":"Group 1","np":2,"cix":2,"bm":0,"ix":1,"mn":"ADBE Vector Group","hd":false}],"ip":-56,"op":306,"st":-56,"bm":0},{"ddd":0,"ind":11,"ty":4,"nm":"olive 2","parent":12,"sr":1,"ks":{"o":{"a":0,"k":100,"ix":11},"r":{"a":1,"k":[{"i":{"x":[0.41],"y":[1]},"o":{"x":[0.59],"y":[0]},"t":3,"s":[0]},{"i":{"x":[0.41],"y":[1]},"o":{"x":[0.59],"y":[0]},"t":33,"s":[-7]},{"i":{"x":[0.41],"y":[1]},"o":{"x":[0.59],"y":[0]},"t":63,"s":[0]},{"i":{"x":[0.41],"y":[1]},"o":{"x":[0.59],"y":[0]},"t":93,"s":[-7]},{"t":123,"s":[0]}],"ix":10},"p":{"a":0,"k":[36.163,-0.022,0],"ix":2,"l":2},"a":{"a":0,"k":[-13.75,13.75,0],"ix":1,"l":2},"s":{"a":0,"k":[100,100,100],"ix":6,"l":2}},"ao":0,"shapes":[{"ty":"gr","it":[{"ind":0,"ty":"sh","ix":1,"ks":{"a":0,"k":{"i":[[1.901,7.135],[5.597,-5.597],[-1.901,-7.135],[-5.597,5.597]],"o":[[-7.135,-1.901],[-5.597,5.597],[7.135,1.901],[5.597,-5.597]],"v":[[13.09,-13.09],[-7.565,-7.565],[-13.09,13.09],[7.565,7.565]],"c":true},"ix":2},"nm":"Path 1","mn":"ADBE Vector Shape - Group","hd":false},{"ty":"fl","c":{"a":0,"k":[0.588235318661,0.737254917622,0.29411765933,1],"ix":4},"o":{"a":0,"k":100,"ix":5},"r":1,"bm":0,"nm":"Fill 1","mn":"ADBE Vector Graphic - Fill","hd":false},{"ty":"tr","p":{"a":0,"k":[0,0],"ix":2},"a":{"a":0,"k":[0,0],"ix":1},"s":{"a":0,"k":[100,100],"ix":3},"r":{"a":0,"k":0,"ix":6},"o":{"a":0,"k":100,"ix":7},"sk":{"a":0,"k":0,"ix":4},"sa":{"a":0,"k":0,"ix":5},"nm":"Transform"}],"nm":"Group 1","np":2,"cix":2,"bm":0,"ix":1,"mn":"ADBE Vector Group","hd":false}],"ip":-57,"op":305,"st":-57,"bm":0},{"ddd":0,"ind":12,"ty":4,"nm":"olive","parent":6,"sr":1,"ks":{"o":{"a":0,"k":100,"ix":11},"r":{"a":1,"k":[{"i":{"x":[0.41],"y":[1]},"o":{"x":[0.59],"y":[0]},"t":32,"s":[-7]},{"i":{"x":[0.41],"y":[1]},"o":{"x":[0.59],"y":[0]},"t":62,"s":[0]},{"i":{"x":[0.41],"y":[1]},"o":{"x":[0.59],"y":[0]},"t":92,"s":[-7]},{"t":122,"s":[0]}],"ix":10},"p":{"a":0,"k":[410.771,198.873,0],"ix":2,"l":2},"a":{"a":0,"k":[42.5,30.25,0],"ix":1,"l":2},"s":{"a":0,"k":[100,100,100],"ix":6,"l":2}},"ao":0,"shapes":[{"ty":"gr","it":[{"ind":0,"ty":"sh","ix":1,"ks":{"a":0,"k":{"i":[[1.513,0.165],[0.123,0.028],[-0.385,1.644],[58.137,13.601],[-0.385,1.644],[-1.642,-0.378],[14.368,-61.42]],"o":[[-0.123,-0.013],[-1.644,-0.384],[13.601,-58.137],[-1.644,-0.384],[0.384,-1.644],[61.421,14.369],[-0.355,1.52]],"v":[[39.729,69.926],[39.36,69.863],[37.08,66.19],[-43.691,-63.911],[-45.972,-67.584],[-42.3,-69.864],[43.032,67.583]],"c":true},"ix":2},"nm":"Path 1","mn":"ADBE Vector Shape - Group","hd":false},{"ty":"fl","c":{"a":0,"k":[0.658823549747,0.533333361149,0.396078437567,1],"ix":4},"o":{"a":0,"k":100,"ix":5},"r":1,"bm":0,"nm":"Fill 1","mn":"ADBE Vector Graphic - Fill","hd":false},{"ty":"tr","p":{"a":0,"k":[0,0],"ix":2},"a":{"a":0,"k":[0,0],"ix":1},"s":{"a":0,"k":[100,100],"ix":3},"r":{"a":0,"k":0,"ix":6},"o":{"a":0,"k":100,"ix":7},"sk":{"a":0,"k":0,"ix":4},"sa":{"a":0,"k":0,"ix":5},"nm":"Transform"}],"nm":"Group 1","np":2,"cix":2,"bm":0,"ix":1,"mn":"ADBE Vector Group","hd":false}],"ip":-59,"op":303,"st":-59,"bm":0}],"markers":[]}