{"v":"5.7.6","fr":60,"ip":0,"op":120,"w":500,"h":500,"nm":"Angry","ddd":0,"assets":[],"layers":[{"ddd":0,"ind":1,"ty":4,"nm":"Layer 10","sr":1,"ks":{"o":{"a":1,"k":[{"i":{"x":[0.667],"y":[1]},"o":{"x":[0.333],"y":[0]},"t":85,"s":[100]},{"t":115,"s":[0]}],"ix":11},"r":{"a":0,"k":0,"ix":10},"p":{"a":1,"k":[{"i":{"x":0.667,"y":1},"o":{"x":0.333,"y":0},"t":15,"s":[268.375,230.938,0],"to":[1.167,1.167,0],"ti":[-1.167,-2.833,0]},{"i":{"x":0.667,"y":1},"o":{"x":0.333,"y":0},"t":30,"s":[275.375,237.938,0],"to":[1.167,2.833,0],"ti":[0,-1.667,0]},{"t":45,"s":[275.375,247.938,0]}],"ix":2,"l":2},"a":{"a":0,"k":[226.75,269.875,0],"ix":1,"l":2},"s":{"a":1,"k":[{"i":{"x":[0.667,0.667,0.667],"y":[1,1,1]},"o":{"x":[0.333,0.333,0.333],"y":[0,0,0]},"t":15,"s":[-10,10,100]},{"i":{"x":[0.667,0.667,0.667],"y":[1,1,1]},"o":{"x":[0.333,0.333,0.333],"y":[0,0,0]},"t":30,"s":[-150,150,100]},{"i":{"x":[0.667,0.667,0.667],"y":[1,1,1]},"o":{"x":[0.333,0.333,0.333],"y":[0,0,0]},"t":45,"s":[-137,137,100]},{"i":{"x":[0.667,0.667,0.667],"y":[1,1,1]},"o":{"x":[0.333,0.333,0.333],"y":[0,0,0]},"t":85,"s":[-158,158,100]},{"t":115,"s":[-180,180,100]}],"ix":6,"l":2}},"ao":0,"shapes":[{"ty":"gr","it":[{"ind":0,"ty":"sh","ix":1,"ks":{"a":0,"k":{"i":[[0,0],[0,0],[0,0],[0,0]],"o":[[0,0],[0,0],[0,0],[0,0]],"v":[[-31.294,8.622],[39.928,-38.811],[-14.072,38.811],[-39.928,36.494]],"c":true},"ix":2},"nm":"Path 1","mn":"ADBE Vector Shape - Group","hd":false},{"ty":"fl","c":{"a":0,"k":[1,1,1,1],"ix":4},"o":{"a":0,"k":100,"ix":5},"r":1,"bm":0,"nm":"Fill 1","mn":"ADBE Vector Graphic - Fill","hd":false},{"ty":"tr","p":{"a":0,"k":[187.072,306.811],"ix":2},"a":{"a":0,"k":[0,0],"ix":1},"s":{"a":0,"k":[100,100],"ix":3},"r":{"a":0,"k":0,"ix":6},"o":{"a":0,"k":100,"ix":7},"sk":{"a":0,"k":0,"ix":4},"sa":{"a":0,"k":0,"ix":5},"nm":"Transform"}],"nm":"Group 1","np":2,"cix":2,"bm":0,"ix":1,"mn":"ADBE Vector Group","hd":false},{"ty":"gr","it":[{"ind":0,"ty":"sh","ix":1,"ks":{"a":0,"k":{"i":[[0,-16.569],[16.569,0],[0,16.569],[-16.569,0]],"o":[[0,16.569],[-16.569,0],[0,-16.569],[16.569,0]],"v":[[30,0],[0,30],[-30,0],[0,-30]],"c":true},"ix":2},"nm":"Path 1","mn":"ADBE Vector Shape - Group","hd":false},{"ty":"fl","c":{"a":0,"k":[1,1,1,1],"ix":4},"o":{"a":0,"k":100,"ix":5},"r":1,"bm":0,"nm":"Fill 1","mn":"ADBE Vector Graphic - Fill","hd":false},{"ty":"tr","p":{"a":0,"k":[173,363],"ix":2},"a":{"a":0,"k":[0,0],"ix":1},"s":{"a":0,"k":[100,100],"ix":3},"r":{"a":0,"k":0,"ix":6},"o":{"a":0,"k":100,"ix":7},"sk":{"a":0,"k":0,"ix":4},"sa":{"a":0,"k":0,"ix":5},"nm":"Transform"}],"nm":"Group 2","np":2,"cix":2,"bm":0,"ix":2,"mn":"ADBE Vector Group","hd":false},{"ty":"gr","it":[{"ind":0,"ty":"sh","ix":1,"ks":{"a":0,"k":{"i":[[0,-18.778],[18.778,0],[0,18.778],[-18.778,0]],"o":[[0,18.778],[-18.778,0],[0,-18.778],[18.778,0]],"v":[[34,0],[0,34],[-34,0],[0,-34]],"c":true},"ix":2},"nm":"Path 1","mn":"ADBE Vector Shape - Group","hd":false},{"ty":"fl","c":{"a":0,"k":[1,1,1,1],"ix":4},"o":{"a":0,"k":100,"ix":5},"r":1,"bm":0,"nm":"Fill 1","mn":"ADBE Vector Graphic - Fill","hd":false},{"ty":"tr","p":{"a":0,"k":[146,348],"ix":2},"a":{"a":0,"k":[0,0],"ix":1},"s":{"a":0,"k":[100,100],"ix":3},"r":{"a":0,"k":0,"ix":6},"o":{"a":0,"k":100,"ix":7},"sk":{"a":0,"k":0,"ix":4},"sa":{"a":0,"k":0,"ix":5},"nm":"Transform"}],"nm":"Group 3","np":2,"cix":2,"bm":0,"ix":3,"mn":"ADBE Vector Group","hd":false},{"ty":"gr","it":[{"ind":0,"ty":"sh","ix":1,"ks":{"a":0,"k":{"i":[[0,-13.255],[13.255,0],[0,13.255],[-13.255,0]],"o":[[0,13.255],[-13.255,0],[0,-13.255],[13.255,0]],"v":[[24,0],[0,24],[-24,0],[0,-24]],"c":true},"ix":2},"nm":"Path 1","mn":"ADBE Vector Shape - Group","hd":false},{"ty":"fl","c":{"a":0,"k":[1,1,1,1],"ix":4},"o":{"a":0,"k":100,"ix":5},"r":1,"bm":0,"nm":"Fill 1","mn":"ADBE Vector Graphic - Fill","hd":false},{"ty":"tr","p":{"a":0,"k":[133,323],"ix":2},"a":{"a":0,"k":[0,0],"ix":1},"s":{"a":0,"k":[100,100],"ix":3},"r":{"a":0,"k":0,"ix":6},"o":{"a":0,"k":100,"ix":7},"sk":{"a":0,"k":0,"ix":4},"sa":{"a":0,"k":0,"ix":5},"nm":"Transform"}],"nm":"Group 4","np":2,"cix":2,"bm":0,"ix":4,"mn":"ADBE Vector Group","hd":false}],"ip":15,"op":116,"st":0,"bm":0},{"ddd":0,"ind":2,"ty":4,"nm":"Layer 7","sr":1,"ks":{"o":{"a":1,"k":[{"i":{"x":[0.667],"y":[1]},"o":{"x":[0.333],"y":[0]},"t":85,"s":[100]},{"t":115,"s":[0]}],"ix":11},"r":{"a":0,"k":0,"ix":10},"p":{"a":1,"k":[{"i":{"x":0.667,"y":1},"o":{"x":0.333,"y":0},"t":15,"s":[222.375,230.938,0],"to":[1.167,1.167,0],"ti":[-1.167,-2.833,0]},{"i":{"x":0.667,"y":1},"o":{"x":0.333,"y":0},"t":30,"s":[229.375,237.938,0],"to":[1.167,2.833,0],"ti":[0,-1.667,0]},{"t":45,"s":[229.375,247.938,0]}],"ix":2,"l":2},"a":{"a":0,"k":[226.75,269.875,0],"ix":1,"l":2},"s":{"a":1,"k":[{"i":{"x":[0.667,0.667,0.667],"y":[1,1,1]},"o":{"x":[0.333,0.333,0.333],"y":[0,0,0]},"t":15,"s":[10,10,100]},{"i":{"x":[0.667,0.667,0.667],"y":[1,1,1]},"o":{"x":[0.333,0.333,0.333],"y":[0,0,0]},"t":30,"s":[150,150,100]},{"i":{"x":[0.667,0.667,0.667],"y":[1,1,1]},"o":{"x":[0.333,0.333,0.333],"y":[0,0,0]},"t":45,"s":[137,137,100]},{"i":{"x":[0.667,0.667,0.667],"y":[1,1,1]},"o":{"x":[0.333,0.333,0.333],"y":[0,0,0]},"t":85,"s":[158,158,100]},{"t":115,"s":[180,180,100]}],"ix":6,"l":2}},"ao":0,"shapes":[{"ty":"gr","it":[{"ind":0,"ty":"sh","ix":1,"ks":{"a":0,"k":{"i":[[0,0],[0,0],[0,0],[0,0]],"o":[[0,0],[0,0],[0,0],[0,0]],"v":[[-31.294,8.622],[39.928,-38.811],[-14.072,38.811],[-39.928,36.494]],"c":true},"ix":2},"nm":"Path 1","mn":"ADBE Vector Shape - Group","hd":false},{"ty":"fl","c":{"a":0,"k":[1,1,1,1],"ix":4},"o":{"a":0,"k":100,"ix":5},"r":1,"bm":0,"nm":"Fill 1","mn":"ADBE Vector Graphic - Fill","hd":false},{"ty":"tr","p":{"a":0,"k":[187.072,306.811],"ix":2},"a":{"a":0,"k":[0,0],"ix":1},"s":{"a":0,"k":[100,100],"ix":3},"r":{"a":0,"k":0,"ix":6},"o":{"a":0,"k":100,"ix":7},"sk":{"a":0,"k":0,"ix":4},"sa":{"a":0,"k":0,"ix":5},"nm":"Transform"}],"nm":"Group 1","np":2,"cix":2,"bm":0,"ix":1,"mn":"ADBE Vector Group","hd":false},{"ty":"gr","it":[{"ind":0,"ty":"sh","ix":1,"ks":{"a":0,"k":{"i":[[0,-16.569],[16.569,0],[0,16.569],[-16.569,0]],"o":[[0,16.569],[-16.569,0],[0,-16.569],[16.569,0]],"v":[[30,0],[0,30],[-30,0],[0,-30]],"c":true},"ix":2},"nm":"Path 1","mn":"ADBE Vector Shape - Group","hd":false},{"ty":"fl","c":{"a":0,"k":[1,1,1,1],"ix":4},"o":{"a":0,"k":100,"ix":5},"r":1,"bm":0,"nm":"Fill 1","mn":"ADBE Vector Graphic - Fill","hd":false},{"ty":"tr","p":{"a":0,"k":[173,363],"ix":2},"a":{"a":0,"k":[0,0],"ix":1},"s":{"a":0,"k":[100,100],"ix":3},"r":{"a":0,"k":0,"ix":6},"o":{"a":0,"k":100,"ix":7},"sk":{"a":0,"k":0,"ix":4},"sa":{"a":0,"k":0,"ix":5},"nm":"Transform"}],"nm":"Group 2","np":2,"cix":2,"bm":0,"ix":2,"mn":"ADBE Vector Group","hd":false},{"ty":"gr","it":[{"ind":0,"ty":"sh","ix":1,"ks":{"a":0,"k":{"i":[[0,-18.778],[18.778,0],[0,18.778],[-18.778,0]],"o":[[0,18.778],[-18.778,0],[0,-18.778],[18.778,0]],"v":[[34,0],[0,34],[-34,0],[0,-34]],"c":true},"ix":2},"nm":"Path 1","mn":"ADBE Vector Shape - Group","hd":false},{"ty":"fl","c":{"a":0,"k":[1,1,1,1],"ix":4},"o":{"a":0,"k":100,"ix":5},"r":1,"bm":0,"nm":"Fill 1","mn":"ADBE Vector Graphic - Fill","hd":false},{"ty":"tr","p":{"a":0,"k":[146,348],"ix":2},"a":{"a":0,"k":[0,0],"ix":1},"s":{"a":0,"k":[100,100],"ix":3},"r":{"a":0,"k":0,"ix":6},"o":{"a":0,"k":100,"ix":7},"sk":{"a":0,"k":0,"ix":4},"sa":{"a":0,"k":0,"ix":5},"nm":"Transform"}],"nm":"Group 3","np":2,"cix":2,"bm":0,"ix":3,"mn":"ADBE Vector Group","hd":false},{"ty":"gr","it":[{"ind":0,"ty":"sh","ix":1,"ks":{"a":0,"k":{"i":[[0,-13.255],[13.255,0],[0,13.255],[-13.255,0]],"o":[[0,13.255],[-13.255,0],[0,-13.255],[13.255,0]],"v":[[24,0],[0,24],[-24,0],[0,-24]],"c":true},"ix":2},"nm":"Path 1","mn":"ADBE Vector Shape - Group","hd":false},{"ty":"fl","c":{"a":0,"k":[1,1,1,1],"ix":4},"o":{"a":0,"k":100,"ix":5},"r":1,"bm":0,"nm":"Fill 1","mn":"ADBE Vector Graphic - Fill","hd":false},{"ty":"tr","p":{"a":0,"k":[133,323],"ix":2},"a":{"a":0,"k":[0,0],"ix":1},"s":{"a":0,"k":[100,100],"ix":3},"r":{"a":0,"k":0,"ix":6},"o":{"a":0,"k":100,"ix":7},"sk":{"a":0,"k":0,"ix":4},"sa":{"a":0,"k":0,"ix":5},"nm":"Transform"}],"nm":"Group 4","np":2,"cix":2,"bm":0,"ix":4,"mn":"ADBE Vector Group","hd":false}],"ip":15,"op":116,"st":0,"bm":0},{"ddd":0,"ind":3,"ty":4,"nm":"Layer 6","sr":1,"ks":{"o":{"a":0,"k":100,"ix":11},"r":{"a":0,"k":0,"ix":10},"p":{"a":0,"k":[253.546,302.231,0],"ix":2,"l":2},"a":{"a":0,"k":[0,0,0],"ix":1,"l":2},"s":{"a":0,"k":[100,100,100],"ix":6,"l":2}},"ao":0,"shapes":[{"ty":"gr","it":[{"ind":0,"ty":"sh","ix":1,"ks":{"a":1,"k":[{"i":{"x":0.667,"y":1},"o":{"x":0.333,"y":0},"t":0,"s":[{"i":[[2.331,2.27],[0,0],[26.116,-0.658],[19.41,-16.175],[0,0],[-1.733,-2.753],[-3.099,1.267],[-23.73,0.426],[-21.143,-12.051],[-1.784,2.834]],"o":[[0,0],[-18.887,-18.388],[-25.596,0.645],[0,0],[-2.331,2.27],[1.784,2.834],[20.848,-10.424],[24.531,-0.44],[3.099,1.267],[1.733,-2.753]],"v":[[74.549,9.878],[69.596,5.055],[-2.485,-21.68],[-69.597,5.055],[-74.549,9.878],[-75.575,18.491],[-67.13,21.201],[-2.139,1.863],[67.13,21.201],[75.575,18.491]],"c":true}]},{"i":{"x":0.667,"y":1},"o":{"x":0.333,"y":0},"t":15,"s":[{"i":[[1.4,2.27],[0,0],[15.683,-0.658],[11.656,-16.175],[0,0],[-1.041,-2.753],[-1.861,1.267],[-14.251,0.426],[-12.697,-12.051],[-1.071,2.834]],"o":[[0,0],[-11.343,-18.388],[-15.372,0.645],[0,0],[-1.4,2.27],[1.071,2.834],[12.52,-10.424],[14.732,-0.44],[1.861,1.267],[1.041,-2.753]],"v":[[44.769,-20.122],[41.795,-24.945],[-1.492,-51.68],[-41.795,-24.945],[-44.769,-20.122],[-45.385,-11.509],[-40.314,-8.799],[-1.285,-32.137],[40.314,-8.799],[45.385,-11.509]],"c":true}]},{"i":{"x":0.667,"y":1},"o":{"x":0.333,"y":0},"t":45,"s":[{"i":[[1.4,2.27],[0,0],[15.683,-0.658],[11.656,-16.175],[0,0],[-1.041,-2.753],[-1.861,1.267],[-14.251,0.426],[-12.697,-12.051],[-1.071,2.834]],"o":[[0,0],[-11.343,-18.388],[-15.372,0.645],[0,0],[-1.4,2.27],[1.071,2.834],[12.52,-10.424],[14.732,-0.44],[1.861,1.267],[1.041,-2.753]],"v":[[44.769,-0.122],[41.795,-4.945],[-1.492,-31.68],[-41.795,-4.945],[-44.769,-0.122],[-45.385,8.491],[-40.314,11.201],[-1.285,-12.137],[40.314,11.201],[45.385,8.491]],"c":true}]},{"i":{"x":0.667,"y":1},"o":{"x":0.333,"y":0},"t":85,"s":[{"i":[[1.4,2.27],[0,0],[15.683,-0.658],[11.656,-16.175],[0,0],[-1.041,-2.753],[-1.861,1.267],[-14.251,0.426],[-12.697,-12.051],[-1.071,2.834]],"o":[[0,0],[-11.343,-18.388],[-15.372,0.645],[0,0],[-1.4,2.27],[1.071,2.834],[12.52,-10.424],[14.732,-0.44],[1.861,1.267],[1.041,-2.753]],"v":[[44.769,-3.122],[41.795,-7.945],[-1.492,-34.68],[-41.795,-7.945],[-44.769,-3.122],[-45.385,5.491],[-40.314,8.201],[-1.285,-15.137],[40.314,8.201],[45.385,5.491]],"c":true}]},{"t":120,"s":[{"i":[[2.331,2.27],[0,0],[26.116,-0.658],[19.41,-16.175],[0,0],[-1.733,-2.753],[-3.099,1.267],[-23.73,0.426],[-21.143,-12.051],[-1.784,2.834]],"o":[[0,0],[-18.887,-18.388],[-25.596,0.645],[0,0],[-2.331,2.27],[1.784,2.834],[20.848,-10.424],[24.531,-0.44],[3.099,1.267],[1.733,-2.753]],"v":[[74.549,9.878],[69.596,5.055],[-2.485,-21.68],[-69.597,5.055],[-74.549,9.878],[-75.575,18.491],[-67.13,21.201],[-2.139,1.863],[67.13,21.201],[75.575,18.491]],"c":true}]}],"ix":2},"nm":"Path 1","mn":"ADBE Vector Shape - Group","hd":false},{"ty":"fl","c":{"a":0,"k":[0.188235297799,0.176470592618,0.168627455831,1],"ix":4},"o":{"a":0,"k":100,"ix":5},"r":1,"bm":0,"nm":"Fill 1","mn":"ADBE Vector Graphic - Fill","hd":false},{"ty":"tr","p":{"a":0,"k":[0,0],"ix":2},"a":{"a":0,"k":[0,0],"ix":1},"s":{"a":0,"k":[100,100],"ix":3},"r":{"a":0,"k":0,"ix":6},"o":{"a":0,"k":100,"ix":7},"sk":{"a":0,"k":0,"ix":4},"sa":{"a":0,"k":0,"ix":5},"nm":"Transform"}],"nm":"Group 1","np":2,"cix":2,"bm":0,"ix":1,"mn":"ADBE Vector Group","hd":false}],"ip":0,"op":180,"st":0,"bm":0},{"ddd":0,"ind":4,"ty":4,"nm":"Layer 5","sr":1,"ks":{"o":{"a":0,"k":100,"ix":11},"r":{"a":1,"k":[{"i":{"x":[0.667],"y":[1]},"o":{"x":[0.333],"y":[0]},"t":0,"s":[0]},{"i":{"x":[0.667],"y":[1]},"o":{"x":[0.333],"y":[0]},"t":15,"s":[-31]},{"i":{"x":[0.667],"y":[1]},"o":{"x":[0.333],"y":[0]},"t":45,"s":[-8.143]},{"i":{"x":[0.667],"y":[1]},"o":{"x":[0.333],"y":[0]},"t":85,"s":[-8.143]},{"i":{"x":[0.667],"y":[1]},"o":{"x":[0.333],"y":[0]},"t":104,"s":[-17]},{"t":120,"s":[0]}],"ix":10},"p":{"a":1,"k":[{"i":{"x":0.667,"y":1},"o":{"x":0.333,"y":0},"t":0,"s":[182.706,211.888,0],"to":[0,0,0],"ti":[0,0,0]},{"i":{"x":0.667,"y":1},"o":{"x":0.333,"y":0},"t":15,"s":[182.706,151.888,0],"to":[0,0,0],"ti":[0,0,0]},{"i":{"x":0.667,"y":0.667},"o":{"x":0.333,"y":0.333},"t":45,"s":[182.706,181.753,0],"to":[0,0,0],"ti":[0,0,0]},{"i":{"x":0.667,"y":1},"o":{"x":0.333,"y":0},"t":85,"s":[182.706,181.753,0],"to":[0,0,0],"ti":[0,0,0]},{"i":{"x":0.667,"y":1},"o":{"x":0.333,"y":0},"t":104,"s":[182.706,204.912,0],"to":[0,0,0],"ti":[0,0,0]},{"t":120,"s":[182.706,211.888,0]}],"ix":2,"l":2},"a":{"a":0,"k":[0,0,0],"ix":1,"l":2},"s":{"a":0,"k":[100,100,100],"ix":6,"l":2}},"ao":0,"shapes":[{"ty":"gr","it":[{"ind":0,"ty":"sh","ix":1,"ks":{"a":0,"k":{"i":[[0,0],[0.059,0.818],[0.23,1.506],[0.523,2.029],[0.95,2.381],[1.442,2.575],[1.955,2.521],[2.547,2.105],[2.895,1.591],[3.034,0.903],[2.931,0.32],[2.638,-0.23],[1.223,-0.209],[1.089,-0.32],[2.366,-1.175],[0,0],[-0.743,-1.623],[-1.015,-0.027],[0,0],[-2.371,0.037],[-1.624,-0.016],[-1.944,-0.113],[-1.025,-0.096],[-1.052,-0.235],[-2.216,-0.588],[-2.184,-0.961],[-1.052,-0.598],[-1.037,-0.625],[-5.175,-6.505],[-1.058,-1.377],[-0.754,-1.026],[-0.4,-0.561],[-0.005,-0.059],[-1.495,0.56],[0.486,1.71]],"o":[[0.005,0.043],[-0.043,-0.849],[-0.208,-1.505],[-0.529,-2.029],[-0.919,-2.41],[-1.415,-2.564],[-2.041,-2.435],[-2.521,-2.136],[-2.873,-1.608],[-3.023,-0.956],[-2.927,-0.241],[-1.314,0.07],[-1.213,0.234],[-4.422,1.127],[-2.36,1.208],[-1.432,0.854],[0.501,1.111],[0,0],[0,0],[1.18,-0.102],[1.607,-0.069],[0.967,0.015],[1.026,0.096],[2.142,0.3],[2.217,0.645],[1.095,0.47],[1.084,0.508],[8.256,5.117],[1.308,1.629],[1.041,1.41],[0.748,1.036],[0.395,0.565],[0.48,1.693],[1.495,-0.545],[0,0]],"v":[[38.14,23.094],[38.087,21.77],[37.718,18.213],[36.645,12.857],[34.482,6.181],[30.936,-1.317],[25.798,-8.944],[18.983,-15.914],[10.817,-21.553],[1.893,-25.35],[-7.1,-27.16],[-15.48,-27.171],[-19.282,-26.679],[-22.764,-25.964],[-33.05,-22.236],[-36.703,-20.255],[-37.952,-15.769],[-35.469,-13.974],[-35.266,-13.963],[-31.49,-13.932],[-27.244,-13.894],[-21.883,-13.648],[-18.892,-13.333],[-15.752,-12.907],[-9.189,-11.501],[-2.566,-9.157],[0.676,-7.603],[3.833,-5.83],[24.185,13.588],[27.683,18.17],[30.385,21.85],[32.116,24.27],[32.73,25.108],[36.314,27.18],[38.14,23.094]],"c":false},"ix":2},"nm":"Path 1","mn":"ADBE Vector Shape - Group","hd":false},{"ty":"fl","c":{"a":0,"k":[0.188235297799,0.176470592618,0.168627455831,1],"ix":4},"o":{"a":0,"k":100,"ix":5},"r":1,"bm":0,"nm":"Fill 1","mn":"ADBE Vector Graphic - Fill","hd":false},{"ty":"tr","p":{"a":0,"k":[0,0],"ix":2},"a":{"a":0,"k":[0,0],"ix":1},"s":{"a":0,"k":[100,100],"ix":3},"r":{"a":0,"k":0,"ix":6},"o":{"a":0,"k":100,"ix":7},"sk":{"a":0,"k":0,"ix":4},"sa":{"a":0,"k":0,"ix":5},"nm":"Transform"}],"nm":"Group 1","np":2,"cix":2,"bm":0,"ix":1,"mn":"ADBE Vector Group","hd":false}],"ip":0,"op":180,"st":0,"bm":0},{"ddd":0,"ind":5,"ty":4,"nm":"Layer 4","sr":1,"ks":{"o":{"a":0,"k":100,"ix":11},"r":{"a":1,"k":[{"i":{"x":[0.667],"y":[1]},"o":{"x":[0.333],"y":[0]},"t":0,"s":[0]},{"i":{"x":[0.667],"y":[1]},"o":{"x":[0.333],"y":[0]},"t":15,"s":[31]},{"i":{"x":[0.667],"y":[1]},"o":{"x":[0.333],"y":[0]},"t":45,"s":[8.1]},{"i":{"x":[0.667],"y":[1]},"o":{"x":[0.333],"y":[0]},"t":85,"s":[8.1]},{"i":{"x":[0.667],"y":[1]},"o":{"x":[0.333],"y":[0]},"t":104,"s":[17]},{"t":120,"s":[0]}],"ix":10},"p":{"a":1,"k":[{"i":{"x":0.667,"y":1},"o":{"x":0.333,"y":0},"t":0,"s":[317.287,211.888,0],"to":[0,0,0],"ti":[0,0,0]},{"i":{"x":0.667,"y":1},"o":{"x":0.333,"y":0},"t":15,"s":[317.287,151.888,0],"to":[0,0,0],"ti":[0,0,0]},{"i":{"x":0.667,"y":0.667},"o":{"x":0.333,"y":0.333},"t":45,"s":[317.287,182.037,0],"to":[0,0,0],"ti":[0,0,0]},{"i":{"x":0.667,"y":1},"o":{"x":0.333,"y":0},"t":85,"s":[317.287,182.037,0],"to":[0,0,0],"ti":[0,0,0]},{"i":{"x":0.667,"y":1},"o":{"x":0.333,"y":0},"t":104,"s":[317.287,208.241,0],"to":[0,0,0],"ti":[0,0,0]},{"t":120,"s":[317.287,211.888,0]}],"ix":2,"l":2},"a":{"a":0,"k":[0,0,0],"ix":1,"l":2},"s":{"a":0,"k":[100,100,100],"ix":6,"l":2}},"ao":0,"shapes":[{"ty":"gr","it":[{"ind":0,"ty":"sh","ix":1,"ks":{"a":0,"k":{"i":[[0,0],[-0.058,0.818],[-0.241,1.506],[-0.524,2.029],[-0.95,2.381],[-1.443,2.575],[-1.95,2.521],[-2.547,2.105],[-2.894,1.591],[-3.038,0.903],[-2.927,0.32],[-2.633,-0.23],[-1.218,-0.209],[-1.1,-0.32],[-2.366,-1.175],[0,0],[0.737,-1.623],[1.01,-0.027],[0,0],[2.371,0.037],[1.612,-0.016],[1.939,-0.113],[1.02,-0.096],[1.069,-0.235],[2.216,-0.588],[2.184,-0.961],[1.052,-0.598],[1.041,-0.625],[5.17,-6.505],[1.052,-1.377],[0.748,-1.026],[0.396,-0.561],[0.005,-0.059],[1.495,0.56],[-0.481,1.71]],"o":[[0,0.043],[0.043,-0.849],[0.203,-1.505],[0.523,-2.029],[0.93,-2.41],[1.42,-2.564],[2.034,-2.435],[2.521,-2.136],[2.879,-1.608],[3.018,-0.956],[2.932,-0.241],[1.325,0.07],[1.212,0.234],[4.417,1.127],[2.361,1.208],[1.426,0.854],[-0.508,1.111],[0,0],[0,0],[-1.176,-0.102],[-1.619,-0.069],[-0.971,0.015],[-1.03,0.096],[-2.142,0.3],[-2.21,0.645],[-1.089,0.47],[-1.089,0.508],[-8.257,5.117],[-1.308,1.629],[-1.047,1.41],[-0.747,1.036],[-0.395,0.565],[-0.481,1.693],[-1.491,-0.545],[0,0]],"v":[[-38.143,23.094],[-38.09,21.77],[-37.716,18.213],[-36.648,12.857],[-34.485,6.181],[-30.938,-1.317],[-25.795,-8.944],[-18.987,-15.914],[-10.821,-21.553],[-1.891,-25.35],[7.097,-27.16],[15.476,-27.171],[19.279,-26.679],[22.772,-25.964],[33.046,-22.236],[36.71,-20.255],[37.955,-15.769],[35.477,-13.974],[35.274,-13.963],[31.488,-13.932],[27.253,-13.894],[21.884,-13.648],[18.894,-13.333],[15.749,-12.907],[9.185,-11.501],[2.562,-9.157],[-0.674,-7.603],[-3.835,-5.83],[-24.183,13.588],[-27.686,18.17],[-30.389,21.85],[-32.119,24.27],[-32.733,25.108],[-36.316,27.18],[-38.143,23.094]],"c":false},"ix":2},"nm":"Path 1","mn":"ADBE Vector Shape - Group","hd":false},{"ty":"fl","c":{"a":0,"k":[0.188235297799,0.176470592618,0.168627455831,1],"ix":4},"o":{"a":0,"k":100,"ix":5},"r":1,"bm":0,"nm":"Fill 1","mn":"ADBE Vector Graphic - Fill","hd":false},{"ty":"tr","p":{"a":0,"k":[0,0],"ix":2},"a":{"a":0,"k":[0,0],"ix":1},"s":{"a":0,"k":[100,100],"ix":3},"r":{"a":0,"k":0,"ix":6},"o":{"a":0,"k":100,"ix":7},"sk":{"a":0,"k":0,"ix":4},"sa":{"a":0,"k":0,"ix":5},"nm":"Transform"}],"nm":"Group 1","np":2,"cix":2,"bm":0,"ix":1,"mn":"ADBE Vector Group","hd":false}],"ip":0,"op":180,"st":0,"bm":0},{"ddd":0,"ind":6,"ty":4,"nm":"Layer 8","sr":1,"ks":{"o":{"a":0,"k":100,"ix":11},"r":{"a":0,"k":0,"ix":10},"p":{"a":1,"k":[{"i":{"x":0.667,"y":1},"o":{"x":0.333,"y":0},"t":9,"s":[250,201.579,0],"to":[0,-0.5,0],"ti":[0,-2.833,0]},{"i":{"x":0.667,"y":1},"o":{"x":0.333,"y":0},"t":15,"s":[250,198.579,0],"to":[0,2.833,0],"ti":[0,-3.333,0]},{"i":{"x":0.667,"y":0.667},"o":{"x":0.333,"y":0.333},"t":45,"s":[250,218.579,0],"to":[0,0,0],"ti":[0,0,0]},{"i":{"x":0.667,"y":1},"o":{"x":0.333,"y":0},"t":85,"s":[250,218.579,0],"to":[0,2.5,0],"ti":[0,-2.5,0]},{"t":102,"s":[250,233.579,0]}],"ix":2,"l":2},"a":{"a":0,"k":[250,246.579,0],"ix":1,"l":2},"s":{"a":1,"k":[{"i":{"x":[0.667,0.667,0.667],"y":[1,1,1]},"o":{"x":[0.333,0.333,0.333],"y":[0,0,0]},"t":9,"s":[100,77,100]},{"i":{"x":[0.667,0.667,0.667],"y":[1,1,1]},"o":{"x":[0.333,0.333,0.333],"y":[0,0,0]},"t":15,"s":[100,100,100]},{"i":{"x":[0.667,0.667,0.667],"y":[1,1,1]},"o":{"x":[0.333,0.333,0.333],"y":[0,0,0]},"t":102,"s":[100,100,100]},{"t":103,"s":[100,0,100]}],"ix":6,"l":2}},"ao":0,"shapes":[{"ty":"gr","it":[{"ind":0,"ty":"sh","ix":1,"ks":{"a":0,"k":{"i":[[0,0],[0,-14.542],[18.137,0],[0,14.548],[-18.137,0]],"o":[[18.137,0],[0,14.548],[-18.137,0],[0,-14.542],[0,0]],"v":[[0,-9.944],[32.812,-9.944],[0,16.407],[-32.812,-9.944],[0,-9.944]],"c":false},"ix":2},"nm":"Path 1","mn":"ADBE Vector Shape - Group","hd":false},{"ty":"fl","c":{"a":0,"k":[0.188235297799,0.176470592618,0.168627455831,1],"ix":4},"o":{"a":0,"k":100,"ix":5},"r":1,"bm":0,"nm":"Fill 1","mn":"ADBE Vector Graphic - Fill","hd":false},{"ty":"tr","p":{"a":0,"k":[179.269,246.579],"ix":2},"a":{"a":0,"k":[0,0],"ix":1},"s":{"a":0,"k":[100,100],"ix":3},"r":{"a":0,"k":0,"ix":6},"o":{"a":0,"k":100,"ix":7},"sk":{"a":0,"k":0,"ix":4},"sa":{"a":0,"k":0,"ix":5},"nm":"Transform"}],"nm":"Group 1","np":2,"cix":2,"bm":0,"ix":1,"mn":"ADBE Vector Group","hd":false},{"ty":"gr","it":[{"ind":0,"ty":"sh","ix":1,"ks":{"a":0,"k":{"i":[[0,0],[0,14.548],[-18.137,0],[0,-14.542],[18.137,0]],"o":[[-18.137,0],[0,-14.542],[18.137,0],[0,14.548],[0,0]],"v":[[0,16.407],[-32.812,-9.944],[0,-9.944],[32.812,-9.944],[0,16.407]],"c":false},"ix":2},"nm":"Path 1","mn":"ADBE Vector Shape - Group","hd":false},{"ty":"fl","c":{"a":0,"k":[0.188235297799,0.176470592618,0.168627455831,1],"ix":4},"o":{"a":0,"k":100,"ix":5},"r":1,"bm":0,"nm":"Fill 1","mn":"ADBE Vector Graphic - Fill","hd":false},{"ty":"tr","p":{"a":0,"k":[320.731,246.579],"ix":2},"a":{"a":0,"k":[0,0],"ix":1},"s":{"a":0,"k":[100,100],"ix":3},"r":{"a":0,"k":0,"ix":6},"o":{"a":0,"k":100,"ix":7},"sk":{"a":0,"k":0,"ix":4},"sa":{"a":0,"k":0,"ix":5},"nm":"Transform"}],"nm":"Group 2","np":2,"cix":2,"bm":0,"ix":2,"mn":"ADBE Vector Group","hd":false}],"ip":9,"op":105,"st":-5,"bm":0},{"ddd":0,"ind":7,"ty":4,"nm":"Layer 9","sr":1,"ks":{"o":{"a":0,"k":100,"ix":11},"r":{"a":0,"k":0,"ix":10},"p":{"a":1,"k":[{"i":{"x":0.667,"y":1},"o":{"x":0.333,"y":0},"t":0,"s":[320.275,232.008,0],"to":[0,0,0],"ti":[0,0,0]},{"i":{"x":0.667,"y":0.69},"o":{"x":0.333,"y":0},"t":9,"s":[320.275,200.208,0],"to":[0,0,0],"ti":[0,0,0]},{"i":{"x":0.667,"y":1},"o":{"x":0.333,"y":0.386},"t":89,"s":[320.275,232.553,0],"to":[0,0,0],"ti":[0,0,0]},{"i":{"x":0.667,"y":1},"o":{"x":0.333,"y":0},"t":104,"s":[320.275,237.424,0],"to":[0,0,0],"ti":[0,0,0]},{"t":120,"s":[320.275,232.008,0]}],"ix":2,"l":2},"a":{"a":0,"k":[0,0,0],"ix":1,"l":2},"s":{"a":1,"k":[{"i":{"x":[0.667,0.667,0.667],"y":[1,1,1]},"o":{"x":[0.333,0.333,0.333],"y":[0,0,0]},"t":0,"s":[100,100,100]},{"i":{"x":[0.667,0.667,0.667],"y":[1,1,1]},"o":{"x":[0.333,0.333,0.333],"y":[0,0,0]},"t":9,"s":[100,20,100]},{"i":{"x":[0.667,0.667,0.667],"y":[0.713,-4.469,-25.042]},"o":{"x":[0.333,0.333,0.333],"y":[0,0,0]},"t":11,"s":[0,0,100]},{"i":{"x":[0.667,0.667,0.667],"y":[1,1,1]},"o":{"x":[0.333,0.333,0.333],"y":[0.474,0.043,4.34]},"t":89,"s":[90.834,0,100]},{"i":{"x":[0.667,0.667,0.667],"y":[1,1,1]},"o":{"x":[0.333,0.333,0.333],"y":[0,0,0]},"t":102,"s":[100,21,100]},{"i":{"x":[0.667,0.667,0.667],"y":[1,1,1]},"o":{"x":[0.333,0.333,0.333],"y":[0,0,0]},"t":106,"s":[100,100,100]},{"t":120,"s":[100,100,100]}],"ix":6,"l":2}},"ao":0,"shapes":[{"ty":"gr","it":[{"ind":0,"ty":"sh","ix":1,"ks":{"a":0,"k":{"i":[[0,0],[12.086,0],[0,18.12],[-12.081,0],[0,-18.121]],"o":[[0,18.12],[-12.081,0],[0,-18.121],[12.086,0],[0,0]],"v":[[21.875,-0.006],[-0.005,32.812],[-21.875,-0.006],[-0.005,-32.812],[21.875,-0.006]],"c":false},"ix":2},"nm":"Path 1","mn":"ADBE Vector Shape - Group","hd":false},{"ty":"fl","c":{"a":0,"k":[0.188235297799,0.176470592618,0.168627455831,1],"ix":4},"o":{"a":0,"k":100,"ix":5},"r":1,"bm":0,"nm":"Fill 1","mn":"ADBE Vector Graphic - Fill","hd":false},{"ty":"tr","p":{"a":0,"k":[0,0],"ix":2},"a":{"a":0,"k":[0,0],"ix":1},"s":{"a":0,"k":[100,100],"ix":3},"r":{"a":0,"k":0,"ix":6},"o":{"a":0,"k":100,"ix":7},"sk":{"a":0,"k":0,"ix":4},"sa":{"a":0,"k":0,"ix":5},"nm":"Transform"}],"nm":"Group 1","np":2,"cix":2,"bm":0,"ix":1,"mn":"ADBE Vector Group","hd":false}],"ip":0,"op":180,"st":0,"bm":0},{"ddd":0,"ind":8,"ty":4,"nm":"Layer 2","sr":1,"ks":{"o":{"a":0,"k":100,"ix":11},"r":{"a":0,"k":0,"ix":10},"p":{"a":1,"k":[{"i":{"x":0.667,"y":1},"o":{"x":0.333,"y":0},"t":0,"s":[179.275,232.008,0],"to":[0,0,0],"ti":[0,0,0]},{"i":{"x":0.667,"y":0.69},"o":{"x":0.333,"y":0},"t":9,"s":[179.275,200.208,0],"to":[0,0,0],"ti":[0,0,0]},{"i":{"x":0.667,"y":1},"o":{"x":0.333,"y":0.386},"t":89,"s":[179.275,232.553,0],"to":[0,0,0],"ti":[0,0,0]},{"i":{"x":0.667,"y":1},"o":{"x":0.333,"y":0},"t":104,"s":[179.275,237.424,0],"to":[0,0,0],"ti":[0,0,0]},{"t":120,"s":[179.275,232.008,0]}],"ix":2,"l":2},"a":{"a":0,"k":[0,0,0],"ix":1,"l":2},"s":{"a":1,"k":[{"i":{"x":[0.667,0.667,0.667],"y":[1,1,1]},"o":{"x":[0.333,0.333,0.333],"y":[0,0,0]},"t":0,"s":[100,100,100]},{"i":{"x":[0.667,0.667,0.667],"y":[1,1,1]},"o":{"x":[0.333,0.333,0.333],"y":[0,0,0]},"t":9,"s":[100,20,100]},{"i":{"x":[0.667,0.667,0.667],"y":[0.713,-4.469,-25.042]},"o":{"x":[0.333,0.333,0.333],"y":[0,0,0]},"t":11,"s":[0,0,100]},{"i":{"x":[0.667,0.667,0.667],"y":[1,1,1]},"o":{"x":[0.333,0.333,0.333],"y":[0.474,0.043,4.34]},"t":89,"s":[90.834,0,100]},{"i":{"x":[0.667,0.667,0.667],"y":[1,1,1]},"o":{"x":[0.333,0.333,0.333],"y":[0,0,0]},"t":102,"s":[100,21,100]},{"i":{"x":[0.667,0.667,0.667],"y":[1,1,1]},"o":{"x":[0.333,0.333,0.333],"y":[0,0,0]},"t":106,"s":[100,100,100]},{"t":120,"s":[100,100,100]}],"ix":6,"l":2}},"ao":0,"shapes":[{"ty":"gr","it":[{"ind":0,"ty":"sh","ix":1,"ks":{"a":0,"k":{"i":[[0,0],[12.086,0],[0,18.12],[-12.081,0],[0,-18.121]],"o":[[0,18.12],[-12.081,0],[0,-18.121],[12.086,0],[0,0]],"v":[[21.875,-0.006],[-0.005,32.812],[-21.875,-0.006],[-0.005,-32.812],[21.875,-0.006]],"c":false},"ix":2},"nm":"Path 1","mn":"ADBE Vector Shape - Group","hd":false},{"ty":"fl","c":{"a":0,"k":[0.188235297799,0.176470592618,0.168627455831,1],"ix":4},"o":{"a":0,"k":100,"ix":5},"r":1,"bm":0,"nm":"Fill 1","mn":"ADBE Vector Graphic - Fill","hd":false},{"ty":"tr","p":{"a":0,"k":[0,0],"ix":2},"a":{"a":0,"k":[0,0],"ix":1},"s":{"a":0,"k":[100,100],"ix":3},"r":{"a":0,"k":0,"ix":6},"o":{"a":0,"k":100,"ix":7},"sk":{"a":0,"k":0,"ix":4},"sa":{"a":0,"k":0,"ix":5},"nm":"Transform"}],"nm":"Group 1","np":2,"cix":2,"bm":0,"ix":1,"mn":"ADBE Vector Group","hd":false}],"ip":0,"op":180,"st":0,"bm":0},{"ddd":0,"ind":9,"ty":4,"nm":"Layer 1","sr":1,"ks":{"o":{"a":0,"k":100,"ix":11},"r":{"a":0,"k":0,"ix":10},"p":{"a":0,"k":[250,423,0],"ix":2,"l":2},"a":{"a":0,"k":[0,173,0],"ix":1,"l":2},"s":{"a":1,"k":[{"i":{"x":[0.667,0.667,0.667],"y":[1,1,1]},"o":{"x":[0.333,0.333,0.333],"y":[0,0,0]},"t":0,"s":[100,100,100]},{"i":{"x":[0.667,0.667,0.667],"y":[1,1,1]},"o":{"x":[0.333,0.333,0.333],"y":[0,0,0]},"t":15,"s":[94,100,100]},{"i":{"x":[0.667,0.667,0.667],"y":[1,1,1]},"o":{"x":[0.333,0.333,0.333],"y":[0,0,0]},"t":45,"s":[100,97,100]},{"i":{"x":[0.667,0.667,0.667],"y":[1,1,1]},"o":{"x":[0.333,0.333,0.333],"y":[0,0,0]},"t":85,"s":[100,97,100]},{"i":{"x":[0.667,0.667,0.667],"y":[1,1,1]},"o":{"x":[0.333,0.333,0.333],"y":[0,0,0]},"t":102,"s":[100,100,100]},{"t":120,"s":[100,100,100]}],"ix":6,"l":2}},"ao":0,"shapes":[{"ty":"gr","it":[{"ind":0,"ty":"sh","ix":1,"ks":{"a":0,"k":{"i":[[96.499,0],[0,-96.494],[-96.494,0],[0,96.493]],"o":[[-96.494,0],[0,96.493],[96.499,0],[0,-96.494]],"v":[[0,-175],[-175,0],[0,175],[175,0]],"c":true},"ix":2},"nm":"Path 1","mn":"ADBE Vector Shape - Group","hd":false},{"ty":"fl","c":{"a":0,"k":[0.984313726425,0.819607853889,0.337254911661,1],"ix":4},"o":{"a":0,"k":100,"ix":5},"r":1,"bm":0,"nm":"Fill 1","mn":"ADBE Vector Graphic - Fill","hd":false},{"ty":"tr","p":{"a":0,"k":[0,0],"ix":2},"a":{"a":0,"k":[0,0],"ix":1},"s":{"a":0,"k":[100,100],"ix":3},"r":{"a":0,"k":0,"ix":6},"o":{"a":0,"k":100,"ix":7},"sk":{"a":0,"k":0,"ix":4},"sa":{"a":0,"k":0,"ix":5},"nm":"Transform"}],"nm":"Group 1","np":2,"cix":2,"bm":0,"ix":1,"mn":"ADBE Vector Group","hd":false}],"ip":0,"op":180,"st":0,"bm":0}],"markers":[]}