{"v":"5.7.4","fr":60,"ip":0,"op":121,"w":500,"h":500,"nm":"emoji sad","ddd":0,"assets":[],"layers":[{"ddd":0,"ind":1,"ty":3,"nm":"NULL CONTROL","parent":5,"sr":1,"ks":{"o":{"a":0,"k":0,"ix":11},"r":{"a":0,"k":0,"ix":10},"p":{"a":1,"k":[{"i":{"x":0.72,"y":1},"o":{"x":0.6,"y":0},"t":7,"s":[151.886,155.122,0],"to":[0,-5.263,0],"ti":[0,-5,0]},{"i":{"x":0.4,"y":1},"o":{"x":0.28,"y":0},"t":20,"s":[151.886,123.543,0],"to":[0,5,0],"ti":[0,-5.263,0]},{"i":{"x":0.4,"y":1},"o":{"x":0.167,"y":0},"t":60,"s":[151.886,185.122,0],"to":[0,5.263,0],"ti":[0,5,0]},{"t":80,"s":[151.886,155.122,0]}],"ix":2,"l":2},"a":{"a":0,"k":[60,60,0],"ix":1,"l":2},"s":{"a":0,"k":[100,100,100],"ix":6,"l":2}},"ao":0,"ip":0,"op":129,"st":0,"bm":0},{"ddd":0,"ind":2,"ty":4,"nm":"Emoji_sad_4 Outlines","parent":1,"sr":1,"ks":{"o":{"a":0,"k":100,"ix":11},"r":{"a":0,"k":0,"ix":10},"p":{"a":0,"k":[61.637,117.395,0],"ix":2,"l":2},"a":{"a":0,"k":[66.32,19.327,0],"ix":1,"l":2},"s":{"a":1,"k":[{"i":{"x":[0.72,0.72,0.72],"y":[1,1,1]},"o":{"x":[0.28,0.28,0.28],"y":[0,0,0]},"t":7,"s":[100,100,100]},{"i":{"x":[0.72,0.72,0.72],"y":[1,1,1]},"o":{"x":[0.28,0.28,0.28],"y":[0,0,0]},"t":20,"s":[83,83,100]},{"i":{"x":[0.72,0.72,0.72],"y":[1,1,1]},"o":{"x":[0.28,0.28,0.28],"y":[0,0,0]},"t":60,"s":[110,110,100]},{"t":80,"s":[100,100,100]}],"ix":6,"l":2}},"ao":0,"shapes":[{"ty":"gr","it":[{"ind":0,"ty":"sh","ix":1,"ks":{"a":0,"k":{"i":[[-1.232,1.474],[-0.663,0.796],[-1.529,1.441],[-2.133,1.794],[-1.236,0.984],[-1.424,0.961],[-3.547,1.675],[-4.064,1.301],[-1.034,0.312],[-1.057,0.265],[-2.202,0.36],[-4.535,0.092],[0,0],[-1.184,-0.087],[-2.216,-0.299],[-2.124,-0.55],[-1.045,-0.256],[-1.021,-0.311],[-3.524,-1.725],[-2.879,-1.859],[-1.26,-0.915],[-1.094,-0.87],[-1.401,-1.447],[-0.728,-0.796],[0,0],[1.826,-1.832],[1.643,0.88],[0,0],[3.126,1.716],[2.143,1.118],[1.223,0.559],[1.355,0.567],[3.168,0.953],[3.487,0.76],[3.694,0.475],[1.758,0.091],[1.103,0],[0,0],[3.712,-0.394],[3.489,-0.8],[3.15,-1.029],[2.733,-1.08],[1.231,-0.521],[1.089,-0.507],[1.488,-0.838],[0.861,-0.485],[0,0],[1.158,2.422]],"o":[[0,0],[0.714,-0.77],[1.469,-1.489],[1.084,-0.87],[1.263,-0.915],[2.879,-1.85],[3.516,-1.735],[1.035,-0.311],[1.053,-0.266],[2.133,-0.55],[4.428,-0.72],[0,0],[0.975,0.009],[2.386,0.132],[2.21,0.36],[1.072,0.265],[1.043,0.322],[4.074,1.301],[3.548,1.685],[1.429,0.961],[1.223,0.984],[2.142,1.794],[1.451,1.374],[0.7,0.811],[1.699,1.974],[-1.428,1.433],[0,0],[0,0],[-1.539,-0.883],[-1.104,-0.507],[-1.244,-0.521],[-2.733,-1.08],[-3.158,-1.029],[-3.488,-0.8],[-1.863,-0.184],[-0.884,-0.051],[0,0],[-3.78,0.023],[-3.69,0.467],[-3.497,0.76],[-3.182,0.953],[-1.364,0.582],[-1.232,0.559],[-2.165,1.118],[-1.488,0.759],[-0.874,0.485],[-2.244,1.23],[-0.884,-1.872]],"v":[[-64.49,10.161],[-63.46,8.948],[-60.352,5.593],[-54.964,0.639],[-51.48,-2.136],[-47.447,-4.964],[-37.821,-10.425],[-26.386,-15.003],[-23.287,-15.927],[-20.115,-16.719],[-13.592,-18.005],[-0.092,-19.077],[3.223,-18.976],[6.587,-18.788],[13.399,-18.005],[19.921,-16.719],[23.1,-15.937],[26.193,-15.003],[37.637,-10.435],[47.26,-4.964],[51.298,-2.136],[54.777,0.639],[60.105,5.551],[63.291,8.974],[64.37,10.224],[64.132,17.119],[59.015,17.91],[58.804,17.783],[53.88,15.095],[48.262,12.188],[44.765,10.572],[40.869,8.92],[32.02,5.729],[22.01,3.06],[11.183,1.299],[5.676,0.868],[2.825,0.74],[-0.092,0.694],[-11.366,1.307],[-22.193,3.06],[-32.204,5.729],[-41.053,8.92],[-44.948,10.572],[-48.441,12.188],[-54.021,15.05],[-57.711,17.096],[-59.056,17.847],[-65.186,15.709]],"c":true},"ix":2},"nm":"Path 1","mn":"ADBE Vector Shape - Group","hd":false},{"ty":"fl","c":{"a":0,"k":[0.187999994615,0.176000004189,0.169000004787,1],"ix":4},"o":{"a":0,"k":100,"ix":5},"r":1,"bm":0,"nm":"Fill 1","mn":"ADBE Vector Graphic - Fill","hd":false},{"ty":"tr","p":{"a":0,"k":[66.319,19.327],"ix":2},"a":{"a":0,"k":[0,0],"ix":1},"s":{"a":0,"k":[100,100],"ix":3},"r":{"a":0,"k":0,"ix":6},"o":{"a":0,"k":100,"ix":7},"sk":{"a":0,"k":0,"ix":4},"sa":{"a":0,"k":0,"ix":5},"nm":"Transform"}],"nm":"Group 1","np":2,"cix":2,"bm":0,"ix":1,"mn":"ADBE Vector Group","hd":false}],"ip":0,"op":129,"st":0,"bm":0},{"ddd":0,"ind":3,"ty":4,"nm":"Emoji_sad_3 Outlines","parent":1,"sr":1,"ks":{"o":{"a":0,"k":100,"ix":11},"r":{"a":0,"k":0,"ix":10},"p":{"a":0,"k":[58.364,40.645,0],"ix":2,"l":2},"a":{"a":0,"k":[79.626,28.375,0],"ix":1,"l":2},"s":{"a":0,"k":[100,100,100],"ix":6,"l":2}},"ao":0,"shapes":[{"ty":"gr","it":[{"ind":0,"ty":"sh","ix":1,"ks":{"a":0,"k":{"i":[[0,-15.532],[10.359,0],[0,15.531],[-10.354,0]],"o":[[0,15.531],[-10.354,0],[0,-15.532],[10.359,0]],"v":[[18.75,-0.005],[0,28.125],[-18.75,-0.005],[0,-28.125]],"c":true},"ix":2},"nm":"Path 1","mn":"ADBE Vector Shape - Group","hd":false},{"ty":"fl","c":{"a":0,"k":[0.187999994615,0.176000004189,0.169000004787,1],"ix":4},"o":{"a":0,"k":100,"ix":5},"r":1,"bm":0,"nm":"Fill 1","mn":"ADBE Vector Graphic - Fill","hd":false},{"ty":"tr","p":{"a":0,"k":[140.253,28.375],"ix":2},"a":{"a":0,"k":[0,0],"ix":1},"s":{"a":0,"k":[100,100],"ix":3},"r":{"a":0,"k":0,"ix":6},"o":{"a":0,"k":100,"ix":7},"sk":{"a":0,"k":0,"ix":4},"sa":{"a":0,"k":0,"ix":5},"nm":"Transform"}],"nm":"Group 1","np":2,"cix":2,"bm":0,"ix":1,"mn":"ADBE Vector Group","hd":false},{"ty":"gr","it":[{"ind":0,"ty":"sh","ix":1,"ks":{"a":0,"k":{"i":[[0,-15.532],[10.359,0],[0,15.531],[-10.354,0]],"o":[[0,15.531],[-10.354,0],[0,-15.532],[10.359,0]],"v":[[18.75,-0.005],[0,28.125],[-18.75,-0.005],[0,-28.125]],"c":true},"ix":2},"nm":"Path 1","mn":"ADBE Vector Shape - Group","hd":false},{"ty":"fl","c":{"a":0,"k":[0.187999994615,0.176000004189,0.169000004787,1],"ix":4},"o":{"a":0,"k":100,"ix":5},"r":1,"bm":0,"nm":"Fill 1","mn":"ADBE Vector Graphic - Fill","hd":false},{"ty":"tr","p":{"a":0,"k":[19,28.375],"ix":2},"a":{"a":0,"k":[0,0],"ix":1},"s":{"a":0,"k":[100,100],"ix":3},"r":{"a":0,"k":0,"ix":6},"o":{"a":0,"k":100,"ix":7},"sk":{"a":0,"k":0,"ix":4},"sa":{"a":0,"k":0,"ix":5},"nm":"Transform"}],"nm":"Group 2","np":2,"cix":2,"bm":0,"ix":2,"mn":"ADBE Vector Group","hd":false}],"ip":0,"op":129,"st":0,"bm":0},{"ddd":0,"ind":4,"ty":4,"nm":"Emoji_sad_2 Outlines","parent":1,"sr":1,"ks":{"o":{"a":0,"k":100,"ix":11},"r":{"a":0,"k":0,"ix":10},"p":{"a":1,"k":[{"i":{"x":0.72,"y":1},"o":{"x":0.28,"y":0},"t":7,"s":[58.363,2.605,0],"to":[0,-3.667,0],"ti":[0,0,0]},{"i":{"x":0.72,"y":1},"o":{"x":0.28,"y":0},"t":20,"s":[58.363,-19.395,0],"to":[0,0,0],"ti":[0,-3.667,0]},{"t":60,"s":[58.363,2.605,0]}],"ix":2,"l":2},"a":{"a":0,"k":[91.093,23.882,0],"ix":1,"l":2},"s":{"a":0,"k":[100,100,100],"ix":6,"l":2}},"ao":0,"shapes":[{"ty":"gr","it":[{"ind":0,"ty":"sh","ix":1,"ks":{"a":0,"k":{"i":[[-0.416,-1.465],[-0.051,-0.7],[-0.202,-1.291],[-0.448,-1.74],[-0.815,-2.041],[-1.237,-2.207],[-1.671,-2.16],[-2.179,-1.807],[-2.482,-1.365],[-2.6,-0.768],[-2.512,-0.27],[-2.261,0.197],[-1.048,0.179],[-0.938,0.27],[-2.028,1.007],[0,0],[0.631,1.396],[0.875,0.018],[0,0],[2.037,-0.032],[1.387,0.013],[1.661,0.097],[0.874,0.078],[0.906,0.207],[1.9,0.503],[1.872,0.82],[0.902,0.509],[0.889,0.535],[4.434,5.576],[0.901,1.182],[0.637,0.88],[0.338,0.481],[0.004,0.05],[1.283,-0.477]],"o":[[-0.005,-0.037],[0.041,0.724],[0.178,1.291],[0.454,1.739],[0.788,2.064],[1.213,2.198],[1.749,2.088],[2.161,1.828],[2.463,1.381],[2.592,0.825],[2.508,0.205],[1.131,-0.054],[1.04,-0.202],[3.786,-0.97],[2.023,-1.035],[1.228,-0.728],[-0.431,-0.948],[0,0],[0,0],[-1.012,0.087],[-1.382,0.059],[-0.834,-0.013],[-0.884,-0.087],[-1.836,-0.255],[-1.9,-0.554],[-0.939,-0.407],[-0.928,-0.44],[-7.076,-4.386],[-1.122,-1.396],[-0.898,-1.208],[-0.645,-0.887],[-0.339,-0.485],[-0.417,-1.456],[-1.281,0.471]],"v":[[-32.721,-19.649],[-32.675,-18.514],[-32.359,-15.465],[-31.44,-10.873],[-29.585,-5.151],[-26.545,1.276],[-22.142,7.812],[-16.301,13.79],[-9.301,18.621],[-1.653,21.874],[6.056,23.427],[13.239,23.435],[16.498,23.015],[19.487,22.406],[28.299,19.206],[31.43,17.508],[32.506,13.663],[30.373,12.129],[30.203,12.115],[26.963,12.088],[23.328,12.056],[18.732,11.845],[16.169,11.58],[13.472,11.208],[7.846,10.005],[2.17,8],[-0.609,6.668],[-3.315,5.144],[-20.759,-11.501],[-23.757,-15.429],[-26.07,-18.583],[-27.557,-20.656],[-28.083,-21.374],[-31.156,-23.155]],"c":true},"ix":2},"nm":"Path 1","mn":"ADBE Vector Shape - Group","hd":false},{"ty":"fl","c":{"a":0,"k":[0.187999994615,0.176000004189,0.169000004787,1],"ix":4},"o":{"a":0,"k":100,"ix":5},"r":1,"bm":0,"nm":"Fill 1","mn":"ADBE Vector Graphic - Fill","hd":false},{"ty":"tr","p":{"a":0,"k":[148.799,23.882],"ix":2},"a":{"a":0,"k":[0,0],"ix":1},"s":{"a":0,"k":[100,100],"ix":3},"r":{"a":0,"k":0,"ix":6},"o":{"a":0,"k":100,"ix":7},"sk":{"a":0,"k":0,"ix":4},"sa":{"a":0,"k":0,"ix":5},"nm":"Transform"}],"nm":"Group 1","np":2,"cix":2,"bm":0,"ix":1,"mn":"ADBE Vector Group","hd":false},{"ty":"gr","it":[{"ind":0,"ty":"sh","ix":1,"ks":{"a":0,"k":{"i":[[0.413,-1.465],[0.05,-0.7],[0.207,-1.291],[0.449,-1.74],[0.815,-2.041],[1.236,-2.207],[1.671,-2.16],[2.183,-1.807],[2.476,-1.365],[2.604,-0.768],[2.509,-0.27],[2.256,0.197],[1.045,0.179],[0.943,0.27],[2.028,1.007],[0,0],[-0.631,1.396],[-0.869,0.018],[0,0],[-2.032,-0.032],[-1.382,0.013],[-1.662,0.097],[-0.879,0.078],[-0.907,0.207],[-1.9,0.503],[-1.872,0.82],[-0.902,0.509],[-0.892,0.535],[-4.432,5.576],[-0.902,1.182],[-0.641,0.88],[-0.344,0.481],[-0.005,0.05],[-1.283,-0.477]],"o":[[0,-0.037],[-0.037,0.724],[-0.174,1.291],[-0.452,1.739],[-0.792,2.064],[-1.218,2.198],[-1.744,2.088],[-2.161,1.828],[-2.472,1.381],[-2.587,0.825],[-2.513,0.205],[-1.131,-0.054],[-1.038,-0.202],[-3.786,-0.97],[-2.024,-1.035],[-1.227,-0.728],[0.435,-0.948],[0,0],[0,0],[1.008,0.087],[1.387,0.059],[0.833,-0.013],[0.879,-0.087],[1.835,-0.255],[1.894,-0.554],[0.934,-0.407],[0.934,-0.44],[7.078,-4.386],[1.121,-1.396],[0.897,-1.208],[0.641,-0.887],[0.334,-0.485],[0.413,-1.456],[1.276,0.471]],"v":[[32.723,-19.649],[32.677,-18.514],[32.356,-15.465],[31.44,-10.873],[29.587,-5.151],[26.548,1.276],[22.139,7.812],[16.303,13.79],[9.309,18.621],[1.65,21.874],[-6.055,23.427],[-13.236,23.435],[-16.497,23.015],[-19.49,22.406],[-28.297,19.206],[-31.432,17.508],[-32.505,13.663],[-30.376,12.129],[-30.206,12.115],[-26.96,12.088],[-23.331,12.056],[-18.73,11.845],[-16.161,11.58],[-13.469,11.208],[-7.844,10.005],[-2.167,8],[0.606,6.668],[3.315,5.144],[20.757,-11.501],[23.76,-15.429],[26.076,-18.583],[27.564,-20.656],[28.085,-21.374],[31.158,-23.155]],"c":true},"ix":2},"nm":"Path 1","mn":"ADBE Vector Shape - Group","hd":false},{"ty":"fl","c":{"a":0,"k":[0.187999994615,0.176000004189,0.169000004787,1],"ix":4},"o":{"a":0,"k":100,"ix":5},"r":1,"bm":0,"nm":"Fill 1","mn":"ADBE Vector Graphic - Fill","hd":false},{"ty":"tr","p":{"a":0,"k":[33.385,23.882],"ix":2},"a":{"a":0,"k":[0,0],"ix":1},"s":{"a":0,"k":[100,100],"ix":3},"r":{"a":0,"k":0,"ix":6},"o":{"a":0,"k":100,"ix":7},"sk":{"a":0,"k":0,"ix":4},"sa":{"a":0,"k":0,"ix":5},"nm":"Transform"}],"nm":"Group 2","np":2,"cix":2,"bm":0,"ix":2,"mn":"ADBE Vector Group","hd":false}],"ip":0,"op":129,"st":0,"bm":0},{"ddd":0,"ind":5,"ty":4,"nm":"Emoji_sad_1 Outlines","sr":1,"ks":{"o":{"a":0,"k":100,"ix":11},"r":{"a":0,"k":0,"ix":10},"p":{"a":1,"k":[{"i":{"x":0.72,"y":1},"o":{"x":0.28,"y":0},"t":7,"s":[250,100,0],"to":[0,-3.667,0],"ti":[0,0,0]},{"i":{"x":0.72,"y":1},"o":{"x":0.28,"y":0},"t":20,"s":[250,78,0],"to":[0,0,0],"ti":[0,-3.667,0]},{"t":60,"s":[250,100,0]}],"ix":2,"l":2},"a":{"a":0,"k":[150.25,0.25,0],"ix":1,"l":2},"s":{"a":1,"k":[{"i":{"x":[0.833,0.833,0.833],"y":[1.089,1.089,1]},"o":{"x":[0.6,0.6,0.6],"y":[0,0,0]},"t":7,"s":[100,100,100]},{"i":{"x":[0.71,0.71,0.71],"y":[1,1,1]},"o":{"x":[0.167,0.167,0.167],"y":[0.039,0.039,0]},"t":15,"s":[95,105,100]},{"i":{"x":[0.833,0.833,0.833],"y":[0.952,0.952,1]},"o":{"x":[0.29,0.29,0.29],"y":[0,0,0]},"t":22,"s":[105,95,100]},{"i":{"x":[0.4,0.4,0.4],"y":[1,1,1]},"o":{"x":[0.167,0.167,0.167],"y":[-0.07,-0.07,0]},"t":44,"s":[95,105,100]},{"t":60,"s":[100,100,100]}],"ix":6,"l":2}},"ao":0,"shapes":[{"ty":"gr","it":[{"ind":0,"ty":"sh","ix":1,"ks":{"a":0,"k":{"i":[[82.713,0],[0,-82.709],[-82.709,0],[0,82.708]],"o":[[-82.709,0],[0,82.708],[82.713,0],[0,-82.709]],"v":[[0,-150],[-150,0],[0,150],[150,0]],"c":true},"ix":2},"nm":"Path 1","mn":"ADBE Vector Shape - Group","hd":false},{"ty":"fl","c":{"a":0,"k":[0.984000052658,0.819999964097,0.337000020345,1],"ix":4},"o":{"a":0,"k":100,"ix":5},"r":1,"bm":0,"nm":"Fill 1","mn":"ADBE Vector Graphic - Fill","hd":false},{"ty":"tr","p":{"a":0,"k":[150.25,150.25],"ix":2},"a":{"a":0,"k":[0,0],"ix":1},"s":{"a":0,"k":[100,100],"ix":3},"r":{"a":0,"k":0,"ix":6},"o":{"a":0,"k":100,"ix":7},"sk":{"a":0,"k":0,"ix":4},"sa":{"a":0,"k":0,"ix":5},"nm":"Transform"}],"nm":"Group 1","np":2,"cix":2,"bm":0,"ix":1,"mn":"ADBE Vector Group","hd":false}],"ip":0,"op":129,"st":0,"bm":0}],"markers":[]}