{"v":"5.7.4","fr":60,"ip":0,"op":100,"w":500,"h":500,"nm":"emojihappy","ddd":0,"assets":[],"layers":[{"ddd":0,"ind":1,"ty":3,"nm":"NULL CONTROL","parent":6,"sr":1,"ks":{"o":{"a":0,"k":0,"ix":11},"r":{"a":1,"k":[{"i":{"x":[0.39],"y":[1]},"o":{"x":[0.61],"y":[0]},"t":0,"s":[0]},{"i":{"x":[0.39],"y":[1]},"o":{"x":[0.61],"y":[0]},"t":10.385,"s":[-12]},{"i":{"x":[0.39],"y":[1]},"o":{"x":[0.61],"y":[0]},"t":20.77,"s":[15]},{"i":{"x":[0.39],"y":[1]},"o":{"x":[0.61],"y":[0]},"t":34.615,"s":[9]},{"i":{"x":[0.39],"y":[1]},"o":{"x":[0.61],"y":[0]},"t":48.463,"s":[-12]},{"i":{"x":[0.39],"y":[1]},"o":{"x":[0.61],"y":[0]},"t":62.309,"s":[-12]},{"i":{"x":[0.39],"y":[1]},"o":{"x":[0.61],"y":[0]},"t":76.154,"s":[12]},{"t":90,"s":[0]}],"ix":10},"p":{"a":1,"k":[{"i":{"x":0.39,"y":1},"o":{"x":0.61,"y":0},"t":0,"s":[150.188,153.207,0],"to":[0,-3.086,0],"ti":[0,-3.509,0]},{"i":{"x":0.39,"y":1},"o":{"x":0.61,"y":0},"t":10.385,"s":[150.188,134.689,0],"to":[0,3.509,0],"ti":[0,0,0]},{"i":{"x":0.39,"y":1},"o":{"x":0.61,"y":0},"t":20.77,"s":[150.188,174.26,0],"to":[0,0,0],"ti":[0,0,0]},{"i":{"x":0.39,"y":1},"o":{"x":0.61,"y":0},"t":34.615,"s":[150.188,134.689,0],"to":[0,0,0],"ti":[0,0,0]},{"i":{"x":0.39,"y":1},"o":{"x":0.61,"y":0},"t":48.463,"s":[150.188,174.26,0],"to":[0,0,0],"ti":[0,0,0]},{"i":{"x":0.39,"y":1},"o":{"x":0.61,"y":0},"t":62.309,"s":[150.188,134.689,0],"to":[0,0,0],"ti":[0,-3.086,0]},{"i":{"x":0.39,"y":1},"o":{"x":0.61,"y":0},"t":76.154,"s":[150.188,174.26,0],"to":[0,3.086,0],"ti":[0,3.509,0]},{"t":90,"s":[150.188,153.207,0]}],"ix":2,"l":2},"a":{"a":0,"k":[60,60,0],"ix":1,"l":2},"s":{"a":0,"k":[100,100,100],"ix":6,"l":2}},"ao":0,"ip":0,"op":102,"st":0,"bm":0},{"ddd":0,"ind":2,"ty":4,"nm":"Emoji_happy_5 Outlines","parent":3,"sr":1,"ks":{"o":{"a":0,"k":100,"ix":11},"r":{"a":0,"k":0,"ix":10},"p":{"a":0,"k":[84.625,23.688,0],"ix":2,"l":2},"a":{"a":0,"k":[65.875,14.312,0],"ix":1,"l":2},"s":{"a":0,"k":[100,100,100],"ix":6,"l":2}},"ao":0,"shapes":[{"ty":"gr","it":[{"ind":0,"ty":"sh","ix":1,"ks":{"a":0,"k":{"i":[[0,0],[0,-0.068],[-15.563,0],[0,0],[0,15.422],[0.01,0.068]],"o":[[-0.009,0.068],[0,15.422],[0,0],[15.564,0],[0,-0.068],[0,0]],"v":[[-65.597,-14.062],[-65.625,-13.856],[-37.454,14.062],[37.454,14.062],[65.625,-13.856],[65.597,-14.062]],"c":true},"ix":2},"nm":"Path 1","mn":"ADBE Vector Shape - Group","hd":false},{"ty":"fl","c":{"a":0,"k":[0.964999988032,0.964999988032,0.964999988032,1],"ix":4},"o":{"a":0,"k":100,"ix":5},"r":1,"bm":0,"nm":"Fill 1","mn":"ADBE Vector Graphic - Fill","hd":false},{"ty":"tr","p":{"a":0,"k":[65.875,14.312],"ix":2},"a":{"a":0,"k":[0,0],"ix":1},"s":{"a":0,"k":[100,100],"ix":3},"r":{"a":0,"k":0,"ix":6},"o":{"a":0,"k":100,"ix":7},"sk":{"a":0,"k":0,"ix":4},"sa":{"a":0,"k":0,"ix":5},"nm":"Transform"}],"nm":"Group 1","np":2,"cix":2,"bm":0,"ix":1,"mn":"ADBE Vector Group","hd":false}],"ip":0,"op":102,"st":0,"bm":0},{"ddd":0,"ind":3,"ty":4,"nm":"Emoji_happy_4 Outlines","parent":1,"sr":1,"ks":{"o":{"a":0,"k":100,"ix":11},"r":{"a":0,"k":0,"ix":10},"p":{"a":0,"k":[59.938,82.266,0],"ix":2,"l":2},"a":{"a":0,"k":[84.625,0.25,0],"ix":1,"l":2},"s":{"a":1,"k":[{"i":{"x":[0.39,0.39,0.39],"y":[1,1,1]},"o":{"x":[0.61,0.61,0.61],"y":[0,0,0]},"t":0,"s":[100,100,100]},{"i":{"x":[0.39,0.39,0.39],"y":[1,1,1]},"o":{"x":[0.61,0.61,0.61],"y":[0,0,0]},"t":10.385,"s":[90,90,100]},{"i":{"x":[0.39,0.39,0.39],"y":[1,1,1]},"o":{"x":[0.61,0.61,0.61],"y":[0,0,0]},"t":20.77,"s":[110,110,100]},{"i":{"x":[0.39,0.39,0.39],"y":[1,1,1]},"o":{"x":[0.61,0.61,0.61],"y":[0,0,0]},"t":34.615,"s":[90,90,100]},{"i":{"x":[0.39,0.39,0.39],"y":[1,1,1]},"o":{"x":[0.61,0.61,0.61],"y":[0,0,0]},"t":48.463,"s":[110,110,100]},{"i":{"x":[0.39,0.39,0.39],"y":[1,1,1]},"o":{"x":[0.61,0.61,0.61],"y":[0,0,0]},"t":62.309,"s":[90,90,100]},{"i":{"x":[0.39,0.39,0.39],"y":[1,1,1]},"o":{"x":[0.61,0.61,0.61],"y":[0,0,0]},"t":76.154,"s":[110,110,100]},{"t":90,"s":[100,100,100]}],"ix":6,"l":2}},"ao":0,"shapes":[{"ty":"gr","it":[{"ind":0,"ty":"sh","ix":1,"ks":{"a":0,"k":{"i":[[0,0],[-24.362,-12.827],[-14.622,0],[-12.03,6.321],[-5.767,5.589],[-1.804,19.803]],"o":[[2.582,28.139],[12.002,6.321],[14.63,0],[7.233,-3.805],[13.668,-13.267],[0,0]],"v":[[-84.375,-37.5],[-40.466,27.58],[-0.073,37.5],[40.338,27.58],[59.921,13.381],[84.375,-37.5]],"c":true},"ix":2},"nm":"Path 1","mn":"ADBE Vector Shape - Group","hd":false},{"ty":"fl","c":{"a":0,"k":[0.187999994615,0.176000004189,0.169000004787,1],"ix":4},"o":{"a":0,"k":100,"ix":5},"r":1,"bm":0,"nm":"Fill 1","mn":"ADBE Vector Graphic - Fill","hd":false},{"ty":"tr","p":{"a":0,"k":[84.625,37.75],"ix":2},"a":{"a":0,"k":[0,0],"ix":1},"s":{"a":0,"k":[100,100],"ix":3},"r":{"a":0,"k":0,"ix":6},"o":{"a":0,"k":100,"ix":7},"sk":{"a":0,"k":0,"ix":4},"sa":{"a":0,"k":0,"ix":5},"nm":"Transform"}],"nm":"Group 1","np":2,"cix":2,"bm":0,"ix":1,"mn":"ADBE Vector Group","hd":false}],"ip":0,"op":102,"st":0,"bm":0},{"ddd":0,"ind":4,"ty":4,"nm":"Emoji_happy_3 Outlines","parent":1,"sr":1,"ks":{"o":{"a":0,"k":100,"ix":11},"r":{"a":0,"k":0,"ix":10},"p":{"a":0,"k":[60.062,36.908,0],"ix":2,"l":2},"a":{"a":0,"k":[89.001,17.781,0],"ix":1,"l":2},"s":{"a":0,"k":[100,100,100],"ix":6,"l":2}},"ao":0,"shapes":[{"ty":"gr","it":[{"ind":0,"ty":"sh","ix":1,"ks":{"a":0,"k":{"i":[[15.536,0],[0,12.479],[-15.536,0],[0,-12.465]],"o":[[-15.536,0],[0,-12.465],[15.536,0],[0,12.479]],"v":[[0,5.051],[-28.125,5.051],[0,-17.531],[28.125,5.051]],"c":true},"ix":2},"nm":"Path 1","mn":"ADBE Vector Shape - Group","hd":false},{"ty":"fl","c":{"a":0,"k":[0.187999994615,0.176000004189,0.169000004787,1],"ix":4},"o":{"a":0,"k":100,"ix":5},"r":1,"bm":0,"nm":"Fill 1","mn":"ADBE Vector Graphic - Fill","hd":false},{"ty":"tr","p":{"a":0,"k":[149.628,17.781],"ix":2},"a":{"a":0,"k":[0,0],"ix":1},"s":{"a":0,"k":[100,100],"ix":3},"r":{"a":0,"k":0,"ix":6},"o":{"a":0,"k":100,"ix":7},"sk":{"a":0,"k":0,"ix":4},"sa":{"a":0,"k":0,"ix":5},"nm":"Transform"}],"nm":"Group 1","np":2,"cix":2,"bm":0,"ix":1,"mn":"ADBE Vector Group","hd":false},{"ty":"gr","it":[{"ind":0,"ty":"sh","ix":1,"ks":{"a":0,"k":{"i":[[-15.536,0],[0,-12.465],[15.537,0],[0,12.479]],"o":[[15.537,0],[0,12.479],[-15.536,0],[0,-12.465]],"v":[[0,-17.531],[28.125,5.051],[0,5.051],[-28.125,5.051]],"c":true},"ix":2},"nm":"Path 1","mn":"ADBE Vector Shape - Group","hd":false},{"ty":"fl","c":{"a":0,"k":[0.187999994615,0.176000004189,0.169000004787,1],"ix":4},"o":{"a":0,"k":100,"ix":5},"r":1,"bm":0,"nm":"Fill 1","mn":"ADBE Vector Graphic - Fill","hd":false},{"ty":"tr","p":{"a":0,"k":[28.375,17.781],"ix":2},"a":{"a":0,"k":[0,0],"ix":1},"s":{"a":0,"k":[100,100],"ix":3},"r":{"a":0,"k":0,"ix":6},"o":{"a":0,"k":100,"ix":7},"sk":{"a":0,"k":0,"ix":4},"sa":{"a":0,"k":0,"ix":5},"nm":"Transform"}],"nm":"Group 2","np":2,"cix":2,"bm":0,"ix":2,"mn":"ADBE Vector Group","hd":false}],"ip":0,"op":102,"st":0,"bm":0},{"ddd":0,"ind":5,"ty":4,"nm":"Emoji_happy_2 Outlines","parent":1,"sr":1,"ks":{"o":{"a":0,"k":100,"ix":11},"r":{"a":0,"k":0,"ix":10},"p":{"a":1,"k":[{"i":{"x":0.39,"y":1},"o":{"x":0.61,"y":0},"t":0,"s":[60.062,0.234,0],"to":[-0.422,-3.245,0],"ti":[0.365,-1.716,0]},{"i":{"x":0.39,"y":1},"o":{"x":0.61,"y":0},"t":10.385,"s":[57.533,-19.235,0],"to":[-0.365,1.716,0],"ti":[0,0,0]},{"i":{"x":0.39,"y":1},"o":{"x":0.61,"y":0},"t":20.77,"s":[57.873,10.531,0],"to":[0,0,0],"ti":[0,0,0]},{"i":{"x":0.39,"y":1},"o":{"x":0.61,"y":0},"t":34.615,"s":[57.533,-19.235,0],"to":[0,0,0],"ti":[0,0,0]},{"i":{"x":0.39,"y":1},"o":{"x":0.61,"y":0},"t":48.463,"s":[57.873,10.531,0],"to":[0,0,0],"ti":[0,0,0]},{"i":{"x":0.39,"y":1},"o":{"x":0.61,"y":0},"t":62.309,"s":[57.533,-19.235,0],"to":[0,0,0],"ti":[-0.422,-3.245,0]},{"i":{"x":0.39,"y":1},"o":{"x":0.61,"y":0},"t":76.154,"s":[57.873,10.531,0],"to":[0.422,3.245,0],"ti":[-0.365,1.716,0]},{"t":90,"s":[60.062,0.234,0]}],"ix":2,"l":2},"a":{"a":0,"k":[109.44,23.77,0],"ix":1,"l":2},"s":{"a":0,"k":[100,100,100],"ix":6,"l":2}},"ao":0,"shapes":[{"ty":"gr","it":[{"ind":0,"ty":"sh","ix":1,"ks":{"a":0,"k":{"i":[[0.078,1.223],[-0.109,0.563],[-0.083,1.052],[0.041,1.451],[0.339,1.772],[0.705,1.987],[1.144,2.046],[1.703,1.9],[2.092,1.62],[2.334,1.194],[2.357,0.773],[2.22,0.361],[1.038,0.115],[0.952,0],[2.18,-0.316],[0,0],[-0.302,-1.222],[-0.828,-0.234],[0,0],[-1.959,-0.448],[-1.322,-0.326],[-1.57,-0.467],[-0.833,-0.26],[-0.825,-0.352],[-1.726,-0.823],[-1.634,-1.067],[-0.759,-0.599],[-0.724,-0.627],[-3.043,-5.341],[-0.622,-1.121],[-0.417,-0.814],[-0.224,-0.457],[0,-0.019],[-1.337,0.078]],"o":[[0,0.027],[0.114,-0.558],[0.115,-1.034],[-0.059,-1.451],[-0.315,-1.775],[-0.681,-1.982],[-1.226,-2.019],[-1.676,-1.908],[-2.074,-1.626],[-2.317,-1.236],[-2.366,-0.756],[-1.103,-0.215],[-1.054,-0.09],[-3.873,-0.123],[-2.169,0.338],[-1.337,0.279],[0.206,0.824],[0,0],[0,0],[0.984,0.169],[1.351,0.279],[0.806,0.188],[0.824,0.275],[1.712,0.641],[1.698,0.861],[0.805,0.522],[0.797,0.554],[5.859,5.004],[0.764,1.32],[0.591,1.145],[0.416,0.843],[0.215,0.449],[0.068,1.236],[1.337,-0.069]],"v":[[27.521,21.098],[27.731,20.205],[28.088,17.775],[28.221,14.026],[27.69,9.168],[26.17,3.52],[23.364,-2.536],[19.061,-8.506],[13.39,-13.847],[6.734,-18.118],[-0.348,-21.08],[-7.265,-22.751],[-10.487,-23.173],[-13.495,-23.397],[-22.697,-22.947],[-26.079,-22.366],[-27.96,-19.638],[-26.253,-17.953],[-26.079,-17.917],[-22.966,-17.148],[-19.483,-16.287],[-15.102,-15.056],[-12.68,-14.269],[-10.171,-13.372],[-5.017,-11.143],[0.009,-8.281],[2.389,-6.615],[4.651,-4.812],[17.793,12.061],[19.826,15.774],[21.355,18.74],[22.334,20.695],[22.682,21.35],[25.241,23.442]],"c":true},"ix":2},"nm":"Path 1","mn":"ADBE Vector Shape - Group","hd":false},{"ty":"fl","c":{"a":0,"k":[0.187999994615,0.176000004189,0.169000004787,1],"ix":4},"o":{"a":0,"k":100,"ix":5},"r":1,"bm":0,"nm":"Fill 1","mn":"ADBE Vector Graphic - Fill","hd":false},{"ty":"tr","p":{"a":0,"k":[190.369,23.77],"ix":2},"a":{"a":0,"k":[0,0],"ix":1},"s":{"a":0,"k":[100,100],"ix":3},"r":{"a":0,"k":0,"ix":6},"o":{"a":0,"k":100,"ix":7},"sk":{"a":0,"k":0,"ix":4},"sa":{"a":0,"k":0,"ix":5},"nm":"Transform"}],"nm":"Group 1","np":2,"cix":2,"bm":0,"ix":1,"mn":"ADBE Vector Group","hd":false},{"ty":"gr","it":[{"ind":0,"ty":"sh","ix":1,"ks":{"a":0,"k":{"i":[[-0.069,1.223],[0.11,0.563],[0.083,1.052],[-0.041,1.451],[-0.34,1.772],[-0.705,1.987],[-1.145,2.046],[-1.703,1.9],[-2.092,1.62],[-2.334,1.194],[-2.357,0.773],[-2.21,0.361],[-1.039,0.115],[-0.956,0],[-2.175,-0.316],[0,0],[0.293,-1.222],[0.838,-0.234],[0,0],[1.955,-0.448],[1.322,-0.326],[1.584,-0.467],[0.834,-0.26],[0.824,-0.352],[1.721,-0.823],[1.62,-1.067],[0.755,-0.599],[0.723,-0.627],[3.044,-5.341],[0.613,-1.121],[0.417,-0.814],[0.224,-0.457],[0,-0.019],[1.336,0.078]],"o":[[0.008,0.027],[-0.114,-0.558],[-0.114,-1.034],[0.051,-1.451],[0.316,-1.775],[0.682,-1.982],[1.227,-2.019],[1.676,-1.908],[2.074,-1.626],[2.317,-1.236],[2.367,-0.756],[1.113,-0.215],[1.044,-0.09],[3.868,-0.123],[2.169,0.338],[1.337,0.279],[-0.206,0.824],[0,0],[0,0],[-0.989,0.169],[-1.35,0.279],[-0.796,0.188],[-0.824,0.275],[-1.712,0.641],[-1.702,0.861],[-0.806,0.522],[-0.802,0.554],[-5.859,5.004],[-0.764,1.32],[-0.591,1.145],[-0.417,0.843],[-0.216,0.449],[-0.069,1.236],[-1.337,-0.069]],"v":[[-27.525,21.098],[-27.727,20.205],[-28.084,17.775],[-28.217,14.026],[-27.685,9.168],[-26.166,3.52],[-23.359,-2.536],[-19.057,-8.506],[-13.385,-13.847],[-6.73,-18.118],[0.352,-21.08],[7.26,-22.751],[10.492,-23.173],[13.504,-23.397],[22.701,-22.947],[26.083,-22.366],[27.965,-19.638],[26.248,-17.953],[26.083,-17.917],[22.975,-17.148],[19.487,-16.287],[15.097,-15.056],[12.684,-14.269],[10.176,-13.372],[5.026,-11.143],[-0.004,-8.281],[-2.38,-6.615],[-4.646,-4.812],[-17.789,12.061],[-19.821,15.774],[-21.35,18.74],[-22.329,20.695],[-22.678,21.35],[-25.236,23.442]],"c":true},"ix":2},"nm":"Path 1","mn":"ADBE Vector Shape - Group","hd":false},{"ty":"fl","c":{"a":0,"k":[0.187999994615,0.176000004189,0.169000004787,1],"ix":4},"o":{"a":0,"k":100,"ix":5},"r":1,"bm":0,"nm":"Fill 1","mn":"ADBE Vector Graphic - Fill","hd":false},{"ty":"tr","p":{"a":0,"k":[28.508,23.77],"ix":2},"a":{"a":0,"k":[0,0],"ix":1},"s":{"a":0,"k":[100,100],"ix":3},"r":{"a":0,"k":0,"ix":6},"o":{"a":0,"k":100,"ix":7},"sk":{"a":0,"k":0,"ix":4},"sa":{"a":0,"k":0,"ix":5},"nm":"Transform"}],"nm":"Group 2","np":2,"cix":2,"bm":0,"ix":2,"mn":"ADBE Vector Group","hd":false}],"ip":0,"op":102,"st":0,"bm":0},{"ddd":0,"ind":6,"ty":4,"nm":"Emoji_happy_1 Outlines","sr":1,"ks":{"o":{"a":0,"k":100,"ix":11},"r":{"a":0,"k":0,"ix":10},"p":{"a":0,"k":[250,400,0],"ix":2,"l":2},"a":{"a":0,"k":[150.25,300.25,0],"ix":1,"l":2},"s":{"a":1,"k":[{"i":{"x":[0.39,0.39,0.39],"y":[1,1,1]},"o":{"x":[0.61,0.61,0.61],"y":[0,0,0]},"t":0,"s":[100,100,100]},{"i":{"x":[0.39,0.39,0.39],"y":[1,1,1]},"o":{"x":[0.61,0.61,0.61],"y":[0,0,0]},"t":10.385,"s":[92,108,100]},{"i":{"x":[0.39,0.39,0.39],"y":[1,1,1]},"o":{"x":[0.61,0.61,0.61],"y":[0,0,0]},"t":20.77,"s":[105,95,100]},{"i":{"x":[0.39,0.39,0.39],"y":[1,1,1]},"o":{"x":[0.61,0.61,0.61],"y":[0,0,0]},"t":34.615,"s":[95,105,100]},{"i":{"x":[0.39,0.39,0.39],"y":[1,1,1]},"o":{"x":[0.61,0.61,0.61],"y":[0,0,0]},"t":48.463,"s":[105,95,100]},{"i":{"x":[0.39,0.39,0.39],"y":[1,1,1]},"o":{"x":[0.61,0.61,0.61],"y":[0,0,0]},"t":62.309,"s":[100,100,100]},{"i":{"x":[0.39,0.39,0.39],"y":[1,1,1]},"o":{"x":[0.61,0.61,0.61],"y":[0,0,0]},"t":76.154,"s":[105,95,100]},{"t":90,"s":[100,100,100]}],"ix":6,"l":2}},"ao":0,"shapes":[{"ty":"gr","it":[{"ind":0,"ty":"sh","ix":1,"ks":{"a":0,"k":{"i":[[82.709,0],[0,-82.709],[-82.709,0],[0,82.708]],"o":[[-82.709,0],[0,82.708],[82.709,0],[0,-82.709]],"v":[[0,-150],[-150,0],[0,150],[150,0]],"c":true},"ix":2},"nm":"Path 1","mn":"ADBE Vector Shape - Group","hd":false},{"ty":"fl","c":{"a":0,"k":[0.984000052658,0.819999964097,0.337000020345,1],"ix":4},"o":{"a":0,"k":100,"ix":5},"r":1,"bm":0,"nm":"Fill 1","mn":"ADBE Vector Graphic - Fill","hd":false},{"ty":"tr","p":{"a":0,"k":[150.25,150.25],"ix":2},"a":{"a":0,"k":[0,0],"ix":1},"s":{"a":0,"k":[100,100],"ix":3},"r":{"a":0,"k":0,"ix":6},"o":{"a":0,"k":100,"ix":7},"sk":{"a":0,"k":0,"ix":4},"sa":{"a":0,"k":0,"ix":5},"nm":"Transform"}],"nm":"Group 1","np":2,"cix":2,"bm":0,"ix":1,"mn":"ADBE Vector Group","hd":false}],"ip":0,"op":102,"st":0,"bm":0}],"markers":[]}