{"v":"5.7.4","fr":60,"ip":60,"op":181,"w":500,"h":500,"nm":"skull 2","ddd":0,"assets":[],"layers":[{"ddd":0,"ind":1,"ty":3,"nm":"NULL CONTROL","parent":6,"sr":1,"ks":{"o":{"a":0,"k":0,"ix":11},"r":{"a":0,"k":0,"ix":10},"p":{"a":1,"k":[{"i":{"x":0,"y":1},"o":{"x":0.167,"y":0.167},"t":74,"s":[120.048,154.513,0],"to":[-1.781,0.085,0],"ti":[1.781,-0.085,0]},{"i":{"x":0.833,"y":0.833},"o":{"x":0.167,"y":0.167},"t":84,"s":[109.362,155.023,0],"to":[0,0,0],"ti":[0,0,0]},{"i":{"x":0,"y":1},"o":{"x":0.167,"y":0.167},"t":95,"s":[109.362,155.023,0],"to":[3.697,-0.133,0],"ti":[-3.697,0.133,0]},{"i":{"x":0.833,"y":0.833},"o":{"x":0.167,"y":0.167},"t":104,"s":[131.544,154.225,0],"to":[0,0,0],"ti":[0,0,0]},{"i":{"x":0,"y":1},"o":{"x":0.167,"y":0.167},"t":114,"s":[131.544,154.225,0],"to":[-2.634,0.069,0],"ti":[2.634,-0.069,0]},{"i":{"x":0.833,"y":0.833},"o":{"x":0.167,"y":0.167},"t":123,"s":[115.738,154.637,0],"to":[0,0,0],"ti":[0,0,0]},{"i":{"x":0,"y":1},"o":{"x":0.167,"y":0.167},"t":130,"s":[115.738,154.637,0],"to":[0.718,-0.021,0],"ti":[-0.718,0.021,0]},{"t":139,"s":[120.048,154.513,0]}],"ix":2,"l":2},"a":{"a":0,"k":[60,60,0],"ix":1,"l":2},"s":{"a":0,"k":[100,100,100],"ix":6,"l":2}},"ao":0,"ip":0,"op":301,"st":0,"bm":0},{"ddd":0,"ind":2,"ty":4,"nm":"skull_eyes","parent":1,"sr":1,"ks":{"o":{"a":0,"k":100,"ix":11},"r":{"a":0,"k":0,"ix":10},"p":{"a":0,"k":[60,44.112,0],"ix":2,"l":2},"a":{"a":0,"k":[80.634,21.809,0],"ix":1,"l":2},"s":{"a":0,"k":[100,100,100],"ix":6,"l":2}},"ao":0,"shapes":[{"ty":"gr","it":[{"ind":0,"ty":"sh","ix":1,"ks":{"a":0,"k":{"i":[[0,0],[0,0],[-9.771,0],[0,0]],"o":[[0,0],[-3.442,9.145],[0,0],[0,0]],"v":[[-15.314,-21.559],[-24.426,2.648],[-11.338,21.559],[27.868,21.559]],"c":true},"ix":2},"nm":"Path 1","mn":"ADBE Vector Shape - Group","hd":false},{"ty":"fl","c":{"a":0,"k":[0.4,0.395999983245,0.39199999641,1],"ix":4},"o":{"a":0,"k":100,"ix":5},"r":1,"bm":0,"nm":"Fill 1","mn":"ADBE Vector Graphic - Fill","hd":false},{"ty":"tr","p":{"a":0,"k":[28.118,21.809],"ix":2},"a":{"a":0,"k":[0,0],"ix":1},"s":{"a":0,"k":[100,100],"ix":3},"r":{"a":0,"k":0,"ix":6},"o":{"a":0,"k":100,"ix":7},"sk":{"a":0,"k":0,"ix":4},"sa":{"a":0,"k":0,"ix":5},"nm":"Transform"}],"nm":"Group 1","np":2,"cix":2,"bm":0,"ix":1,"mn":"ADBE Vector Group","hd":false},{"ty":"gr","it":[{"ind":0,"ty":"sh","ix":1,"ks":{"a":1,"k":[{"i":{"x":0,"y":1},"o":{"x":0.167,"y":0.167},"t":74,"s":[{"i":[[3.441,9.144],[0,0],[0,0],[0,0],[2.49,-2.347],[0,0],[0,0]],"o":[[0,0],[0,0],[0,0],[0,0],[0,0],[0,0],[9.773,0]],"v":[[24.427,2.649],[15.315,-21.558],[-5.299,-0.976],[-9.997,3.775],[-15.12,8.831],[-27.867,21.558],[11.337,21.558]],"c":true}]},{"i":{"x":0.833,"y":0.833},"o":{"x":0.167,"y":0.167},"t":84,"s":[{"i":[[3.441,9.144],[0,0],[0,0],[0,0],[0.68,-3.976],[0,0],[0,0]],"o":[[0,0],[0,0],[0,0],[0,0],[0,0],[0,0],[9.773,0]],"v":[[24.427,2.649],[15.315,-21.558],[-5.299,-0.976],[-13.974,-5.77],[-15.12,8.831],[-27.867,21.558],[11.337,21.558]],"c":true}]},{"i":{"x":0,"y":1},"o":{"x":0.167,"y":0.167},"t":95,"s":[{"i":[[3.441,9.144],[0,0],[0,0],[0,0],[0.68,-3.976],[0,0],[0,0]],"o":[[0,0],[0,0],[0,0],[0,0],[0,0],[0,0],[9.773,0]],"v":[[24.427,2.649],[15.315,-21.558],[-5.299,-0.976],[-13.974,-5.77],[-15.12,8.831],[-27.867,21.558],[11.337,21.558]],"c":true}]},{"t":104,"s":[{"i":[[3.441,9.144],[0,0],[0,0],[0,0],[-1.084,-9.217],[0,0],[0,0]],"o":[[0,0],[0,0],[0,0],[0,0],[0,0],[0,0],[9.773,0]],"v":[[24.427,2.649],[15.315,-21.558],[-5.299,-0.976],[-17.965,-13.642],[-15.12,8.831],[-27.867,21.558],[11.337,21.558]],"c":true}]}],"ix":2},"nm":"Path 1","mn":"ADBE Vector Shape - Group","hd":false},{"ty":"fl","c":{"a":0,"k":[0.4,0.395999983245,0.39199999641,1],"ix":4},"o":{"a":0,"k":100,"ix":5},"r":1,"bm":0,"nm":"Fill 1","mn":"ADBE Vector Graphic - Fill","hd":false},{"ty":"tr","p":{"a":0,"k":[133.15,21.808],"ix":2},"a":{"a":0,"k":[0,0],"ix":1},"s":{"a":0,"k":[100,100],"ix":3},"r":{"a":0,"k":0,"ix":6},"o":{"a":0,"k":100,"ix":7},"sk":{"a":0,"k":0,"ix":4},"sa":{"a":0,"k":0,"ix":5},"nm":"Transform"}],"nm":"Group 2","np":2,"cix":2,"bm":0,"ix":2,"mn":"ADBE Vector Group","hd":false}],"ip":0,"op":301,"st":0,"bm":0},{"ddd":0,"ind":3,"ty":4,"nm":"skull_nose","parent":1,"sr":1,"ks":{"o":{"a":0,"k":100,"ix":11},"r":{"a":0,"k":0,"ix":10},"p":{"a":0,"k":[60,75.887,0],"ix":2,"l":2},"a":{"a":0,"k":[15.896,19.416,0],"ix":1,"l":2},"s":{"a":0,"k":[100,100,100],"ix":6,"l":2}},"ao":0,"shapes":[{"ty":"gr","it":[{"ind":0,"ty":"sh","ix":1,"ks":{"a":0,"k":{"i":[[0,0],[0,0],[0,0],[0,0],[0,0],[0,0]],"o":[[0,0],[0,0],[0,0],[0,0],[0,0],[0,0]],"v":[[0,-19.167],[7.823,-0.001],[15.646,19.167],[0,19.167],[-15.646,19.167],[-7.823,-0.001]],"c":true},"ix":2},"nm":"Path 1","mn":"ADBE Vector Shape - Group","hd":false},{"ty":"fl","c":{"a":0,"k":[0.4,0.395999983245,0.39199999641,1],"ix":4},"o":{"a":0,"k":100,"ix":5},"r":1,"bm":0,"nm":"Fill 1","mn":"ADBE Vector Graphic - Fill","hd":false},{"ty":"tr","p":{"a":0,"k":[15.896,19.417],"ix":2},"a":{"a":0,"k":[0,0],"ix":1},"s":{"a":0,"k":[100,100],"ix":3},"r":{"a":0,"k":0,"ix":6},"o":{"a":0,"k":100,"ix":7},"sk":{"a":0,"k":0,"ix":4},"sa":{"a":0,"k":0,"ix":5},"nm":"Transform"}],"nm":"Group 1","np":2,"cix":2,"bm":0,"ix":1,"mn":"ADBE Vector Group","hd":false}],"ip":0,"op":301,"st":0,"bm":0},{"ddd":0,"ind":4,"ty":4,"nm":"skull_sides","parent":6,"sr":1,"ks":{"o":{"a":0,"k":100,"ix":11},"r":{"a":0,"k":0,"ix":10},"p":{"a":0,"k":[119.757,128.676,0],"ix":2,"l":2},"a":{"a":0,"k":[109.618,30.958,0],"ix":1,"l":2},"s":{"a":0,"k":[100,100,100],"ix":6,"l":2}},"ao":0,"shapes":[{"ty":"gr","it":[{"ind":0,"ty":"sh","ix":1,"ks":{"a":0,"k":{"i":[[0,0],[0,0],[0,0]],"o":[[0,0],[0,0],[33.452,0.348]],"v":[[6.309,5.057],[-3.445,30.708],[-16.726,-30.708]],"c":true},"ix":2},"nm":"Path 1","mn":"ADBE Vector Shape - Group","hd":false},{"ty":"fl","c":{"a":0,"k":[0.905999995213,0.902000038297,0.898000021542,1],"ix":4},"o":{"a":0,"k":100,"ix":5},"r":1,"bm":0,"nm":"Fill 1","mn":"ADBE Vector Graphic - Fill","hd":false},{"ty":"tr","p":{"a":0,"k":[16.976,30.958],"ix":2},"a":{"a":0,"k":[0,0],"ix":1},"s":{"a":0,"k":[100,100],"ix":3},"r":{"a":0,"k":0,"ix":6},"o":{"a":0,"k":100,"ix":7},"sk":{"a":0,"k":0,"ix":4},"sa":{"a":0,"k":0,"ix":5},"nm":"Transform"}],"nm":"Group 1","np":2,"cix":2,"bm":0,"ix":1,"mn":"ADBE Vector Group","hd":false},{"ty":"gr","it":[{"ind":0,"ty":"sh","ix":1,"ks":{"a":0,"k":{"i":[[0,0],[0,0],[0,0]],"o":[[0,0],[0,0],[-33.451,0.348]],"v":[[-6.309,5.057],[3.445,30.708],[16.725,-30.708]],"c":true},"ix":2},"nm":"Path 1","mn":"ADBE Vector Shape - Group","hd":false},{"ty":"fl","c":{"a":0,"k":[0.905999995213,0.902000038297,0.898000021542,1],"ix":4},"o":{"a":0,"k":100,"ix":5},"r":1,"bm":0,"nm":"Fill 1","mn":"ADBE Vector Graphic - Fill","hd":false},{"ty":"tr","p":{"a":0,"k":[202.26,30.958],"ix":2},"a":{"a":0,"k":[0,0],"ix":1},"s":{"a":0,"k":[100,100],"ix":3},"r":{"a":0,"k":0,"ix":6},"o":{"a":0,"k":100,"ix":7},"sk":{"a":0,"k":0,"ix":4},"sa":{"a":0,"k":0,"ix":5},"nm":"Transform"}],"nm":"Group 2","np":2,"cix":2,"bm":0,"ix":2,"mn":"ADBE Vector Group","hd":false}],"ip":0,"op":301,"st":0,"bm":0},{"ddd":0,"ind":5,"ty":4,"nm":"skull_broken","parent":6,"sr":1,"ks":{"o":{"a":0,"k":100,"ix":11},"r":{"a":0,"k":0,"ix":10},"p":{"a":0,"k":[115.354,28.733,0],"ix":2,"l":2},"a":{"a":0,"k":[22.028,24.416,0],"ix":1,"l":2},"s":{"a":0,"k":[100,100,100],"ix":6,"l":2}},"ao":0,"shapes":[{"ty":"gr","it":[{"ind":0,"ty":"sh","ix":1,"ks":{"a":1,"k":[{"i":{"x":0,"y":1},"o":{"x":0.167,"y":0.167},"t":74,"s":[{"i":[[0,0],[0,0],[0,0],[0,0],[0,0]],"o":[[0,0],[0,0],[0,0],[0,0],[0,0]],"v":[[-13.222,-24.167],[-21.778,-19.374],[7.011,-21.057],[16.02,-20.106],[26.323,-22.803]],"c":true}]},{"i":{"x":0.833,"y":0.833},"o":{"x":0.167,"y":0.167},"t":84,"s":[{"i":[[0,0],[0,0],[0,0],[0,0],[0,0]],"o":[[0,0],[0,0],[0,0],[0,0],[0,0]],"v":[[-13.222,-24.167],[-21.778,-19.374],[8.375,-17.421],[5.111,-12.833],[21.778,-19.167]],"c":true}]},{"i":{"x":0,"y":1},"o":{"x":0.167,"y":0.167},"t":95,"s":[{"i":[[0,0],[0,0],[0,0],[0,0],[0,0]],"o":[[0,0],[0,0],[0,0],[0,0],[0,0]],"v":[[-13.222,-24.167],[-21.778,-19.374],[8.375,-17.421],[5.111,-12.833],[21.778,-19.167]],"c":true}]},{"i":{"x":0.833,"y":0.833},"o":{"x":0.167,"y":0.167},"t":104,"s":[{"i":[[0,0],[0,0],[0,0],[0,0],[0,0]],"o":[[0,0],[0,0],[0,0],[0,0],[0,0]],"v":[[-13.222,-24.167],[-21.778,-19.374],[0.569,2.295],[-4.114,-13.753],[21.778,-19.167]],"c":true}]},{"i":{"x":0,"y":1},"o":{"x":0.167,"y":0.167},"t":114,"s":[{"i":[[0,0],[0,0],[0,0],[0,0],[0,0]],"o":[[0,0],[0,0],[0,0],[0,0],[0,0]],"v":[[-13.222,-24.167],[-21.778,-19.374],[0.569,2.295],[-4.114,-13.753],[21.778,-19.167]],"c":true}]},{"t":123,"s":[{"i":[[0,0],[0,0],[0,0],[0,0],[0,0]],"o":[[0,0],[0,0],[0,0],[0,0],[0,0]],"v":[[-13.222,-24.167],[-21.778,-19.374],[7.499,9.167],[5.111,-12.833],[21.778,-19.167]],"c":true}]}],"ix":2},"nm":"Path 1","mn":"ADBE Vector Shape - Group","hd":false},{"ty":"fl","c":{"a":0,"k":[0.745000023935,0.741000007181,0.725,1],"ix":4},"o":{"a":0,"k":100,"ix":5},"r":1,"bm":0,"nm":"Fill 1","mn":"ADBE Vector Graphic - Fill","hd":false},{"ty":"tr","p":{"a":0,"k":[22.028,24.417],"ix":2},"a":{"a":0,"k":[0,0],"ix":1},"s":{"a":0,"k":[100,100],"ix":3},"r":{"a":0,"k":0,"ix":6},"o":{"a":0,"k":100,"ix":7},"sk":{"a":0,"k":0,"ix":4},"sa":{"a":0,"k":0,"ix":5},"nm":"Transform"}],"nm":"Group 1","np":2,"cix":2,"bm":0,"ix":1,"mn":"ADBE Vector Group","hd":false}],"ip":0,"op":301,"st":0,"bm":0},{"ddd":0,"ind":6,"ty":4,"nm":"skull","sr":1,"ks":{"o":{"a":0,"k":100,"ix":11},"r":{"a":1,"k":[{"i":{"x":[0],"y":[1]},"o":{"x":[0.167],"y":[0.167]},"t":74,"s":[0]},{"i":{"x":[0.833],"y":[1]},"o":{"x":[0.167],"y":[0]},"t":84,"s":[15]},{"i":{"x":[0],"y":[1]},"o":{"x":[0.167],"y":[0.167]},"t":95,"s":[15]},{"i":{"x":[0.833],"y":[1]},"o":{"x":[0.167],"y":[0]},"t":104,"s":[-17]},{"i":{"x":[0],"y":[1]},"o":{"x":[0.167],"y":[0.167]},"t":114,"s":[-17]},{"i":{"x":[0],"y":[1]},"o":{"x":[0.167],"y":[0]},"t":123,"s":[8]},{"i":{"x":[0.833],"y":[1]},"o":{"x":[0.167],"y":[0]},"t":130,"s":[8]},{"t":139,"s":[0]}],"ix":10},"p":{"a":0,"k":[243.001,251.967,0],"ix":2,"l":2},"a":{"a":0,"k":[120.05,115.533,0],"ix":1,"l":2},"s":{"a":1,"k":[{"i":{"x":[0,0,0],"y":[1,1,1]},"o":{"x":[0.167,0.167,0.167],"y":[0.167,0.167,-0.833]},"t":114,"s":[110,110,100]},{"i":{"x":[0,0,0],"y":[1,1,1]},"o":{"x":[0.167,0.167,0.167],"y":[0,0,0]},"t":123,"s":[105,105,100]},{"i":{"x":[0.833,0.833,0.833],"y":[1,1,1]},"o":{"x":[0.167,0.167,0.167],"y":[0,0,0]},"t":130,"s":[105,105,100]},{"t":139,"s":[100,100,100]}],"ix":6,"l":2}},"ao":0,"shapes":[{"ty":"gr","it":[{"ind":0,"ty":"sh","ix":1,"ks":{"a":0,"k":{"i":[[60.713,1.042],[0,0],[0.075,-0.002],[0.074,0.001],[0,0],[0,-41.789],[0,0],[-34.066,-1.351],[0,0],[0,0],[0,0],[0,0],[0,0],[0,0],[0,0],[0,0],[0,0],[0,0],[0,0],[0,30.651],[0,0]],"o":[[0,0],[-0.074,0.001],[-0.074,-0.002],[0,0],[-60.713,1.042],[0,0],[0,30.651],[0,0],[0,0],[0,0],[0,0],[0,0],[0,0],[0,0],[0,0],[0,0],[0,0],[0,0],[34.066,-1.351],[0,0],[0,-41.789]],"v":[[0.22,-105.263],[0.22,-105.287],[0,-105.275],[-0.22,-105.287],[-0.22,-105.263],[-109.803,-20.243],[-96.212,42.606],[-42.79,81.221],[-42.79,93.203],[-19.565,105.287],[-19.565,95.287],[-11.613,95.287],[-11.613,105.287],[11.613,105.287],[11.613,95.287],[19.565,95.287],[19.565,105.287],[42.791,105.287],[42.791,81.221],[96.211,42.606],[109.803,-20.243]],"c":true},"ix":2},"nm":"Path 1","mn":"ADBE Vector Shape - Group","hd":false},{"ty":"fl","c":{"a":0,"k":[0.976000019148,0.976000019148,0.976000019148,1],"ix":4},"o":{"a":0,"k":100,"ix":5},"r":1,"bm":0,"nm":"Fill 1","mn":"ADBE Vector Graphic - Fill","hd":false},{"ty":"tr","p":{"a":0,"k":[120.048,115.529],"ix":2},"a":{"a":0,"k":[0,0],"ix":1},"s":{"a":0,"k":[100,100],"ix":3},"r":{"a":0,"k":0,"ix":6},"o":{"a":0,"k":100,"ix":7},"sk":{"a":0,"k":0,"ix":4},"sa":{"a":0,"k":0,"ix":5},"nm":"Transform"}],"nm":"Group 1","np":2,"cix":2,"bm":0,"ix":1,"mn":"ADBE Vector Group","hd":false},{"ty":"gr","it":[{"ind":0,"ty":"sh","ix":1,"ks":{"a":0,"k":{"i":[[0,0],[-24.299,0.478],[-0.234,0],[-19.472,-11.045],[-13.175,-13.979],[0,-18.435],[0.146,-0.684],[0,0],[4.094,-7.083],[0,0],[3.24,-0.242],[0,0],[5.527,0],[0,0],[1.22,0.53],[1.417,0],[0,0],[1.22,0.53],[1.417,0],[0,0],[0,0],[0,0],[3.136,0.484],[11.062,17.458],[0.147,11.027],[0,0],[0,0.703],[-13.218,14.844]],"o":[[19.312,-10.972],[0.244,-0.02],[24.595,0.427],[0,0],[13.639,14.473],[0,0.703],[0,0],[-0.143,10.566],[-9.377,16.225],[-2.832,0.4],[0,0],[0,5.528],[0,0],[-1.418,0],[-1.221,0.53],[0,0],[-1.417,0],[-1.221,0.53],[0,0],[0,0],[0,0],[-3.264,-0.279],[0,0],[-4.177,-6.592],[0,0],[-0.146,-0.684],[0,-18.442],[9.013,-10.121]],"v":[[-67.446,-96.988],[-0.727,-115.263],[-0.005,-115.283],[67.404,-96.949],[99.046,-71.438],[119.8,-20.244],[119.575,-18.134],[106.196,43.721],[99.388,69.847],[61.989,89.601],[53.283,90.738],[53.283,105.283],[43.283,115.283],[20.06,115.283],[16.086,114.445],[12.111,115.283],[-11.122,115.283],[-15.096,114.445],[-19.071,115.283],[-23.686,115.283],[-52.294,99.54],[-52.294,90.658],[-61.888,89.496],[-99.045,69.5],[-106.206,43.701],[-119.575,-18.134],[-119.8,-20.244],[-99.065,-71.452]],"c":true},"ix":2},"nm":"Path 1","mn":"ADBE Vector Shape - Group","hd":false},{"ty":"fl","c":{"a":0,"k":[0.745000023935,0.741000007181,0.725,1],"ix":4},"o":{"a":0,"k":100,"ix":5},"r":1,"bm":0,"nm":"Fill 1","mn":"ADBE Vector Graphic - Fill","hd":false},{"ty":"tr","p":{"a":0,"k":[120.05,115.533],"ix":2},"a":{"a":0,"k":[0,0],"ix":1},"s":{"a":0,"k":[100,100],"ix":3},"r":{"a":0,"k":0,"ix":6},"o":{"a":0,"k":100,"ix":7},"sk":{"a":0,"k":0,"ix":4},"sa":{"a":0,"k":0,"ix":5},"nm":"Transform"}],"nm":"Group 2","np":2,"cix":2,"bm":0,"ix":2,"mn":"ADBE Vector Group","hd":false}],"ip":0,"op":301,"st":0,"bm":0},{"ddd":0,"ind":7,"ty":4,"nm":"skull_bone1","sr":1,"ks":{"o":{"a":0,"k":100,"ix":11},"r":{"a":1,"k":[{"i":{"x":[0],"y":[1]},"o":{"x":[0.167],"y":[0.167]},"t":114,"s":[0]},{"i":{"x":[0.833],"y":[1]},"o":{"x":[0.167],"y":[0]},"t":123,"s":[8]},{"i":{"x":[0],"y":[1]},"o":{"x":[0.167],"y":[0.167]},"t":130,"s":[8]},{"t":139,"s":[0]}],"ix":10},"p":{"a":0,"k":[243,261,0],"ix":2,"l":2},"a":{"a":0,"k":[150.25,150.25,0],"ix":1,"l":2},"s":{"a":1,"k":[{"i":{"x":[0,0,0],"y":[1,1,1]},"o":{"x":[0.167,0.167,0.167],"y":[0.167,0.167,16.667]},"t":95,"s":[0,0,100]},{"t":104,"s":[100,100,100]}],"ix":6,"l":2}},"ao":0,"shapes":[{"ty":"gr","it":[{"ind":0,"ty":"sh","ix":1,"ks":{"a":0,"k":{"i":[[0,0],[0,-3.514],[10.549,0],[0,0],[0,0],[0,0],[0,0],[0,0],[0,0],[0,10.013],[-10.55,0],[-2.828,-1.654],[0,0],[0,3.513],[-10.549,0],[0,0],[0,0],[0,-6.94],[10.55,0],[2.829,1.654]],"o":[[1.654,2.829],[0,10.551],[-9.778,0],[0,0],[0,0],[0,0],[0,0],[0,0],[0,0],[0,-10.55],[3.513,0],[0,0],[-1.654,-2.828],[0,-10.549],[8.891,0],[0,0],[8.613,6.98],[0,10.55],[-3.514,0],[0,0]],"v":[[-92.871,121.446],[-90.011,130.897],[-109.112,150],[-124.792,137.916],[-116.458,132.5],[-113.874,118.834],[-114.526,118.182],[-121.738,126.235],[-132.412,127.909],[-150,109.112],[-130.898,90.009],[-121.448,92.87],[92.87,-121.448],[90.01,-130.899],[109.112,-150],[127.271,-135.574],[127.245,-135.514],[150,-109.113],[130.898,-90.011],[121.446,-92.871]],"c":true},"ix":2},"nm":"Path 1","mn":"ADBE Vector Shape - Group","hd":false},{"ty":"fl","c":{"a":0,"k":[0.745000023935,0.741000007181,0.725,1],"ix":4},"o":{"a":0,"k":100,"ix":5},"r":1,"bm":0,"nm":"Fill 1","mn":"ADBE Vector Graphic - Fill","hd":false},{"ty":"tr","p":{"a":0,"k":[150.25,150.25],"ix":2},"a":{"a":0,"k":[0,0],"ix":1},"s":{"a":0,"k":[100,100],"ix":3},"r":{"a":0,"k":0,"ix":6},"o":{"a":0,"k":100,"ix":7},"sk":{"a":0,"k":0,"ix":4},"sa":{"a":0,"k":0,"ix":5},"nm":"Transform"}],"nm":"Group 1","np":2,"cix":2,"bm":0,"ix":1,"mn":"ADBE Vector Group","hd":false}],"ip":35,"op":336,"st":35,"bm":0},{"ddd":0,"ind":8,"ty":4,"nm":"skull_bone2","sr":1,"ks":{"o":{"a":0,"k":100,"ix":11},"r":{"a":1,"k":[{"i":{"x":[0],"y":[1]},"o":{"x":[0.167],"y":[0.167]},"t":95,"s":[0]},{"i":{"x":[0.833],"y":[1]},"o":{"x":[0.165],"y":[0]},"t":104,"s":[-12]},{"i":{"x":[0.831],"y":[1]},"o":{"x":[0.167],"y":[0.167]},"t":114,"s":[-12]},{"i":{"x":[0.831],"y":[1]},"o":{"x":[0.167],"y":[0]},"t":123,"s":[2]},{"i":{"x":[0],"y":[1]},"o":{"x":[0.167],"y":[0]},"t":130,"s":[2]},{"t":139,"s":[0]}],"ix":10},"p":{"a":0,"k":[243,261,0],"ix":2,"l":2},"a":{"a":0,"k":[150.25,150.25,0],"ix":1,"l":2},"s":{"a":1,"k":[{"i":{"x":[0,0,0],"y":[1,1,1]},"o":{"x":[0.167,0.167,0.167],"y":[0.167,0.167,16.667]},"t":74,"s":[0,0,100]},{"t":84,"s":[100,100,100]}],"ix":6,"l":2}},"ao":0,"shapes":[{"ty":"gr","it":[{"ind":0,"ty":"sh","ix":1,"ks":{"a":0,"k":{"i":[[0,0],[0,3.514],[10.549,0],[0,0],[0,0],[0,0],[0,0],[0,-10.549],[-10.55,0],[-2.828,1.654],[0,0],[0,-3.512],[-10.549,0],[0,0],[0,0],[0,0],[0,9.587],[10.55,0],[2.829,-1.654]],"o":[[1.654,-2.828],[0,-10.549],[-8.023,0],[0,0],[0,0],[0,0],[0,0],[0,10.55],[3.512,0],[0,0],[-1.654,2.828],[0,10.551],[10.331,0],[0,0],[0,0],[9.205,-1.369],[0,-10.55],[-3.514,0],[0,0]],"v":[[-92.871,-121.448],[-90.011,-130.899],[-109.112,-150],[-126.776,-138.024],[-125.372,-119.649],[-126.522,-118.499],[-135.625,-125.418],[-150,-109.113],[-130.898,-90.011],[-121.449,-92.871],[92.87,121.448],[90.01,130.897],[109.112,150],[129.791,131.562],[125.721,121.16],[133.613,127.666],[150,109.112],[130.898,90.01],[121.446,92.87]],"c":true},"ix":2},"nm":"Path 1","mn":"ADBE Vector Shape - Group","hd":false},{"ty":"fl","c":{"a":0,"k":[0.745000023935,0.741000007181,0.725,1],"ix":4},"o":{"a":0,"k":100,"ix":5},"r":1,"bm":0,"nm":"Fill 1","mn":"ADBE Vector Graphic - Fill","hd":false},{"ty":"tr","p":{"a":0,"k":[150.25,150.25],"ix":2},"a":{"a":0,"k":[0,0],"ix":1},"s":{"a":0,"k":[100,100],"ix":3},"r":{"a":0,"k":0,"ix":6},"o":{"a":0,"k":100,"ix":7},"sk":{"a":0,"k":0,"ix":4},"sa":{"a":0,"k":0,"ix":5},"nm":"Transform"}],"nm":"Group 1","np":2,"cix":2,"bm":0,"ix":1,"mn":"ADBE Vector Group","hd":false}],"ip":14,"op":315,"st":14,"bm":0}],"markers":[]}