{"v":"5.7.6","fr":60,"ip":0,"op":120,"w":500,"h":500,"nm":"Fist","ddd":0,"assets":[],"layers":[{"ddd":0,"ind":1,"ty":4,"nm":"Layer 7","sr":1,"ks":{"o":{"a":1,"k":[{"i":{"x":[0.667],"y":[1]},"o":{"x":[0.333],"y":[0]},"t":50,"s":[100]},{"i":{"x":[0.833],"y":[0.833]},"o":{"x":[0.333],"y":[0]},"t":64,"s":[100]},{"t":75,"s":[0]}],"ix":11},"r":{"a":0,"k":0,"ix":10},"p":{"a":1,"k":[{"i":{"x":0.667,"y":1},"o":{"x":0.333,"y":0},"t":50,"s":[263.423,170.068,0],"to":[16.667,-15,0],"ti":[-16.667,15,0]},{"t":64,"s":[363.423,80.068,0]}],"ix":2,"l":2},"a":{"a":0,"k":[0,0,0],"ix":1,"l":2},"s":{"a":1,"k":[{"i":{"x":[0.667,0.667,0.667],"y":[1,1,1]},"o":{"x":[0.333,0.333,0.333],"y":[0,0,0]},"t":50,"s":[0,0,100]},{"t":64,"s":[128,128,100]}],"ix":6,"l":2}},"ao":0,"shapes":[{"ty":"gr","it":[{"ind":0,"ty":"sh","ix":1,"ks":{"a":0,"k":{"i":[[0,0],[0,0],[0,0]],"o":[[0,0],[0,0],[0,0]],"v":[[8.899,-27.169],[31.789,3.582],[-31.789,27.169]],"c":true},"ix":2},"nm":"Path 1","mn":"ADBE Vector Shape - Group","hd":false},{"ty":"fl","c":{"a":0,"k":[0,0.588235318661,0.776470601559,1],"ix":4},"o":{"a":0,"k":100,"ix":5},"r":1,"bm":0,"nm":"Fill 1","mn":"ADBE Vector Graphic - Fill","hd":false},{"ty":"tr","p":{"a":0,"k":[0,0],"ix":2},"a":{"a":0,"k":[0,0],"ix":1},"s":{"a":0,"k":[100,100],"ix":3},"r":{"a":0,"k":0,"ix":6},"o":{"a":0,"k":100,"ix":7},"sk":{"a":0,"k":0,"ix":4},"sa":{"a":0,"k":0,"ix":5},"nm":"Transform"}],"nm":"Group 1","np":2,"cix":2,"bm":0,"ix":1,"mn":"ADBE Vector Group","hd":false}],"ip":41,"op":171,"st":-37,"bm":0},{"ddd":0,"ind":2,"ty":4,"nm":"Layer 6","sr":1,"ks":{"o":{"a":1,"k":[{"i":{"x":[0.667],"y":[1]},"o":{"x":[0.333],"y":[0]},"t":50,"s":[100]},{"i":{"x":[0.833],"y":[0.833]},"o":{"x":[0.333],"y":[0]},"t":64,"s":[100]},{"t":75,"s":[0]}],"ix":11},"r":{"a":0,"k":0,"ix":10},"p":{"a":1,"k":[{"i":{"x":0.667,"y":1},"o":{"x":0.333,"y":0},"t":50,"s":[259.375,170.068,0],"to":[-16.667,-15,0],"ti":[16.667,15,0]},{"t":64,"s":[159.375,80.068,0]}],"ix":2,"l":2},"a":{"a":0,"k":[0,0,0],"ix":1,"l":2},"s":{"a":1,"k":[{"i":{"x":[0.667,0.667,0.667],"y":[1,1,1]},"o":{"x":[0.333,0.333,0.333],"y":[0,0,0]},"t":50,"s":[0,0,100]},{"t":64,"s":[128,128,100]}],"ix":6,"l":2}},"ao":0,"shapes":[{"ty":"gr","it":[{"ind":0,"ty":"sh","ix":1,"ks":{"a":0,"k":{"i":[[0,0],[0,0],[0,0]],"o":[[0,0],[0,0],[0,0]],"v":[[-31.784,3.582],[-8.923,-27.169],[31.784,27.169]],"c":true},"ix":2},"nm":"Path 1","mn":"ADBE Vector Shape - Group","hd":false},{"ty":"fl","c":{"a":0,"k":[0,0.588235318661,0.776470601559,1],"ix":4},"o":{"a":0,"k":100,"ix":5},"r":1,"bm":0,"nm":"Fill 1","mn":"ADBE Vector Graphic - Fill","hd":false},{"ty":"tr","p":{"a":0,"k":[0,0],"ix":2},"a":{"a":0,"k":[0,0],"ix":1},"s":{"a":0,"k":[100,100],"ix":3},"r":{"a":0,"k":0,"ix":6},"o":{"a":0,"k":100,"ix":7},"sk":{"a":0,"k":0,"ix":4},"sa":{"a":0,"k":0,"ix":5},"nm":"Transform"}],"nm":"Group 1","np":2,"cix":2,"bm":0,"ix":1,"mn":"ADBE Vector Group","hd":false}],"ip":41,"op":171,"st":-37,"bm":0},{"ddd":0,"ind":3,"ty":4,"nm":"Layer 1","sr":1,"ks":{"o":{"a":1,"k":[{"i":{"x":[0.667],"y":[1]},"o":{"x":[0.333],"y":[0]},"t":50,"s":[100]},{"i":{"x":[0.833],"y":[0.833]},"o":{"x":[0.333],"y":[0]},"t":64,"s":[100]},{"t":75,"s":[0]}],"ix":11},"r":{"a":0,"k":0,"ix":10},"p":{"a":1,"k":[{"i":{"x":0.667,"y":1},"o":{"x":0.333,"y":0},"t":50,"s":[262.689,178.229,0],"to":[0,-21.5,0],"ti":[0,21.5,0]},{"t":64,"s":[262.689,49.229,0]}],"ix":2,"l":2},"a":{"a":0,"k":[0,0,0],"ix":1,"l":2},"s":{"a":1,"k":[{"i":{"x":[0.667,0.667,0.667],"y":[1,1,1]},"o":{"x":[0.333,0.333,0.333],"y":[0,0,0]},"t":50,"s":[0,0,100]},{"t":64,"s":[128,128,100]}],"ix":6,"l":2}},"ao":0,"shapes":[{"ty":"gr","it":[{"ind":0,"ty":"sh","ix":1,"ks":{"a":0,"k":{"i":[[0,0],[0,0],[0,0]],"o":[[0,0],[0,0],[0,0]],"v":[[-19.133,-32.605],[19.133,-32.605],[0,32.605]],"c":true},"ix":2},"nm":"Path 1","mn":"ADBE Vector Shape - Group","hd":false},{"ty":"fl","c":{"a":0,"k":[0,0.588235318661,0.776470601559,1],"ix":4},"o":{"a":0,"k":100,"ix":5},"r":1,"bm":0,"nm":"Fill 1","mn":"ADBE Vector Graphic - Fill","hd":false},{"ty":"tr","p":{"a":0,"k":[0,0],"ix":2},"a":{"a":0,"k":[0,0],"ix":1},"s":{"a":0,"k":[100,100],"ix":3},"r":{"a":0,"k":0,"ix":6},"o":{"a":0,"k":100,"ix":7},"sk":{"a":0,"k":0,"ix":4},"sa":{"a":0,"k":0,"ix":5},"nm":"Transform"}],"nm":"Group 1","np":2,"cix":2,"bm":0,"ix":1,"mn":"ADBE Vector Group","hd":false}],"ip":41,"op":171,"st":-37,"bm":0},{"ddd":0,"ind":4,"ty":4,"nm":"Layer 3","parent":5,"sr":1,"ks":{"o":{"a":1,"k":[{"i":{"x":[0.667],"y":[1]},"o":{"x":[0.333],"y":[0]},"t":32,"s":[100]},{"i":{"x":[0.667],"y":[1]},"o":{"x":[0.333],"y":[0]},"t":33,"s":[0]},{"t":34,"s":[100]}],"ix":11},"r":{"a":0,"k":0,"ix":10},"p":{"a":0,"k":[-6.537,-3.394,0],"ix":2,"l":2},"a":{"a":0,"k":[0,0,0],"ix":1,"l":2},"s":{"a":0,"k":[100,100,100],"ix":6,"l":2}},"ao":0,"shapes":[{"ty":"gr","it":[{"ind":0,"ty":"sh","ix":1,"ks":{"a":0,"k":{"i":[[-12.373,-5.332],[-13.756,-6.305],[0,0],[-17.18,-7.518],[-25.024,-15.193],[-1.878,-0.783],[0,0],[0,0],[0,0],[-0.413,0.239],[1.145,-1.027],[-45.036,-5.346],[0,0],[1.512,-0.437],[-16.936,-15.586],[0,0],[8.065,1.367],[0,0],[0.682,-1.592],[0.179,-0.078],[-23.464,-10.949],[-1.904,-0.513],[-8.012,0.128],[0,0],[2.269,9.774],[0,0],[5.952,3.868],[0,0],[0,0],[64.094,6.195],[0,0],[32.083,13.854],[0.967,0.494],[0,0],[5.576,-0.738],[0,0],[0,0]],"o":[[0.359,-14.242],[17.5,8.021],[10.611,15.463],[12.283,5.376],[1.475,0.538],[21.146,0.729],[-34.295,-18.742],[24.306,-27.223],[0.423,-0.244],[-1.213,1.01],[-7.21,8.153],[2.754,0.326],[-1.621,0.262],[-4.321,5.311],[7.342,3.62],[0,0],[-26.253,-6.941],[-16.986,-10.532],[-0.184,0.07],[-0.748,8.981],[1.708,0.574],[14.082,2.555],[0,0],[9.805,-2.123],[0,0],[-1.678,-7.22],[0,0],[0,0],[0,0],[0,0],[-40.254,-2.746],[-1.396,-0.558],[0,0],[-5.581,-0.698],[0,0],[0,0],[32.363,-6.11]],"v":[[-103.432,-3.383],[-109.257,-35.606],[-70.091,33.028],[-27.572,68.188],[49.152,111.956],[54.077,113.873],[76.413,82.493],[19.806,-1.335],[106.82,-39.739],[107.923,-40.384],[104.55,-37.3],[122.749,2.835],[127.246,3.588],[122.626,4.766],[123.591,43.306],[136.853,49.291],[122.892,48.274],[86.889,26.738],[63.695,28.976],[63.181,29.25],[86.556,73.524],[91.983,75.148],[134.983,77.576],[154.287,73.345],[167.994,51.709],[158.751,-59.962],[146.533,-76.87],[146.379,-77.327],[145.277,-78.01],[72.383,-91.383],[42.56,-93.868],[-108.528,-110.711],[-111.477,-112.2],[-120.899,-113.377],[-137.703,-113.317],[-168.463,-109.248],[-168.463,-6.323]],"c":true},"ix":2},"nm":"Path 1","mn":"ADBE Vector Shape - Group","hd":false},{"ty":"fl","c":{"a":0,"k":[0.984313726425,0.819607853889,0.337254911661,1],"ix":4},"o":{"a":0,"k":100,"ix":5},"r":1,"bm":0,"nm":"Fill 1","mn":"ADBE Vector Graphic - Fill","hd":false},{"ty":"tr","p":{"a":0,"k":[0,0],"ix":2},"a":{"a":0,"k":[0,0],"ix":1},"s":{"a":0,"k":[100,100],"ix":3},"r":{"a":0,"k":0,"ix":6},"o":{"a":0,"k":100,"ix":7},"sk":{"a":0,"k":0,"ix":4},"sa":{"a":0,"k":0,"ix":5},"nm":"Transform"}],"nm":"Group 1","np":2,"cix":2,"bm":0,"ix":1,"mn":"ADBE Vector Group","hd":false}],"ip":0,"op":180,"st":0,"bm":0},{"ddd":0,"ind":5,"ty":4,"nm":"Layer 2","sr":1,"ks":{"o":{"a":1,"k":[{"i":{"x":[0.667],"y":[1]},"o":{"x":[0.333],"y":[0]},"t":32,"s":[100]},{"i":{"x":[0.667],"y":[1]},"o":{"x":[0.333],"y":[0]},"t":33,"s":[0]},{"t":34,"s":[100]}],"ix":11},"r":{"a":1,"k":[{"i":{"x":[0.667],"y":[1]},"o":{"x":[0.167],"y":[0.167]},"t":0,"s":[0]},{"i":{"x":[0.667],"y":[1]},"o":{"x":[0.333],"y":[0]},"t":20,"s":[-13]},{"i":{"x":[0.667],"y":[1]},"o":{"x":[0.333],"y":[0]},"t":32,"s":[0]},{"i":{"x":[0.667],"y":[1]},"o":{"x":[0.333],"y":[0]},"t":50,"s":[0]},{"i":{"x":[0.667],"y":[1]},"o":{"x":[0.333],"y":[0]},"t":53,"s":[3]},{"i":{"x":[0.667],"y":[1]},"o":{"x":[0.333],"y":[0]},"t":68,"s":[-24]},{"i":{"x":[0.833],"y":[1]},"o":{"x":[0.333],"y":[0]},"t":85,"s":[0]},{"t":120,"s":[0]}],"ix":10},"p":{"a":1,"k":[{"i":{"x":0.667,"y":1},"o":{"x":0.167,"y":0.167},"t":0,"s":[76,281,0],"to":[0,0,0],"ti":[0,0,0]},{"i":{"x":0.667,"y":1},"o":{"x":0.333,"y":0},"t":20,"s":[46,281,0],"to":[0,0,0],"ti":[0,0,0]},{"i":{"x":0.667,"y":1},"o":{"x":0.333,"y":0},"t":32,"s":[512,281,0],"to":[0,0,0],"ti":[0,0,0]},{"i":{"x":0.667,"y":1},"o":{"x":0.333,"y":0},"t":34,"s":[-357.908,281,0],"to":[0,0,0],"ti":[0,0,0]},{"i":{"x":0.667,"y":0.885},"o":{"x":0.333,"y":0},"t":50,"s":[-74,281,0],"to":[0,0,0],"ti":[0,0,0]},{"i":{"x":0.667,"y":1},"o":{"x":0.333,"y":0.273},"t":53,"s":[-95.642,284.707,0],"to":[0,0,0],"ti":[0,0,0]},{"i":{"x":0.667,"y":1},"o":{"x":0.333,"y":0},"t":68,"s":[-96.143,331,0],"to":[0,0,0],"ti":[0,0,0]},{"i":{"x":0.667,"y":1},"o":{"x":0.333,"y":0},"t":85,"s":[-364,281,0],"to":[0,0,0],"ti":[0,0,0]},{"i":{"x":0.833,"y":0.833},"o":{"x":0.333,"y":0},"t":100,"s":[-357.908,281,0],"to":[0,0,0],"ti":[0,0,0]},{"i":{"x":0.833,"y":0.833},"o":{"x":0.167,"y":0.167},"t":114,"s":[115.825,281,0],"to":[0,0,0],"ti":[0,0,0]},{"t":120,"s":[76,281,0]}],"ix":2,"l":2},"a":{"a":0,"k":[-174,31,0],"ix":1,"l":2},"s":{"a":0,"k":[100,100,100],"ix":6,"l":2}},"ao":0,"shapes":[{"ty":"gr","it":[{"ind":0,"ty":"sh","ix":1,"ks":{"a":0,"k":{"i":[[0,0],[-15.327,0],[0,0],[0,0],[-19.434,-8.508],[-20.234,-11.049],[-6.01,0],[-12.803,16.24],[-8.75,4.375],[3.043,13.767],[0,0],[0,0],[-4.369,6.894],[1.542,7.829],[0,0],[0.145,0.618],[6.826,5.63],[0,0],[17.14,0.47],[50.538,1.37],[0,0],[3.261,0],[3.424,-0.453],[0,0]],"o":[[14.304,-5.543],[0,0],[0,0],[12,17.483],[6.318,2.76],[5.282,2.884],[3.014,0],[8.75,-5.833],[0,0],[0,0],[0,0],[7.886,-1.877],[4.29,-6.778],[0,0],[-0.053,-0.634],[-2.079,-8.965],[0,0],[-5.483,-16.247],[0,0],[0,0],[-3.227,-0.41],[-3.451,0],[0,0],[0,0]],"v":[[-175,27.476],[-130.056,18.886],[-99.85,18.886],[-87.399,37.028],[-39.349,76.762],[46.052,125.686],[63.31,130.091],[92.748,117.041],[100.769,111.208],[110.978,90.062],[151.082,82.041],[151.127,82.46],[170.168,68.995],[174.408,46.413],[165.234,-64.432],[164.938,-66.312],[150.965,-88.631],[149.192,-93.889],[111.369,-121.834],[-110.837,-127.864],[-125.818,-129.732],[-135.601,-130.345],[-145.959,-129.662],[-175,-125.82]],"c":true},"ix":2},"nm":"Path 1","mn":"ADBE Vector Shape - Group","hd":false},{"ty":"fl","c":{"a":0,"k":[0.941176474094,0.670588254929,0.129411771894,1],"ix":4},"o":{"a":0,"k":100,"ix":5},"r":1,"bm":0,"nm":"Fill 1","mn":"ADBE Vector Graphic - Fill","hd":false},{"ty":"tr","p":{"a":0,"k":[0,0],"ix":2},"a":{"a":0,"k":[0,0],"ix":1},"s":{"a":0,"k":[100,100],"ix":3},"r":{"a":0,"k":0,"ix":6},"o":{"a":0,"k":100,"ix":7},"sk":{"a":0,"k":0,"ix":4},"sa":{"a":0,"k":0,"ix":5},"nm":"Transform"}],"nm":"Group 1","np":2,"cix":2,"bm":0,"ix":1,"mn":"ADBE Vector Group","hd":false}],"ip":0,"op":180,"st":0,"bm":0},{"ddd":0,"ind":6,"ty":4,"nm":"Layer 5","parent":7,"sr":1,"ks":{"o":{"a":0,"k":100,"ix":11},"r":{"a":0,"k":0,"ix":10},"p":{"a":0,"k":[-6.537,-3.394,0],"ix":2,"l":2},"a":{"a":0,"k":[0,0,0],"ix":1,"l":2},"s":{"a":0,"k":[100,100,100],"ix":6,"l":2}},"ao":0,"shapes":[{"ty":"gr","it":[{"ind":0,"ty":"sh","ix":1,"ks":{"a":0,"k":{"i":[[-12.373,-5.332],[-13.756,-6.305],[0,0],[-17.18,-7.518],[-25.024,-15.193],[-1.878,-0.783],[0,0],[0,0],[0,0],[-0.413,0.239],[1.145,-1.027],[-45.036,-5.346],[0,0],[1.512,-0.437],[-16.936,-15.586],[0,0],[8.065,1.367],[0,0],[0.682,-1.592],[0.179,-0.078],[-23.464,-10.949],[-1.904,-0.513],[-8.012,0.128],[0,0],[2.269,9.774],[0,0],[5.952,3.868],[0,0],[0,0],[64.094,6.195],[0,0],[32.083,13.854],[0.967,0.494],[0,0],[5.576,-0.738],[0,0],[0,0]],"o":[[0.359,-14.242],[17.5,8.021],[10.611,15.463],[12.283,5.376],[1.475,0.538],[21.146,0.729],[-34.295,-18.742],[24.306,-27.223],[0.423,-0.244],[-1.213,1.01],[-7.21,8.153],[2.754,0.326],[-1.621,0.262],[-4.321,5.311],[7.342,3.62],[0,0],[-26.253,-6.941],[-16.986,-10.532],[-0.184,0.07],[-0.748,8.981],[1.708,0.574],[14.082,2.555],[0,0],[9.805,-2.123],[0,0],[-1.678,-7.22],[0,0],[0,0],[0,0],[0,0],[-40.254,-2.746],[-1.396,-0.558],[0,0],[-5.581,-0.698],[0,0],[0,0],[32.363,-6.11]],"v":[[-103.432,-3.383],[-109.257,-35.606],[-70.091,33.028],[-27.572,68.188],[49.152,111.956],[54.077,113.873],[76.413,82.493],[19.806,-1.335],[106.82,-39.739],[107.923,-40.384],[104.55,-37.3],[122.749,2.835],[127.246,3.588],[122.626,4.766],[123.591,43.306],[136.853,49.291],[122.892,48.274],[86.889,26.738],[63.695,28.976],[63.181,29.25],[86.556,73.524],[91.983,75.148],[134.983,77.576],[154.287,73.345],[167.994,51.709],[158.751,-59.962],[146.533,-76.87],[146.379,-77.327],[145.277,-78.01],[72.383,-91.383],[42.56,-93.868],[-108.528,-110.711],[-111.477,-112.2],[-120.899,-113.377],[-137.703,-113.317],[-168.463,-109.248],[-168.463,-6.323]],"c":true},"ix":2},"nm":"Path 1","mn":"ADBE Vector Shape - Group","hd":false},{"ty":"fl","c":{"a":0,"k":[0.984313726425,0.819607853889,0.337254911661,1],"ix":4},"o":{"a":0,"k":100,"ix":5},"r":1,"bm":0,"nm":"Fill 1","mn":"ADBE Vector Graphic - Fill","hd":false},{"ty":"tr","p":{"a":0,"k":[0,0],"ix":2},"a":{"a":0,"k":[0,0],"ix":1},"s":{"a":0,"k":[100,100],"ix":3},"r":{"a":0,"k":0,"ix":6},"o":{"a":0,"k":100,"ix":7},"sk":{"a":0,"k":0,"ix":4},"sa":{"a":0,"k":0,"ix":5},"nm":"Transform"}],"nm":"Group 1","np":2,"cix":2,"bm":0,"ix":1,"mn":"ADBE Vector Group","hd":false}],"ip":0,"op":180,"st":0,"bm":0},{"ddd":0,"ind":7,"ty":4,"nm":"Layer 4","sr":1,"ks":{"o":{"a":0,"k":100,"ix":11},"r":{"a":1,"k":[{"i":{"x":[0.667],"y":[1]},"o":{"x":[0.333],"y":[0]},"t":50,"s":[0]},{"i":{"x":[0.667],"y":[1]},"o":{"x":[0.333],"y":[0]},"t":53,"s":[-3]},{"i":{"x":[0.667],"y":[1]},"o":{"x":[0.333],"y":[0]},"t":68,"s":[24]},{"t":85,"s":[0]}],"ix":10},"p":{"a":1,"k":[{"i":{"x":0.667,"y":1},"o":{"x":0.333,"y":0},"t":32,"s":[856,281,0],"to":[-43.333,0,0],"ti":[35,-8.333,0]},{"i":{"x":0.667,"y":0.811},"o":{"x":0.333,"y":0},"t":50,"s":[596,281,0],"to":[-2.713,0.646,0],"ti":[1.827,-1.012,0]},{"i":{"x":0.667,"y":1},"o":{"x":0.333,"y":0.309},"t":53,"s":[619.208,283.504,0],"to":[-21.738,12.039,0],"ti":[-39.974,0,0]},{"i":{"x":0.667,"y":1},"o":{"x":0.333,"y":0},"t":68,"s":[616,331,0],"to":[43.333,0,0],"ti":[-40,8.333,0]},{"t":85,"s":[856,281,0]}],"ix":2,"l":2},"a":{"a":0,"k":[-174,31,0],"ix":1,"l":2},"s":{"a":0,"k":[-100,100,100],"ix":6,"l":2}},"ao":0,"shapes":[{"ty":"gr","it":[{"ind":0,"ty":"sh","ix":1,"ks":{"a":0,"k":{"i":[[0,0],[-15.327,0],[0,0],[0,0],[-19.434,-8.508],[-20.234,-11.049],[-6.01,0],[-12.803,16.24],[-8.75,4.375],[3.043,13.767],[0,0],[0,0],[-4.369,6.894],[1.542,7.829],[0,0],[0.145,0.618],[6.826,5.63],[0,0],[17.14,0.47],[50.538,1.37],[0,0],[3.261,0],[3.424,-0.453],[0,0]],"o":[[14.304,-5.543],[0,0],[0,0],[12,17.483],[6.318,2.76],[5.282,2.884],[3.014,0],[8.75,-5.833],[0,0],[0,0],[0,0],[7.886,-1.877],[4.29,-6.778],[0,0],[-0.053,-0.634],[-2.079,-8.965],[0,0],[-5.483,-16.247],[0,0],[0,0],[-3.227,-0.41],[-3.451,0],[0,0],[0,0]],"v":[[-175,27.476],[-130.056,18.886],[-99.85,18.886],[-87.399,37.028],[-39.349,76.762],[46.052,125.686],[63.31,130.091],[92.748,117.041],[100.769,111.208],[110.978,90.062],[151.082,82.041],[151.127,82.46],[170.168,68.995],[174.408,46.413],[165.234,-64.432],[164.938,-66.312],[150.965,-88.631],[149.192,-93.889],[111.369,-121.834],[-110.837,-127.864],[-125.818,-129.732],[-135.601,-130.345],[-145.959,-129.662],[-175,-125.82]],"c":true},"ix":2},"nm":"Path 1","mn":"ADBE Vector Shape - Group","hd":false},{"ty":"fl","c":{"a":0,"k":[0.941176474094,0.670588254929,0.129411771894,1],"ix":4},"o":{"a":0,"k":100,"ix":5},"r":1,"bm":0,"nm":"Fill 1","mn":"ADBE Vector Graphic - Fill","hd":false},{"ty":"tr","p":{"a":0,"k":[0,0],"ix":2},"a":{"a":0,"k":[0,0],"ix":1},"s":{"a":0,"k":[100,100],"ix":3},"r":{"a":0,"k":0,"ix":6},"o":{"a":0,"k":100,"ix":7},"sk":{"a":0,"k":0,"ix":4},"sa":{"a":0,"k":0,"ix":5},"nm":"Transform"}],"nm":"Group 1","np":2,"cix":2,"bm":0,"ix":1,"mn":"ADBE Vector Group","hd":false}],"ip":0,"op":180,"st":0,"bm":0}],"markers":[]}