{"v":"5.7.4","fr":60,"ip":0,"op":91,"w":500,"h":500,"nm":"hands","ddd":0,"assets":[],"layers":[{"ddd":0,"ind":1,"ty":4,"nm":"hands_1 Outlines 5","sr":1,"ks":{"o":{"a":0,"k":100,"ix":11},"r":{"a":0,"k":0,"ix":10},"p":{"a":0,"k":[252.041,182.31,0],"ix":2,"l":2},"a":{"a":0,"k":[104.947,82.56,0],"ix":1,"l":2},"s":{"a":1,"k":[{"i":{"x":[0.4,0.4,0.4],"y":[1,1,1]},"o":{"x":[0.6,0.6,0.6],"y":[0,0,0]},"t":71,"s":[0,0,100]},{"t":90,"s":[100,100,100]}],"ix":6,"l":2}},"ao":0,"shapes":[{"ty":"gr","it":[{"ind":0,"ty":"sh","ix":1,"ks":{"a":0,"k":{"i":[[0,0],[0,0],[0,0]],"o":[[0,0],[0,0],[0,0]],"v":[[8.975,-27.401],[32.061,3.612],[-32.061,27.401]],"c":true},"ix":2},"nm":"Path 1","mn":"ADBE Vector Shape - Group","hd":false},{"ty":"fl","c":{"a":0,"k":[0,0.588000009574,0.776000019148,1],"ix":4},"o":{"a":0,"k":100,"ix":5},"r":1,"bm":0,"nm":"Fill 1","mn":"ADBE Vector Graphic - Fill","hd":false},{"ty":"tr","p":{"a":0,"k":[177.584,55.158],"ix":2},"a":{"a":0,"k":[0,0],"ix":1},"s":{"a":0,"k":[100,100],"ix":3},"r":{"a":0,"k":0,"ix":6},"o":{"a":0,"k":100,"ix":7},"sk":{"a":0,"k":0,"ix":4},"sa":{"a":0,"k":0,"ix":5},"nm":"Transform"}],"nm":"Group 1","np":2,"cix":2,"bm":0,"ix":1,"mn":"ADBE Vector Group","hd":false},{"ty":"gr","it":[{"ind":0,"ty":"sh","ix":1,"ks":{"a":0,"k":{"i":[[0,0],[0,0],[0,0]],"o":[[0,0],[0,0],[0,0]],"v":[[-32.055,3.612],[-8.999,-27.401],[32.055,27.401]],"c":true},"ix":2},"nm":"Path 1","mn":"ADBE Vector Shape - Group","hd":false},{"ty":"fl","c":{"a":0,"k":[0,0.588000009574,0.776000019148,1],"ix":4},"o":{"a":0,"k":100,"ix":5},"r":1,"bm":0,"nm":"Fill 1","mn":"ADBE Vector Graphic - Fill","hd":false},{"ty":"tr","p":{"a":0,"k":[32.305,55.159],"ix":2},"a":{"a":0,"k":[0,0],"ix":1},"s":{"a":0,"k":[100,100],"ix":3},"r":{"a":0,"k":0,"ix":6},"o":{"a":0,"k":100,"ix":7},"sk":{"a":0,"k":0,"ix":4},"sa":{"a":0,"k":0,"ix":5},"nm":"Transform"}],"nm":"Group 2","np":2,"cix":2,"bm":0,"ix":2,"mn":"ADBE Vector Group","hd":false},{"ty":"gr","it":[{"ind":0,"ty":"sh","ix":1,"ks":{"a":0,"k":{"i":[[0,0],[0,0],[0,0]],"o":[[0,0],[0,0],[0,0]],"v":[[-19.297,-32.883],[19.297,-32.883],[0,32.883]],"c":true},"ix":2},"nm":"Path 1","mn":"ADBE Vector Shape - Group","hd":false},{"ty":"fl","c":{"a":0,"k":[0,0.588000009574,0.776000019148,1],"ix":4},"o":{"a":0,"k":100,"ix":5},"r":1,"bm":0,"nm":"Fill 1","mn":"ADBE Vector Graphic - Fill","hd":false},{"ty":"tr","p":{"a":0,"k":[106.246,33.133],"ix":2},"a":{"a":0,"k":[0,0],"ix":1},"s":{"a":0,"k":[100,100],"ix":3},"r":{"a":0,"k":0,"ix":6},"o":{"a":0,"k":100,"ix":7},"sk":{"a":0,"k":0,"ix":4},"sa":{"a":0,"k":0,"ix":5},"nm":"Transform"}],"nm":"Group 3","np":2,"cix":2,"bm":0,"ix":3,"mn":"ADBE Vector Group","hd":false}],"ip":71,"op":93,"st":56,"bm":0},{"ddd":0,"ind":2,"ty":4,"nm":"hands_1 Outlines 4","sr":1,"ks":{"o":{"a":1,"k":[{"i":{"x":[0.833],"y":[0.833]},"o":{"x":[0.167],"y":[0.167]},"t":60,"s":[100]},{"t":64,"s":[0]}],"ix":11},"r":{"a":0,"k":0,"ix":10},"p":{"a":0,"k":[252.041,182.31,0],"ix":2,"l":2},"a":{"a":0,"k":[104.947,82.56,0],"ix":1,"l":2},"s":{"a":1,"k":[{"i":{"x":[0.4,0.4,0.4],"y":[1,1,1]},"o":{"x":[0.6,0.6,0.6],"y":[0,0,0]},"t":45,"s":[0,0,100]},{"t":64,"s":[100,100,100]}],"ix":6,"l":2}},"ao":0,"shapes":[{"ty":"gr","it":[{"ind":0,"ty":"sh","ix":1,"ks":{"a":0,"k":{"i":[[0,0],[0,0],[0,0]],"o":[[0,0],[0,0],[0,0]],"v":[[8.975,-27.401],[32.061,3.612],[-32.061,27.401]],"c":true},"ix":2},"nm":"Path 1","mn":"ADBE Vector Shape - Group","hd":false},{"ty":"fl","c":{"a":0,"k":[0,0.588000009574,0.776000019148,1],"ix":4},"o":{"a":0,"k":100,"ix":5},"r":1,"bm":0,"nm":"Fill 1","mn":"ADBE Vector Graphic - Fill","hd":false},{"ty":"tr","p":{"a":0,"k":[177.584,55.158],"ix":2},"a":{"a":0,"k":[0,0],"ix":1},"s":{"a":0,"k":[100,100],"ix":3},"r":{"a":0,"k":0,"ix":6},"o":{"a":0,"k":100,"ix":7},"sk":{"a":0,"k":0,"ix":4},"sa":{"a":0,"k":0,"ix":5},"nm":"Transform"}],"nm":"Group 1","np":2,"cix":2,"bm":0,"ix":1,"mn":"ADBE Vector Group","hd":false},{"ty":"gr","it":[{"ind":0,"ty":"sh","ix":1,"ks":{"a":0,"k":{"i":[[0,0],[0,0],[0,0]],"o":[[0,0],[0,0],[0,0]],"v":[[-32.055,3.612],[-8.999,-27.401],[32.055,27.401]],"c":true},"ix":2},"nm":"Path 1","mn":"ADBE Vector Shape - Group","hd":false},{"ty":"fl","c":{"a":0,"k":[0,0.588000009574,0.776000019148,1],"ix":4},"o":{"a":0,"k":100,"ix":5},"r":1,"bm":0,"nm":"Fill 1","mn":"ADBE Vector Graphic - Fill","hd":false},{"ty":"tr","p":{"a":0,"k":[32.305,55.159],"ix":2},"a":{"a":0,"k":[0,0],"ix":1},"s":{"a":0,"k":[100,100],"ix":3},"r":{"a":0,"k":0,"ix":6},"o":{"a":0,"k":100,"ix":7},"sk":{"a":0,"k":0,"ix":4},"sa":{"a":0,"k":0,"ix":5},"nm":"Transform"}],"nm":"Group 2","np":2,"cix":2,"bm":0,"ix":2,"mn":"ADBE Vector Group","hd":false},{"ty":"gr","it":[{"ind":0,"ty":"sh","ix":1,"ks":{"a":0,"k":{"i":[[0,0],[0,0],[0,0]],"o":[[0,0],[0,0],[0,0]],"v":[[-19.297,-32.883],[19.297,-32.883],[0,32.883]],"c":true},"ix":2},"nm":"Path 1","mn":"ADBE Vector Shape - Group","hd":false},{"ty":"fl","c":{"a":0,"k":[0,0.588000009574,0.776000019148,1],"ix":4},"o":{"a":0,"k":100,"ix":5},"r":1,"bm":0,"nm":"Fill 1","mn":"ADBE Vector Graphic - Fill","hd":false},{"ty":"tr","p":{"a":0,"k":[106.246,33.133],"ix":2},"a":{"a":0,"k":[0,0],"ix":1},"s":{"a":0,"k":[100,100],"ix":3},"r":{"a":0,"k":0,"ix":6},"o":{"a":0,"k":100,"ix":7},"sk":{"a":0,"k":0,"ix":4},"sa":{"a":0,"k":0,"ix":5},"nm":"Transform"}],"nm":"Group 3","np":2,"cix":2,"bm":0,"ix":3,"mn":"ADBE Vector Group","hd":false}],"ip":45,"op":64,"st":30,"bm":0},{"ddd":0,"ind":3,"ty":4,"nm":"hands_1 Outlines 3","sr":1,"ks":{"o":{"a":1,"k":[{"i":{"x":[0.833],"y":[0.833]},"o":{"x":[0.167],"y":[0.167]},"t":31,"s":[100]},{"t":35,"s":[0]}],"ix":11},"r":{"a":0,"k":0,"ix":10},"p":{"a":0,"k":[252.041,182.31,0],"ix":2,"l":2},"a":{"a":0,"k":[104.947,82.56,0],"ix":1,"l":2},"s":{"a":1,"k":[{"i":{"x":[0.4,0.4,0.4],"y":[1,1,1]},"o":{"x":[0.6,0.6,0.6],"y":[0,0,0]},"t":16,"s":[0,0,100]},{"t":35,"s":[100,100,100]}],"ix":6,"l":2}},"ao":0,"shapes":[{"ty":"gr","it":[{"ind":0,"ty":"sh","ix":1,"ks":{"a":0,"k":{"i":[[0,0],[0,0],[0,0]],"o":[[0,0],[0,0],[0,0]],"v":[[8.975,-27.401],[32.061,3.612],[-32.061,27.401]],"c":true},"ix":2},"nm":"Path 1","mn":"ADBE Vector Shape - Group","hd":false},{"ty":"fl","c":{"a":0,"k":[0,0.588000009574,0.776000019148,1],"ix":4},"o":{"a":0,"k":100,"ix":5},"r":1,"bm":0,"nm":"Fill 1","mn":"ADBE Vector Graphic - Fill","hd":false},{"ty":"tr","p":{"a":0,"k":[177.584,55.158],"ix":2},"a":{"a":0,"k":[0,0],"ix":1},"s":{"a":0,"k":[100,100],"ix":3},"r":{"a":0,"k":0,"ix":6},"o":{"a":0,"k":100,"ix":7},"sk":{"a":0,"k":0,"ix":4},"sa":{"a":0,"k":0,"ix":5},"nm":"Transform"}],"nm":"Group 1","np":2,"cix":2,"bm":0,"ix":1,"mn":"ADBE Vector Group","hd":false},{"ty":"gr","it":[{"ind":0,"ty":"sh","ix":1,"ks":{"a":0,"k":{"i":[[0,0],[0,0],[0,0]],"o":[[0,0],[0,0],[0,0]],"v":[[-32.055,3.612],[-8.999,-27.401],[32.055,27.401]],"c":true},"ix":2},"nm":"Path 1","mn":"ADBE Vector Shape - Group","hd":false},{"ty":"fl","c":{"a":0,"k":[0,0.588000009574,0.776000019148,1],"ix":4},"o":{"a":0,"k":100,"ix":5},"r":1,"bm":0,"nm":"Fill 1","mn":"ADBE Vector Graphic - Fill","hd":false},{"ty":"tr","p":{"a":0,"k":[32.305,55.159],"ix":2},"a":{"a":0,"k":[0,0],"ix":1},"s":{"a":0,"k":[100,100],"ix":3},"r":{"a":0,"k":0,"ix":6},"o":{"a":0,"k":100,"ix":7},"sk":{"a":0,"k":0,"ix":4},"sa":{"a":0,"k":0,"ix":5},"nm":"Transform"}],"nm":"Group 2","np":2,"cix":2,"bm":0,"ix":2,"mn":"ADBE Vector Group","hd":false},{"ty":"gr","it":[{"ind":0,"ty":"sh","ix":1,"ks":{"a":0,"k":{"i":[[0,0],[0,0],[0,0]],"o":[[0,0],[0,0],[0,0]],"v":[[-19.297,-32.883],[19.297,-32.883],[0,32.883]],"c":true},"ix":2},"nm":"Path 1","mn":"ADBE Vector Shape - Group","hd":false},{"ty":"fl","c":{"a":0,"k":[0,0.588000009574,0.776000019148,1],"ix":4},"o":{"a":0,"k":100,"ix":5},"r":1,"bm":0,"nm":"Fill 1","mn":"ADBE Vector Graphic - Fill","hd":false},{"ty":"tr","p":{"a":0,"k":[106.246,33.133],"ix":2},"a":{"a":0,"k":[0,0],"ix":1},"s":{"a":0,"k":[100,100],"ix":3},"r":{"a":0,"k":0,"ix":6},"o":{"a":0,"k":100,"ix":7},"sk":{"a":0,"k":0,"ix":4},"sa":{"a":0,"k":0,"ix":5},"nm":"Transform"}],"nm":"Group 3","np":2,"cix":2,"bm":0,"ix":3,"mn":"ADBE Vector Group","hd":false}],"ip":16,"op":35,"st":1,"bm":0},{"ddd":0,"ind":4,"ty":3,"nm":"NULL CONTROL","sr":1,"ks":{"o":{"a":0,"k":0,"ix":11},"r":{"a":1,"k":[{"i":{"x":[0.4],"y":[1]},"o":{"x":[0.6],"y":[0]},"t":0,"s":[0]},{"i":{"x":[0.4],"y":[1]},"o":{"x":[0.6],"y":[0]},"t":15,"s":[0]},{"i":{"x":[0.4],"y":[1]},"o":{"x":[0.167],"y":[0]},"t":30,"s":[6]},{"i":{"x":[0.833],"y":[1]},"o":{"x":[0.6],"y":[0]},"t":45,"s":[0]},{"i":{"x":[0.4],"y":[1]},"o":{"x":[0.167],"y":[0]},"t":60,"s":[-6]},{"t":75,"s":[0]}],"ix":10},"p":{"s":true,"x":{"a":1,"k":[{"i":{"x":[0.4],"y":[1]},"o":{"x":[0.6],"y":[0]},"t":15,"s":[250]},{"i":{"x":[0.4],"y":[1]},"o":{"x":[0.6],"y":[0]},"t":30,"s":[270]},{"i":{"x":[0.4],"y":[1]},"o":{"x":[0.6],"y":[0]},"t":45,"s":[250]},{"i":{"x":[0.4],"y":[1]},"o":{"x":[0.6],"y":[0]},"t":60,"s":[230]},{"t":75,"s":[250]}],"ix":3},"y":{"a":1,"k":[{"i":{"x":[0.4],"y":[1]},"o":{"x":[0.6],"y":[0]},"t":0,"s":[308.605]},{"i":{"x":[0.4],"y":[1]},"o":{"x":[0.6],"y":[0]},"t":15,"s":[342.605]},{"i":{"x":[0.4],"y":[1]},"o":{"x":[0.6],"y":[0]},"t":30,"s":[308.605]},{"i":{"x":[0.4],"y":[1]},"o":{"x":[0.6],"y":[0]},"t":45,"s":[342.605]},{"i":{"x":[0.4],"y":[1]},"o":{"x":[0.6],"y":[0]},"t":60,"s":[308.605]},{"i":{"x":[0.4],"y":[1]},"o":{"x":[0.6],"y":[0]},"t":75,"s":[342.605]},{"t":90,"s":[308.605]}],"ix":4}},"a":{"a":0,"k":[60,60,0],"ix":1,"l":2},"s":{"a":0,"k":[100,100,100],"ix":6,"l":2}},"ao":0,"ip":0,"op":91,"st":0,"bm":0},{"ddd":0,"ind":5,"ty":4,"nm":"hands_3 Outlines","parent":4,"sr":1,"ks":{"o":{"a":0,"k":100,"ix":11},"r":{"a":1,"k":[{"i":{"x":[0.4],"y":[1]},"o":{"x":[0.6],"y":[0]},"t":0,"s":[0]},{"i":{"x":[0.4],"y":[1]},"o":{"x":[0.6],"y":[0]},"t":15,"s":[0]},{"i":{"x":[0.4],"y":[1]},"o":{"x":[0.6],"y":[0]},"t":30,"s":[11]},{"i":{"x":[0.4],"y":[1]},"o":{"x":[0.6],"y":[0]},"t":45,"s":[0]},{"i":{"x":[0.4],"y":[1]},"o":{"x":[0.6],"y":[0]},"t":60,"s":[-11]},{"t":75,"s":[0]}],"ix":10},"p":{"a":0,"k":[157.868,99,0],"ix":2,"l":2},"a":{"a":0,"k":[94.683,132.103,0],"ix":1,"l":2},"s":{"a":0,"k":[100,100,100],"ix":6,"l":2}},"ao":0,"shapes":[{"ty":"gr","it":[{"ind":0,"ty":"sh","ix":1,"ks":{"a":0,"k":{"i":[[4.791,7.08],[0,0],[0,0],[0,0],[3.16,4.481],[0,0],[3.463,5.192],[4.187,5.515],[1.121,1.432],[0.188,0.734],[-1.549,1.958],[-4.047,-0.968],[-2.817,-3.486],[0,0],[-1.007,-1.347],[-4.553,-4.297],[-1.388,0.099],[-1.162,1.449],[-0.075,0.377],[-0.007,0.172],[-0.075,8.394],[0.101,8.806],[0,0],[-1.538,1.942],[-3.351,-0.008],[0,0],[0.009,-5.897],[0,0],[-0.377,-0.03],[0,0],[-0.112,0.142],[-0.008,0.052],[0,0],[0,0],[0,0],[-1.538,1.943],[-3.33,-0.006],[-0.485,-0.056],[0.008,-5.448],[0,0],[-0.242,-0.225],[-0.493,0.074],[0,0],[-0.002,0.425],[0,0],[-1.528,1.931],[-3.365,-0.004],[-0.375,-0.032],[0.006,-5.627],[0,0],[-0.601,0.062],[-0.096,0.121],[-0.004,0.178],[0,0],[-1.537,1.943],[-2.572,0.479],[-2.525,-2.539],[0.176,-4.502],[0.003,-0.86],[0,0],[0,0],[0,0],[2.732,-7.363],[3.25,-4.106],[1.34,-1.343],[10.289,-1.597],[10.714,6.884]],"o":[[0,0],[0,0],[-0.362,-0.557],[-3.087,-4.531],[0,0],[-3.712,-5.233],[-3.745,-5.608],[-1.409,-1.848],[-2.84,-3.638],[-0.677,-2.592],[2.327,-2.938],[5.637,1.348],[0,0],[1.009,1.315],[3.817,5.101],[1.785,1.683],[1.094,-0.082],[0.228,-0.396],[0.028,-0.168],[0.182,-5.032],[0.206,-24.097],[0,0],[0.005,-2.487],[2.087,-2.637],[0,0],[5.893,0.123],[0,0],[0.003,0.423],[0,0],[0.182,-0.037],[0.105,-0.131],[0,0],[0,0],[0,0],[0.002,-2.484],[2.087,-2.636],[0.492,-0.006],[5.589,0.647],[0,0],[-0.002,0.334],[0.22,0.203],[0,0],[0.147,-0.184],[0,0],[0.003,-2.431],[2.104,-2.657],[0.376,-0.004],[5.584,0.485],[0,0],[0.001,0.443],[0.15,-0.047],[0.109,-0.138],[0,0],[0.005,-2.487],[1.636,-2.067],[3.595,-0.678],[3.621,3.641],[-0.036,0.908],[0,0],[0,0],[0,0],[-0.009,5.649],[-1.809,4.888],[-1.174,1.484],[-7.429,7.448],[-14.088,2.185],[-7.465,-4.801]],"v":[[-25.745,64.205],[-25.767,64.296],[-27.709,61.3],[-29.314,58.932],[-38.71,45.429],[-42.704,39.791],[-53.461,23.998],[-65.266,7.074],[-69.117,2.101],[-72.756,-3.068],[-71.422,-10.024],[-60.595,-13.376],[-46.865,-4.012],[-44.728,-1.311],[-41.705,2.693],[-29.386,17.362],[-24.609,19.743],[-21.281,17.527],[-20.812,16.369],[-20.755,15.855],[-20.375,-4.379],[-20.582,-67.894],[-20.622,-71.345],[-18.264,-78.113],[-9.709,-82.253],[-9.308,-82.251],[1.361,-71.322],[1.686,-10.069],[2.373,-9.286],[2.547,-9.322],[3.002,-9.602],[3.169,-9.939],[3.126,-10.505],[3.163,-10.608],[3.183,-81.941],[5.538,-88.708],[14.074,-92.847],[15.54,-92.774],[25.494,-81.906],[25.386,-11.438],[25.764,-10.574],[26.781,-10.357],[27.036,-10.481],[27.268,-11.437],[27.363,-73.571],[29.702,-80.24],[38.441,-84.477],[39.568,-84.436],[49.515,-73.539],[49.451,-5.778],[50.385,-5.042],[50.768,-5.298],[50.932,-5.775],[51.01,-58.594],[53.368,-65.363],[59.89,-69.314],[69.812,-66.293],[73.053,-53.053],[72.98,-50.382],[72.898,3.876],[72.898,3.875],[72.843,38.597],[69.742,59.031],[62.115,72.582],[58.327,76.844],[31.247,90.668],[-8.361,83.163]],"c":true},"ix":2},"nm":"Path 1","mn":"ADBE Vector Shape - Group","hd":false},{"ty":"fl","c":{"a":0,"k":[0.984000052658,0.819999964097,0.337000020345,1],"ix":4},"o":{"a":0,"k":100,"ix":5},"r":1,"bm":0,"nm":"Fill 1","mn":"ADBE Vector Graphic - Fill","hd":false},{"ty":"tr","p":{"a":0,"k":[73.682,93.103],"ix":2},"a":{"a":0,"k":[0,0],"ix":1},"s":{"a":0,"k":[100,100],"ix":3},"r":{"a":0,"k":0,"ix":6},"o":{"a":0,"k":100,"ix":7},"sk":{"a":0,"k":0,"ix":4},"sa":{"a":0,"k":0,"ix":5},"nm":"Transform"}],"nm":"Group 1","np":2,"cix":2,"bm":0,"ix":1,"mn":"ADBE Vector Group","hd":false}],"ip":0,"op":93,"st":0,"bm":0},{"ddd":0,"ind":6,"ty":4,"nm":"hands_2 Outlines","parent":4,"sr":1,"ks":{"o":{"a":0,"k":100,"ix":11},"r":{"a":1,"k":[{"i":{"x":[0.4],"y":[1]},"o":{"x":[0.6],"y":[0]},"t":0,"s":[0]},{"i":{"x":[0.4],"y":[1]},"o":{"x":[0.6],"y":[0]},"t":15,"s":[0]},{"i":{"x":[0.4],"y":[1]},"o":{"x":[0.6],"y":[0]},"t":30,"s":[11]},{"i":{"x":[0.4],"y":[1]},"o":{"x":[0.6],"y":[0]},"t":45,"s":[0]},{"i":{"x":[0.4],"y":[1]},"o":{"x":[0.6],"y":[0]},"t":60,"s":[-11]},{"t":75,"s":[0]}],"ix":10},"p":{"a":0,"k":[-39.868,101,0],"ix":2,"l":2},"a":{"a":0,"k":[50.682,134.103,0],"ix":1,"l":2},"s":{"a":0,"k":[100,100,100],"ix":6,"l":2}},"ao":0,"shapes":[{"ty":"gr","it":[{"ind":0,"ty":"sh","ix":1,"ks":{"a":0,"k":{"i":[[-4.792,7.08],[0,0],[0,0],[0,0],[-3.159,4.481],[0,0],[-3.463,5.192],[-4.187,5.515],[-1.121,1.432],[-0.189,0.734],[1.549,1.958],[4.048,-0.968],[2.816,-3.486],[0,0],[1.007,-1.347],[4.553,-4.297],[1.387,0.099],[1.163,1.449],[0.074,0.377],[0.007,0.172],[0.076,8.394],[-0.1,8.806],[0,0],[1.537,1.942],[3.352,-0.008],[0,0],[-0.01,-5.897],[0,0],[0.377,-0.03],[0,0],[0.112,0.142],[0.009,0.052],[0,0],[0,0],[0,0],[1.537,1.943],[3.33,-0.006],[0.486,-0.056],[-0.009,-5.448],[0,0],[0.242,-0.225],[0.493,0.074],[0,0],[0.002,0.425],[0,0],[1.528,1.931],[3.365,-0.004],[0.376,-0.032],[-0.006,-5.627],[0,0],[0.6,0.062],[0.095,0.121],[0.003,0.178],[0,0],[1.538,1.943],[2.571,0.479],[2.525,-2.539],[-0.175,-4.502],[-0.002,-0.86],[0,0],[0,0],[0,0],[-2.732,-7.363],[-3.25,-4.106],[-1.339,-1.343],[-10.288,-1.597],[-10.714,6.884]],"o":[[0,0],[0,0],[0.363,-0.557],[3.088,-4.531],[0,0],[3.712,-5.233],[3.745,-5.608],[1.408,-1.848],[2.84,-3.638],[0.676,-2.592],[-2.326,-2.938],[-5.637,1.348],[0,0],[-1.009,1.315],[-3.817,5.101],[-1.785,1.683],[-1.094,-0.082],[-0.228,-0.396],[-0.029,-0.168],[-0.181,-5.032],[-0.206,-24.097],[0,0],[-0.004,-2.487],[-2.087,-2.637],[0,0],[-5.893,0.123],[0,0],[-0.003,0.423],[0,0],[-0.182,-0.037],[-0.104,-0.131],[0,0],[0,0],[0,0],[-0.003,-2.484],[-2.087,-2.636],[-0.493,-0.006],[-5.589,0.647],[0,0],[0.002,0.334],[-0.221,0.203],[0,0],[-0.146,-0.184],[0,0],[-0.003,-2.431],[-2.103,-2.657],[-0.376,-0.004],[-5.584,0.485],[0,0],[-0.001,0.443],[-0.15,-0.047],[-0.11,-0.138],[0,0],[-0.005,-2.487],[-1.636,-2.067],[-3.596,-0.678],[-3.62,3.641],[0.037,0.908],[0,0],[0,0],[0,0],[0.008,5.649],[1.809,4.888],[1.174,1.484],[7.429,7.448],[14.088,2.185],[7.465,-4.801]],"v":[[25.745,64.205],[25.766,64.296],[27.708,61.3],[29.313,58.932],[38.709,45.429],[42.703,39.791],[53.46,23.998],[65.266,7.074],[69.116,2.101],[72.756,-3.068],[71.421,-10.024],[60.594,-13.376],[46.865,-4.012],[44.727,-1.311],[41.704,2.693],[29.385,17.362],[24.609,19.743],[21.28,17.527],[20.812,16.369],[20.754,15.855],[20.374,-4.379],[20.581,-67.894],[20.621,-71.345],[18.264,-78.113],[9.708,-82.253],[9.308,-82.251],[-1.361,-71.322],[-1.686,-10.069],[-2.374,-9.286],[-2.547,-9.322],[-3.003,-9.602],[-3.17,-9.939],[-3.125,-10.505],[-3.164,-10.608],[-3.183,-81.941],[-5.538,-88.708],[-14.074,-92.847],[-15.54,-92.774],[-25.494,-81.906],[-25.386,-11.438],[-25.763,-10.574],[-26.781,-10.357],[-27.036,-10.481],[-27.267,-11.437],[-27.363,-73.571],[-29.703,-80.24],[-38.441,-84.477],[-39.569,-84.436],[-49.514,-73.539],[-49.452,-5.778],[-50.384,-5.042],[-50.767,-5.298],[-50.931,-5.775],[-51.01,-58.594],[-53.368,-65.363],[-59.89,-69.314],[-69.812,-66.293],[-73.054,-53.053],[-72.98,-50.382],[-72.898,3.876],[-72.897,3.875],[-72.843,38.597],[-69.741,59.031],[-62.115,72.582],[-58.328,76.844],[-31.247,90.668],[8.361,83.163]],"c":true},"ix":2},"nm":"Path 1","mn":"ADBE Vector Shape - Group","hd":false},{"ty":"fl","c":{"a":0,"k":[0.984000052658,0.819999964097,0.337000020345,1],"ix":4},"o":{"a":0,"k":100,"ix":5},"r":1,"bm":0,"nm":"Fill 1","mn":"ADBE Vector Graphic - Fill","hd":false},{"ty":"tr","p":{"a":0,"k":[73.682,93.103],"ix":2},"a":{"a":0,"k":[0,0],"ix":1},"s":{"a":0,"k":[100,100],"ix":3},"r":{"a":0,"k":0,"ix":6},"o":{"a":0,"k":100,"ix":7},"sk":{"a":0,"k":0,"ix":4},"sa":{"a":0,"k":0,"ix":5},"nm":"Transform"}],"nm":"Group 1","np":2,"cix":2,"bm":0,"ix":1,"mn":"ADBE Vector Group","hd":false}],"ip":0,"op":93,"st":0,"bm":0}],"markers":[]}