{"v":"5.7.6","fr":60,"ip":0,"op":120,"w":500,"h":500,"nm":"Coin","ddd":0,"assets":[],"layers":[{"ddd":0,"ind":1,"ty":4,"nm":"Shape Layer 11","sr":1,"ks":{"o":{"a":1,"k":[{"i":{"x":[0],"y":[1]},"o":{"x":[0.167],"y":[0.167]},"t":109,"s":[100]},{"t":119,"s":[0]}],"ix":11},"r":{"a":1,"k":[{"i":{"x":[0],"y":[1]},"o":{"x":[0.167],"y":[0.167]},"t":93,"s":[0]},{"t":119,"s":[90]}],"ix":10},"p":{"a":0,"k":[368,215,0],"ix":2,"l":2},"a":{"a":0,"k":[-216,29.5,0],"ix":1,"l":2},"s":{"a":1,"k":[{"i":{"x":[0.59,0.59,0.59],"y":[1,1,1]},"o":{"x":[0.239,0.239,0.239],"y":[0.239,0.239,23.875]},"t":93,"s":[0,0,100]},{"t":119,"s":[100,100,100]}],"ix":6,"l":2}},"ao":0,"shapes":[{"ty":"gr","it":[{"ty":"sr","sy":1,"d":1,"pt":{"a":0,"k":4,"ix":3},"p":{"a":0,"k":[0,0],"ix":4},"r":{"a":0,"k":0,"ix":5},"ir":{"a":0,"k":10.008,"ix":6},"is":{"a":0,"k":0,"ix":8},"or":{"a":0,"k":20.016,"ix":7},"os":{"a":0,"k":0,"ix":9},"ix":1,"nm":"Polystar Path 1","mn":"ADBE Vector Shape - Star","hd":false},{"ty":"fl","c":{"a":0,"k":[1,1,1,1],"ix":4},"o":{"a":0,"k":100,"ix":5},"r":1,"bm":0,"nm":"Fill 1","mn":"ADBE Vector Graphic - Fill","hd":false},{"ty":"tr","p":{"a":0,"k":[-216,29.5],"ix":2},"a":{"a":0,"k":[0,0],"ix":1},"s":{"a":0,"k":[100,100],"ix":3},"r":{"a":0,"k":0,"ix":6},"o":{"a":0,"k":100,"ix":7},"sk":{"a":0,"k":0,"ix":4},"sa":{"a":0,"k":0,"ix":5},"nm":"Transform"}],"nm":"Polystar 1","np":3,"cix":2,"bm":0,"ix":1,"mn":"ADBE Vector Group","hd":false}],"ip":93,"op":119,"st":33,"bm":0},{"ddd":0,"ind":2,"ty":4,"nm":"Shape Layer 8","sr":1,"ks":{"o":{"a":1,"k":[{"i":{"x":[0],"y":[1]},"o":{"x":[0.167],"y":[0.167]},"t":85,"s":[100]},{"t":95,"s":[0]}],"ix":11},"r":{"a":1,"k":[{"i":{"x":[0],"y":[1]},"o":{"x":[0.167],"y":[0.167]},"t":69,"s":[0]},{"t":95,"s":[90]}],"ix":10},"p":{"a":0,"k":[168,275,0],"ix":2,"l":2},"a":{"a":0,"k":[-216,29.5,0],"ix":1,"l":2},"s":{"a":1,"k":[{"i":{"x":[0.59,0.59,0.59],"y":[1,1,1]},"o":{"x":[0.239,0.239,0.239],"y":[0.239,0.239,23.875]},"t":69,"s":[0,0,100]},{"t":95,"s":[100,100,100]}],"ix":6,"l":2}},"ao":0,"shapes":[{"ty":"gr","it":[{"ty":"sr","sy":1,"d":1,"pt":{"a":0,"k":4,"ix":3},"p":{"a":0,"k":[0,0],"ix":4},"r":{"a":0,"k":0,"ix":5},"ir":{"a":0,"k":10.008,"ix":6},"is":{"a":0,"k":0,"ix":8},"or":{"a":0,"k":20.016,"ix":7},"os":{"a":0,"k":0,"ix":9},"ix":1,"nm":"Polystar Path 1","mn":"ADBE Vector Shape - Star","hd":false},{"ty":"fl","c":{"a":0,"k":[1,1,1,1],"ix":4},"o":{"a":0,"k":100,"ix":5},"r":1,"bm":0,"nm":"Fill 1","mn":"ADBE Vector Graphic - Fill","hd":false},{"ty":"tr","p":{"a":0,"k":[-216,29.5],"ix":2},"a":{"a":0,"k":[0,0],"ix":1},"s":{"a":0,"k":[100,100],"ix":3},"r":{"a":0,"k":0,"ix":6},"o":{"a":0,"k":100,"ix":7},"sk":{"a":0,"k":0,"ix":4},"sa":{"a":0,"k":0,"ix":5},"nm":"Transform"}],"nm":"Polystar 1","np":3,"cix":2,"bm":0,"ix":1,"mn":"ADBE Vector Group","hd":false}],"ip":69,"op":95,"st":9,"bm":0},{"ddd":0,"ind":3,"ty":4,"nm":"Shape Layer 7","sr":1,"ks":{"o":{"a":1,"k":[{"i":{"x":[0],"y":[1]},"o":{"x":[0.167],"y":[0.167]},"t":63,"s":[100]},{"t":73,"s":[0]}],"ix":11},"r":{"a":1,"k":[{"i":{"x":[0],"y":[1]},"o":{"x":[0.167],"y":[0.167]},"t":47,"s":[0]},{"t":73,"s":[90]}],"ix":10},"p":{"a":0,"k":[90,117,0],"ix":2,"l":2},"a":{"a":0,"k":[-216,29.5,0],"ix":1,"l":2},"s":{"a":1,"k":[{"i":{"x":[0.59,0.59,0.59],"y":[1,1,1]},"o":{"x":[0.239,0.239,0.239],"y":[0.239,0.239,23.875]},"t":47,"s":[0,0,100]},{"t":73,"s":[100,100,100]}],"ix":6,"l":2}},"ao":0,"shapes":[{"ty":"gr","it":[{"ty":"sr","sy":1,"d":1,"pt":{"a":0,"k":4,"ix":3},"p":{"a":0,"k":[0,0],"ix":4},"r":{"a":0,"k":0,"ix":5},"ir":{"a":0,"k":10.008,"ix":6},"is":{"a":0,"k":0,"ix":8},"or":{"a":0,"k":20.016,"ix":7},"os":{"a":0,"k":0,"ix":9},"ix":1,"nm":"Polystar Path 1","mn":"ADBE Vector Shape - Star","hd":false},{"ty":"fl","c":{"a":0,"k":[1,1,1,1],"ix":4},"o":{"a":0,"k":100,"ix":5},"r":1,"bm":0,"nm":"Fill 1","mn":"ADBE Vector Graphic - Fill","hd":false},{"ty":"tr","p":{"a":0,"k":[-216,29.5],"ix":2},"a":{"a":0,"k":[0,0],"ix":1},"s":{"a":0,"k":[100,100],"ix":3},"r":{"a":0,"k":0,"ix":6},"o":{"a":0,"k":100,"ix":7},"sk":{"a":0,"k":0,"ix":4},"sa":{"a":0,"k":0,"ix":5},"nm":"Transform"}],"nm":"Polystar 1","np":3,"cix":2,"bm":0,"ix":1,"mn":"ADBE Vector Group","hd":false}],"ip":47,"op":73,"st":-13,"bm":0},{"ddd":0,"ind":4,"ty":4,"nm":"Shape Layer 6","sr":1,"ks":{"o":{"a":1,"k":[{"i":{"x":[0],"y":[1]},"o":{"x":[0.167],"y":[0.167]},"t":40,"s":[100]},{"t":50,"s":[0]}],"ix":11},"r":{"a":1,"k":[{"i":{"x":[0],"y":[1]},"o":{"x":[0.167],"y":[0.167]},"t":24,"s":[0]},{"t":50,"s":[90]}],"ix":10},"p":{"a":0,"k":[330,287,0],"ix":2,"l":2},"a":{"a":0,"k":[-216,29.5,0],"ix":1,"l":2},"s":{"a":1,"k":[{"i":{"x":[0.59,0.59,0.59],"y":[1,1,1]},"o":{"x":[0.239,0.239,0.239],"y":[0.239,0.239,23.875]},"t":24,"s":[0,0,100]},{"t":50,"s":[100,100,100]}],"ix":6,"l":2}},"ao":0,"shapes":[{"ty":"gr","it":[{"ty":"sr","sy":1,"d":1,"pt":{"a":0,"k":4,"ix":3},"p":{"a":0,"k":[0,0],"ix":4},"r":{"a":0,"k":0,"ix":5},"ir":{"a":0,"k":10.008,"ix":6},"is":{"a":0,"k":0,"ix":8},"or":{"a":0,"k":20.016,"ix":7},"os":{"a":0,"k":0,"ix":9},"ix":1,"nm":"Polystar Path 1","mn":"ADBE Vector Shape - Star","hd":false},{"ty":"fl","c":{"a":0,"k":[1,1,1,1],"ix":4},"o":{"a":0,"k":100,"ix":5},"r":1,"bm":0,"nm":"Fill 1","mn":"ADBE Vector Graphic - Fill","hd":false},{"ty":"tr","p":{"a":0,"k":[-216,29.5],"ix":2},"a":{"a":0,"k":[0,0],"ix":1},"s":{"a":0,"k":[100,100],"ix":3},"r":{"a":0,"k":0,"ix":6},"o":{"a":0,"k":100,"ix":7},"sk":{"a":0,"k":0,"ix":4},"sa":{"a":0,"k":0,"ix":5},"nm":"Transform"}],"nm":"Polystar 1","np":3,"cix":2,"bm":0,"ix":1,"mn":"ADBE Vector Group","hd":false}],"ip":24,"op":50,"st":-36,"bm":0},{"ddd":0,"ind":5,"ty":4,"nm":"Shape Layer 4","sr":1,"ks":{"o":{"a":1,"k":[{"i":{"x":[0],"y":[1]},"o":{"x":[0.167],"y":[0.167]},"t":18,"s":[100]},{"t":28,"s":[0]}],"ix":11},"r":{"a":1,"k":[{"i":{"x":[0],"y":[1]},"o":{"x":[0.167],"y":[0.167]},"t":2,"s":[0]},{"t":28,"s":[90]}],"ix":10},"p":{"a":0,"k":[310,95,0],"ix":2,"l":2},"a":{"a":0,"k":[-216,29.5,0],"ix":1,"l":2},"s":{"a":1,"k":[{"i":{"x":[0.59,0.59,0.59],"y":[1,1,1]},"o":{"x":[0.239,0.239,0.239],"y":[0.239,0.239,23.875]},"t":2,"s":[0,0,100]},{"t":28,"s":[100,100,100]}],"ix":6,"l":2}},"ao":0,"shapes":[{"ty":"gr","it":[{"ty":"sr","sy":1,"d":1,"pt":{"a":0,"k":4,"ix":3},"p":{"a":0,"k":[0,0],"ix":4},"r":{"a":0,"k":0,"ix":5},"ir":{"a":0,"k":10.008,"ix":6},"is":{"a":0,"k":0,"ix":8},"or":{"a":0,"k":20.016,"ix":7},"os":{"a":0,"k":0,"ix":9},"ix":1,"nm":"Polystar Path 1","mn":"ADBE Vector Shape - Star","hd":false},{"ty":"fl","c":{"a":0,"k":[1,1,1,1],"ix":4},"o":{"a":0,"k":100,"ix":5},"r":1,"bm":0,"nm":"Fill 1","mn":"ADBE Vector Graphic - Fill","hd":false},{"ty":"tr","p":{"a":0,"k":[-216,29.5],"ix":2},"a":{"a":0,"k":[0,0],"ix":1},"s":{"a":0,"k":[100,100],"ix":3},"r":{"a":0,"k":0,"ix":6},"o":{"a":0,"k":100,"ix":7},"sk":{"a":0,"k":0,"ix":4},"sa":{"a":0,"k":0,"ix":5},"nm":"Transform"}],"nm":"Polystar 1","np":3,"cix":2,"bm":0,"ix":1,"mn":"ADBE Vector Group","hd":false}],"ip":2,"op":28,"st":-58,"bm":0},{"ddd":0,"ind":6,"ty":4,"nm":"Layer 2","td":1,"sr":1,"ks":{"o":{"a":0,"k":100,"ix":11},"r":{"a":0,"k":0,"ix":10},"p":{"a":1,"k":[{"i":{"x":0.833,"y":0.833},"o":{"x":0.167,"y":0.167},"t":0,"s":[250,230.719,0],"to":[-0.167,0,0],"ti":[0,0,0]},{"i":{"x":0.833,"y":0.833},"o":{"x":0.167,"y":0.167},"t":30,"s":[249,230.719,0],"to":[0,0,0],"ti":[0,0,0]},{"i":{"x":0.833,"y":0.833},"o":{"x":0.167,"y":0.167},"t":31,"s":[214,230.719,0],"to":[0,0,0],"ti":[0,0,0]},{"i":{"x":0.833,"y":0.833},"o":{"x":0.167,"y":0.167},"t":90,"s":[237.526,230.719,0],"to":[0,0,0],"ti":[0,0,0]},{"i":{"x":0.833,"y":0.833},"o":{"x":0.167,"y":0.167},"t":91,"s":[203.526,230.719,0],"to":[0,0,0],"ti":[0,0,0]},{"t":120,"s":[250,230.719,0]}],"ix":2,"l":2},"a":{"a":0,"k":[250,230.719,0],"ix":1,"l":2},"s":{"a":1,"k":[{"i":{"x":[0.833,0.833,0.833],"y":[0.833,0.833,0.833]},"o":{"x":[0.167,0.167,0.167],"y":[0.167,0.167,0.167]},"t":0,"s":[100,100,100]},{"i":{"x":[0.833,0.833,0.833],"y":[0.833,0.833,0.833]},"o":{"x":[0.167,0.167,0.167],"y":[0.167,0.167,0.167]},"t":30,"s":[0,100,100]},{"i":{"x":[0.833,0.833,0.833],"y":[0.833,0.833,0.833]},"o":{"x":[0.167,0.167,0.167],"y":[0.167,0.167,0.167]},"t":31,"s":[0,100,100]},{"i":{"x":[0.833,0.833,0.833],"y":[0.833,0.833,0.833]},"o":{"x":[0.167,0.167,0.167],"y":[0.167,0.167,0.167]},"t":60,"s":[-100,100,100]},{"i":{"x":[0.833,0.833,0.833],"y":[0.833,0.833,0.833]},"o":{"x":[0.167,0.167,0.167],"y":[0.167,0.167,0.167]},"t":90,"s":[0,100,100]},{"i":{"x":[0.833,0.833,0.833],"y":[0.833,0.833,0.833]},"o":{"x":[0.167,0.167,0.167],"y":[0.167,0.167,0.167]},"t":91,"s":[0,100,100]},{"t":120,"s":[100,100,100]}],"ix":6,"l":2}},"ao":0,"shapes":[{"ty":"gr","it":[{"ind":0,"ty":"sh","ix":1,"ks":{"a":0,"k":{"i":[[7.241,-5.542],[3.882,-1.316],[5.756,-0.419],[2.457,0],[0,0],[0,0],[0,0],[0,0],[0,0],[0,0],[0,0],[-2.75,-0.213],[-4.384,-1.393],[-2.737,-1.911],[0,-10.989]],"o":[[-2.81,2.154],[-4.39,1.488],[-2.248,0.163],[0,0],[0,0],[0,0],[0,0],[0,0],[0,0],[0,0],[3.068,0],[5.794,0.448],[3.791,1.205],[7.391,5.192],[0,11.806]],"v":[[28.505,65.764],[18.301,70.843],[3.103,73.719],[-3.813,74.076],[-11.998,74.076],[-27.195,74.076],[-40.809,74.076],[-40.809,7.719],[-27.195,7.719],[-11.998,7.719],[-5.512,7.719],[3.103,8.112],[18.301,10.92],[28.272,15.473],[39.366,39.733]],"c":true},"ix":2},"nm":"Path 1","mn":"ADBE Vector Shape - Group","hd":false},{"ind":1,"ty":"sh","ix":2,"ks":{"a":0,"k":{"i":[[0,0],[0,0],[0,0],[0,0],[-4.144,-0.463],[-4.136,-1.617],[-1.503,-0.929],[0,-9.942],[6.379,-4.564],[2.376,-0.913],[6.023,-0.539],[3.568,0],[0,0],[0,0],[0,0]],"o":[[0,0],[0,0],[0,0],[5.023,0],[5.955,0.664],[1.878,0.734],[7.113,4.4],[0,10.827],[-1.758,1.261],[-4.145,1.593],[-3.078,0.274],[0,0],[0,0],[0,0],[0,0]],"v":[[-40.809,-67.859],[-27.195,-67.859],[-11.998,-67.859],[-10.483,-67.859],[3.103,-67.079],[18.301,-63.687],[23.475,-61.247],[34.151,-39.71],[24.57,-16.613],[18.301,-13.389],[3.103,-10.165],[-6.851,-9.743],[-11.998,-9.743],[-27.195,-9.743],[-40.809,-9.743]],"c":true},"ix":2},"nm":"Path 2","mn":"ADBE Vector Shape - Group","hd":false},{"ind":2,"ty":"sh","ix":3,"ks":{"a":0,"k":{"i":[[26.927,4.61],[0,0],[-5.856,6.822],[0,10.524],[10.513,7.031],[8.839,1.759],[0,0],[0,0],[0,0],[5.17,0],[0,0],[0,0],[0,0],[0,0],[0,0],[0,0],[0,0],[0,0],[0,0],[0,0],[0,0],[-0.924,0.022],[0,0],[0,0],[0,0],[-7.096,5.888],[0,15.855]],"o":[[0,0],[11.234,-2.025],[5.867,-6.845],[0,-15.204],[-5.402,-3.625],[0,0],[0,0],[0,0],[-4.541,-0.34],[0,0],[0,0],[0,0],[0,0],[0,0],[0,0],[0,0],[0,0],[0,0],[0,0],[0,0],[0.945,0],[0,0],[0,0],[0,0],[10.829,-1.99],[10.71,-8.894],[0,-23.703]],"v":[[21.054,-1.268],[21.054,-2.48],[46.701,-15.751],[55.501,-41.782],[39.727,-75.123],[18.301,-83.164],[18.301,-111.015],[3.103,-111.015],[3.103,-85.115],[-11.333,-85.694],[-11.998,-85.694],[-11.998,-111.015],[-27.195,-111.015],[-27.195,-85.694],[-61.439,-85.694],[-61.439,91.655],[-27.195,91.655],[-27.195,111.015],[-11.998,111.015],[-11.998,91.655],[0.425,91.655],[3.103,91.491],[3.103,111.015],[18.301,111.015],[18.301,89.939],[45.373,78.313],[61.439,41.201]],"c":true},"ix":2},"nm":"Path 3","mn":"ADBE Vector Shape - Group","hd":false},{"ty":"fl","c":{"a":0,"k":[0.898039221764,0.560784339905,0.164705887437,1],"ix":4},"o":{"a":0,"k":100,"ix":5},"r":1,"bm":0,"nm":"Fill 1","mn":"ADBE Vector Graphic - Fill","hd":false},{"ty":"tr","p":{"a":0,"k":[254.248,228.757],"ix":2},"a":{"a":0,"k":[0,0],"ix":1},"s":{"a":0,"k":[100,100],"ix":3},"r":{"a":0,"k":0,"ix":6},"o":{"a":0,"k":100,"ix":7},"sk":{"a":0,"k":0,"ix":4},"sa":{"a":0,"k":0,"ix":5},"nm":"Transform"}],"nm":"Group 1","np":4,"cix":2,"bm":0,"ix":1,"mn":"ADBE Vector Group","hd":false},{"ty":"gr","it":[{"ind":0,"ty":"sh","ix":1,"ks":{"a":0,"k":{"i":[[0,0],[-2.778,0.266],[-3.319,1.287],[-0.643,0.47],[0,10.866],[2.665,1.654],[1.277,0.49],[5.096,0.551],[4.575,0],[0,0],[0,0]],"o":[[3.217,0],[4.933,-0.429],[2.104,-0.797],[1.246,-0.878],[0,-8.068],[-0.96,-0.592],[-3.217,-1.266],[-3.82,-0.429],[0,0],[0,0],[0,0]],"v":[[-6.853,-20.2],[2.134,-20.589],[14.553,-23.162],[18.515,-25.143],[23.693,-39.706],[17.964,-52.37],[14.492,-53.943],[1.961,-56.68],[-10.478,-57.395],[-30.352,-57.395],[-30.352,-20.2]],"c":true},"ix":2},"nm":"Path 1","mn":"ADBE Vector Shape - Group","hd":false},{"ind":1,"ty":"sh","ix":2,"ks":{"a":0,"k":{"i":[[0,0],[-1.624,0.123],[-3.605,1.226],[-1.614,1.246],[0,12.541],[2.849,2.002],[3.248,1.042],[4.81,0.388],[2.798,0],[0,0],[0,0]],"o":[[1.777,0],[5.882,-0.409],[3.176,-1.062],[1.665,-1.266],[0,-9.886],[-1.552,-1.083],[-3.717,-1.205],[-2.471,-0.184],[0,0],[0,0],[0,0]],"v":[[-3.809,63.624],[1.226,63.359],[14.941,60.928],[22.151,57.456],[28.912,39.727],[22.263,24.04],[15.135,20.895],[2.298,18.526],[-5.515,18.178],[-30.352,18.178],[-30.352,63.624]],"c":true},"ix":2},"nm":"Path 2","mn":"ADBE Vector Shape - Group","hd":false},{"ind":2,"ty":"sh","ix":3,"ks":{"a":0,"k":{"i":[[0,0],[0,0],[0,0],[0,0],[0,0],[0,0],[0,0],[0,0],[-4.677,-3.145],[0,-23.448],[7.506,-8.762],[2.339,-1.818],[0,-15.012],[13.164,-10.927],[9.14,-2.635],[0,0]],"o":[[0,0],[0,0],[0,0],[0,0],[0,0],[0,0],[0,0],[6.587,1.92],[9.283,6.209],[0,13.031],[-1.92,2.226],[18.955,11.111],[0,19.036],[-6.352,5.27],[0,0],[0,0]],"v":[[-37.654,121.468],[-37.654,102.105],[-71.896,102.105],[-71.896,-96.161],[-37.654,-96.161],[-37.654,-121.468],[28.759,-121.468],[28.759,-91.382],[45.568,-83.804],[65.963,-41.79],[54.647,-8.946],[48.265,-2.86],[71.896,41.197],[52.053,86.357],[28.759,98.224],[28.759,121.468]],"c":true},"ix":2},"nm":"Path 3","mn":"ADBE Vector Shape - Group","hd":false},{"ty":"fl","c":{"a":0,"k":[0.988235294819,0.819607853889,0.341176480055,1],"ix":4},"o":{"a":0,"k":100,"ix":5},"r":1,"bm":0,"nm":"Fill 1","mn":"ADBE Vector Graphic - Fill","hd":false},{"ty":"tr","p":{"a":0,"k":[254.248,228.758],"ix":2},"a":{"a":0,"k":[0,0],"ix":1},"s":{"a":0,"k":[100,100],"ix":3},"r":{"a":0,"k":0,"ix":6},"o":{"a":0,"k":100,"ix":7},"sk":{"a":0,"k":0,"ix":4},"sa":{"a":0,"k":0,"ix":5},"nm":"Transform"}],"nm":"Group 2","np":4,"cix":2,"bm":0,"ix":2,"mn":"ADBE Vector Group","hd":false},{"ty":"gr","it":[{"ind":0,"ty":"sh","ix":1,"ks":{"a":0,"k":{"i":[[-36.03,-24.862],[-20.115,20.433],[-40.219,46.25],[43.739,0],[0,-76.119]],"o":[[19.961,-22.535],[43.078,-43.76],[-25.249,-31.776],[-76.119,0],[0,47.086]],"v":[[-63.18,125.65],[-3.363,60.31],[122.858,-73.437],[14.967,-125.65],[-122.858,12.176]],"c":true},"ix":2},"nm":"Path 1","mn":"ADBE Vector Shape - Group","hd":false},{"ty":"fl","c":{"a":0,"k":[0.984313726425,0.886274516582,0.54509806633,1],"ix":4},"o":{"a":0,"k":100,"ix":5},"r":1,"bm":0,"nm":"Fill 1","mn":"ADBE Vector Graphic - Fill","hd":false},{"ty":"tr","p":{"a":0,"k":[235.033,219.196],"ix":2},"a":{"a":0,"k":[0,0],"ix":1},"s":{"a":0,"k":[100,100],"ix":3},"r":{"a":0,"k":0,"ix":6},"o":{"a":0,"k":100,"ix":7},"sk":{"a":0,"k":0,"ix":4},"sa":{"a":0,"k":0,"ix":5},"nm":"Transform"}],"nm":"Group 3","np":2,"cix":2,"bm":0,"ix":3,"mn":"ADBE Vector Group","hd":false},{"ty":"gr","it":[{"ind":0,"ty":"sh","ix":1,"ks":{"a":0,"k":{"i":[[0,-85.912],[85.912,0],[0,85.912],[-85.912,0]],"o":[[0,85.912],[-85.912,0],[0,-85.912],[85.912,0]],"v":[[155.558,0],[0,155.558],[-155.558,0],[0,-155.558]],"c":true},"ix":2},"nm":"Path 1","mn":"ADBE Vector Shape - Group","hd":false},{"ty":"fl","c":{"a":0,"k":[0.988235294819,0.819607853889,0.341176480055,1],"ix":4},"o":{"a":0,"k":100,"ix":5},"r":1,"bm":0,"nm":"Fill 1","mn":"ADBE Vector Graphic - Fill","hd":false},{"ty":"tr","p":{"a":0,"k":[250,230.719],"ix":2},"a":{"a":0,"k":[0,0],"ix":1},"s":{"a":0,"k":[100,100],"ix":3},"r":{"a":0,"k":0,"ix":6},"o":{"a":0,"k":100,"ix":7},"sk":{"a":0,"k":0,"ix":4},"sa":{"a":0,"k":0,"ix":5},"nm":"Transform"}],"nm":"Group 4","np":2,"cix":2,"bm":0,"ix":4,"mn":"ADBE Vector Group","hd":false}],"ip":0,"op":180,"st":0,"bm":0},{"ddd":0,"ind":7,"ty":1,"nm":"White Solid 1","tt":1,"sr":1,"ks":{"o":{"a":1,"k":[{"i":{"x":[0.833],"y":[0.833]},"o":{"x":[0.167],"y":[0.167]},"t":22,"s":[71]},{"i":{"x":[0.833],"y":[0.833]},"o":{"x":[0.167],"y":[0.167]},"t":23,"s":[0]},{"i":{"x":[0.833],"y":[0.833]},"o":{"x":[0.167],"y":[0.167]},"t":55,"s":[0]},{"i":{"x":[0.833],"y":[0.833]},"o":{"x":[0.167],"y":[0.167]},"t":56,"s":[70]},{"i":{"x":[0.833],"y":[0.833]},"o":{"x":[0.167],"y":[0.167]},"t":81,"s":[70]},{"t":82,"s":[0]}],"ix":11},"r":{"a":0,"k":38,"ix":10},"p":{"a":1,"k":[{"i":{"x":0.833,"y":0.833},"o":{"x":0.167,"y":0.167},"t":1,"s":[285,228,0],"to":[67.5,50.333,0],"ti":[-9.333,1.667,0]},{"i":{"x":0.833,"y":0.833},"o":{"x":0.167,"y":0.167},"t":22,"s":[690,530,0],"to":[9.333,-1.667,0],"ti":[10.167,0,0]},{"i":{"x":0.833,"y":0.833},"o":{"x":0.167,"y":0.167},"t":56,"s":[341,218,0],"to":[-10.167,0,0],"ti":[1,0.667,0]},{"i":{"x":0.833,"y":0.833},"o":{"x":0.167,"y":0.167},"t":81,"s":[629,530,0],"to":[-1,-0.667,0],"ti":[49,52.667,0]},{"t":115,"s":[335,214,0]}],"ix":2,"l":2},"a":{"a":0,"k":[250,250,0],"ix":1,"l":2},"s":{"a":0,"k":[150,150,100],"ix":6,"l":2}},"ao":0,"hasMask":true,"masksProperties":[{"inv":false,"mode":"a","pt":{"a":0,"k":{"i":[[0,0],[0,0],[0,0],[0,0]],"o":[[0,0],[0,0],[0,0],[0,0]],"v":[[93.859,124],[45,124],[45,440.703],[93.859,440.703]],"c":true},"ix":1},"o":{"a":0,"k":100,"ix":3},"x":{"a":0,"k":0,"ix":4},"nm":"Mask 1"}],"sw":500,"sh":500,"sc":"#ffffff","ip":0,"op":180,"st":0,"bm":0},{"ddd":0,"ind":8,"ty":4,"nm":"Layer 5","sr":1,"ks":{"o":{"a":0,"k":100,"ix":11},"r":{"a":0,"k":0,"ix":10},"p":{"a":1,"k":[{"i":{"x":0.833,"y":0.833},"o":{"x":0.167,"y":0.167},"t":0,"s":[250,230.719,0],"to":[-0.167,0,0],"ti":[0,0,0]},{"i":{"x":0.833,"y":0.833},"o":{"x":0.167,"y":0.167},"t":30,"s":[249,230.719,0],"to":[0,0,0],"ti":[0,0,0]},{"i":{"x":0.833,"y":0.833},"o":{"x":0.167,"y":0.167},"t":31,"s":[214,230.719,0],"to":[0,0,0],"ti":[0,0,0]},{"i":{"x":0.833,"y":0.833},"o":{"x":0.167,"y":0.167},"t":90,"s":[237.526,230.719,0],"to":[0,0,0],"ti":[0,0,0]},{"i":{"x":0.833,"y":0.833},"o":{"x":0.167,"y":0.167},"t":91,"s":[203.526,230.719,0],"to":[0,0,0],"ti":[0,0,0]},{"t":120,"s":[250,230.719,0]}],"ix":2,"l":2},"a":{"a":0,"k":[250,230.719,0],"ix":1,"l":2},"s":{"a":1,"k":[{"i":{"x":[0.833,0.833,0.833],"y":[0.833,0.833,0.833]},"o":{"x":[0.167,0.167,0.167],"y":[0.167,0.167,0.167]},"t":0,"s":[100,100,100]},{"i":{"x":[0.833,0.833,0.833],"y":[0.833,0.833,0.833]},"o":{"x":[0.167,0.167,0.167],"y":[0.167,0.167,0.167]},"t":30,"s":[0,100,100]},{"i":{"x":[0.833,0.833,0.833],"y":[0.833,0.833,0.833]},"o":{"x":[0.167,0.167,0.167],"y":[0.167,0.167,0.167]},"t":31,"s":[0,100,100]},{"i":{"x":[0.833,0.833,0.833],"y":[0.833,0.833,0.833]},"o":{"x":[0.167,0.167,0.167],"y":[0.167,0.167,0.167]},"t":60,"s":[-100,100,100]},{"i":{"x":[0.833,0.833,0.833],"y":[0.833,0.833,0.833]},"o":{"x":[0.167,0.167,0.167],"y":[0.167,0.167,0.167]},"t":90,"s":[0,100,100]},{"i":{"x":[0.833,0.833,0.833],"y":[0.833,0.833,0.833]},"o":{"x":[0.167,0.167,0.167],"y":[0.167,0.167,0.167]},"t":91,"s":[0,100,100]},{"t":120,"s":[100,100,100]}],"ix":6,"l":2}},"ao":0,"shapes":[{"ty":"gr","it":[{"ind":0,"ty":"sh","ix":1,"ks":{"a":0,"k":{"i":[[7.241,-5.542],[3.882,-1.316],[5.756,-0.419],[2.457,0],[0,0],[0,0],[0,0],[0,0],[0,0],[0,0],[0,0],[-2.75,-0.213],[-4.384,-1.393],[-2.737,-1.911],[0,-10.989]],"o":[[-2.81,2.154],[-4.39,1.488],[-2.248,0.163],[0,0],[0,0],[0,0],[0,0],[0,0],[0,0],[0,0],[3.068,0],[5.794,0.448],[3.791,1.205],[7.391,5.192],[0,11.806]],"v":[[28.505,65.764],[18.301,70.843],[3.103,73.719],[-3.813,74.076],[-11.998,74.076],[-27.195,74.076],[-40.809,74.076],[-40.809,7.719],[-27.195,7.719],[-11.998,7.719],[-5.512,7.719],[3.103,8.112],[18.301,10.92],[28.272,15.473],[39.366,39.733]],"c":true},"ix":2},"nm":"Path 1","mn":"ADBE Vector Shape - Group","hd":false},{"ind":1,"ty":"sh","ix":2,"ks":{"a":0,"k":{"i":[[0,0],[0,0],[0,0],[0,0],[-4.144,-0.463],[-4.136,-1.617],[-1.503,-0.929],[0,-9.942],[6.379,-4.564],[2.376,-0.913],[6.023,-0.539],[3.568,0],[0,0],[0,0],[0,0]],"o":[[0,0],[0,0],[0,0],[5.023,0],[5.955,0.664],[1.878,0.734],[7.113,4.4],[0,10.827],[-1.758,1.261],[-4.145,1.593],[-3.078,0.274],[0,0],[0,0],[0,0],[0,0]],"v":[[-40.809,-67.859],[-27.195,-67.859],[-11.998,-67.859],[-10.483,-67.859],[3.103,-67.079],[18.301,-63.687],[23.475,-61.247],[34.151,-39.71],[24.57,-16.613],[18.301,-13.389],[3.103,-10.165],[-6.851,-9.743],[-11.998,-9.743],[-27.195,-9.743],[-40.809,-9.743]],"c":true},"ix":2},"nm":"Path 2","mn":"ADBE Vector Shape - Group","hd":false},{"ind":2,"ty":"sh","ix":3,"ks":{"a":0,"k":{"i":[[26.927,4.61],[0,0],[-5.856,6.822],[0,10.524],[10.513,7.031],[8.839,1.759],[0,0],[0,0],[0,0],[5.17,0],[0,0],[0,0],[0,0],[0,0],[0,0],[0,0],[0,0],[0,0],[0,0],[0,0],[0,0],[-0.924,0.022],[0,0],[0,0],[0,0],[-7.096,5.888],[0,15.855]],"o":[[0,0],[11.234,-2.025],[5.867,-6.845],[0,-15.204],[-5.402,-3.625],[0,0],[0,0],[0,0],[-4.541,-0.34],[0,0],[0,0],[0,0],[0,0],[0,0],[0,0],[0,0],[0,0],[0,0],[0,0],[0,0],[0.945,0],[0,0],[0,0],[0,0],[10.829,-1.99],[10.71,-8.894],[0,-23.703]],"v":[[21.054,-1.268],[21.054,-2.48],[46.701,-15.751],[55.501,-41.782],[39.727,-75.123],[18.301,-83.164],[18.301,-111.015],[3.103,-111.015],[3.103,-85.115],[-11.333,-85.694],[-11.998,-85.694],[-11.998,-111.015],[-27.195,-111.015],[-27.195,-85.694],[-61.439,-85.694],[-61.439,91.655],[-27.195,91.655],[-27.195,111.015],[-11.998,111.015],[-11.998,91.655],[0.425,91.655],[3.103,91.491],[3.103,111.015],[18.301,111.015],[18.301,89.939],[45.373,78.313],[61.439,41.201]],"c":true},"ix":2},"nm":"Path 3","mn":"ADBE Vector Shape - Group","hd":false},{"ty":"fl","c":{"a":0,"k":[0.898039221764,0.560784339905,0.164705887437,1],"ix":4},"o":{"a":0,"k":100,"ix":5},"r":1,"bm":0,"nm":"Fill 1","mn":"ADBE Vector Graphic - Fill","hd":false},{"ty":"tr","p":{"a":0,"k":[254.248,228.757],"ix":2},"a":{"a":0,"k":[0,0],"ix":1},"s":{"a":0,"k":[100,100],"ix":3},"r":{"a":0,"k":0,"ix":6},"o":{"a":0,"k":100,"ix":7},"sk":{"a":0,"k":0,"ix":4},"sa":{"a":0,"k":0,"ix":5},"nm":"Transform"}],"nm":"Group 1","np":4,"cix":2,"bm":0,"ix":1,"mn":"ADBE Vector Group","hd":false},{"ty":"gr","it":[{"ind":0,"ty":"sh","ix":1,"ks":{"a":0,"k":{"i":[[0,0],[-2.778,0.266],[-3.319,1.287],[-0.643,0.47],[0,10.866],[2.665,1.654],[1.277,0.49],[5.096,0.551],[4.575,0],[0,0],[0,0]],"o":[[3.217,0],[4.933,-0.429],[2.104,-0.797],[1.246,-0.878],[0,-8.068],[-0.96,-0.592],[-3.217,-1.266],[-3.82,-0.429],[0,0],[0,0],[0,0]],"v":[[-6.853,-20.2],[2.134,-20.589],[14.553,-23.162],[18.515,-25.143],[23.693,-39.706],[17.964,-52.37],[14.492,-53.943],[1.961,-56.68],[-10.478,-57.395],[-30.352,-57.395],[-30.352,-20.2]],"c":true},"ix":2},"nm":"Path 1","mn":"ADBE Vector Shape - Group","hd":false},{"ind":1,"ty":"sh","ix":2,"ks":{"a":0,"k":{"i":[[0,0],[-1.624,0.123],[-3.605,1.226],[-1.614,1.246],[0,12.541],[2.849,2.002],[3.248,1.042],[4.81,0.388],[2.798,0],[0,0],[0,0]],"o":[[1.777,0],[5.882,-0.409],[3.176,-1.062],[1.665,-1.266],[0,-9.886],[-1.552,-1.083],[-3.717,-1.205],[-2.471,-0.184],[0,0],[0,0],[0,0]],"v":[[-3.809,63.624],[1.226,63.359],[14.941,60.928],[22.151,57.456],[28.912,39.727],[22.263,24.04],[15.135,20.895],[2.298,18.526],[-5.515,18.178],[-30.352,18.178],[-30.352,63.624]],"c":true},"ix":2},"nm":"Path 2","mn":"ADBE Vector Shape - Group","hd":false},{"ind":2,"ty":"sh","ix":3,"ks":{"a":0,"k":{"i":[[0,0],[0,0],[0,0],[0,0],[0,0],[0,0],[0,0],[0,0],[-4.677,-3.145],[0,-23.448],[7.506,-8.762],[2.339,-1.818],[0,-15.012],[13.164,-10.927],[9.14,-2.635],[0,0]],"o":[[0,0],[0,0],[0,0],[0,0],[0,0],[0,0],[0,0],[6.587,1.92],[9.283,6.209],[0,13.031],[-1.92,2.226],[18.955,11.111],[0,19.036],[-6.352,5.27],[0,0],[0,0]],"v":[[-37.654,121.468],[-37.654,102.105],[-71.896,102.105],[-71.896,-96.161],[-37.654,-96.161],[-37.654,-121.468],[28.759,-121.468],[28.759,-91.382],[45.568,-83.804],[65.963,-41.79],[54.647,-8.946],[48.265,-2.86],[71.896,41.197],[52.053,86.357],[28.759,98.224],[28.759,121.468]],"c":true},"ix":2},"nm":"Path 3","mn":"ADBE Vector Shape - Group","hd":false},{"ty":"fl","c":{"a":0,"k":[0.988235294819,0.819607853889,0.341176480055,1],"ix":4},"o":{"a":0,"k":100,"ix":5},"r":1,"bm":0,"nm":"Fill 1","mn":"ADBE Vector Graphic - Fill","hd":false},{"ty":"tr","p":{"a":0,"k":[254.248,228.758],"ix":2},"a":{"a":0,"k":[0,0],"ix":1},"s":{"a":0,"k":[100,100],"ix":3},"r":{"a":0,"k":0,"ix":6},"o":{"a":0,"k":100,"ix":7},"sk":{"a":0,"k":0,"ix":4},"sa":{"a":0,"k":0,"ix":5},"nm":"Transform"}],"nm":"Group 2","np":4,"cix":2,"bm":0,"ix":2,"mn":"ADBE Vector Group","hd":false},{"ty":"gr","it":[{"ind":0,"ty":"sh","ix":1,"ks":{"a":0,"k":{"i":[[-36.03,-24.862],[-20.115,20.433],[-40.219,46.25],[43.739,0],[0,-76.119]],"o":[[19.961,-22.535],[43.078,-43.76],[-25.249,-31.776],[-76.119,0],[0,47.086]],"v":[[-63.18,125.65],[-3.363,60.31],[122.858,-73.437],[14.967,-125.65],[-122.858,12.176]],"c":true},"ix":2},"nm":"Path 1","mn":"ADBE Vector Shape - Group","hd":false},{"ty":"fl","c":{"a":0,"k":[0.984313726425,0.886274516582,0.54509806633,1],"ix":4},"o":{"a":0,"k":100,"ix":5},"r":1,"bm":0,"nm":"Fill 1","mn":"ADBE Vector Graphic - Fill","hd":false},{"ty":"tr","p":{"a":0,"k":[235.033,219.196],"ix":2},"a":{"a":0,"k":[0,0],"ix":1},"s":{"a":0,"k":[100,100],"ix":3},"r":{"a":0,"k":0,"ix":6},"o":{"a":0,"k":100,"ix":7},"sk":{"a":0,"k":0,"ix":4},"sa":{"a":0,"k":0,"ix":5},"nm":"Transform"}],"nm":"Group 3","np":2,"cix":2,"bm":0,"ix":3,"mn":"ADBE Vector Group","hd":false},{"ty":"gr","it":[{"ind":0,"ty":"sh","ix":1,"ks":{"a":0,"k":{"i":[[0,-85.912],[85.912,0],[0,85.912],[-85.912,0]],"o":[[0,85.912],[-85.912,0],[0,-85.912],[85.912,0]],"v":[[155.558,0],[0,155.558],[-155.558,0],[0,-155.558]],"c":true},"ix":2},"nm":"Path 1","mn":"ADBE Vector Shape - Group","hd":false},{"ty":"fl","c":{"a":0,"k":[0.988235294819,0.819607853889,0.341176480055,1],"ix":4},"o":{"a":0,"k":100,"ix":5},"r":1,"bm":0,"nm":"Fill 1","mn":"ADBE Vector Graphic - Fill","hd":false},{"ty":"tr","p":{"a":0,"k":[250,230.719],"ix":2},"a":{"a":0,"k":[0,0],"ix":1},"s":{"a":0,"k":[100,100],"ix":3},"r":{"a":0,"k":0,"ix":6},"o":{"a":0,"k":100,"ix":7},"sk":{"a":0,"k":0,"ix":4},"sa":{"a":0,"k":0,"ix":5},"nm":"Transform"}],"nm":"Group 4","np":2,"cix":2,"bm":0,"ix":4,"mn":"ADBE Vector Group","hd":false}],"ip":0,"op":180,"st":0,"bm":0},{"ddd":0,"ind":9,"ty":4,"nm":"Layer 4","sr":1,"ks":{"o":{"a":0,"k":100,"ix":11},"r":{"a":0,"k":0,"ix":10},"p":{"a":1,"k":[{"i":{"x":0.833,"y":0.833},"o":{"x":0.167,"y":0.167},"t":0,"s":[250,250,0],"to":[-0.167,0,0],"ti":[0,0,0]},{"i":{"x":0.833,"y":0.833},"o":{"x":0.167,"y":0.167},"t":30,"s":[249,250,0],"to":[0,0,0],"ti":[0,0,0]},{"i":{"x":0.833,"y":0.833},"o":{"x":0.167,"y":0.167},"t":31,"s":[214,250,0],"to":[0,0,0],"ti":[0,0,0]},{"i":{"x":0.833,"y":0.833},"o":{"x":0.167,"y":0.167},"t":36,"s":[215.081,250,0],"to":[0,0,0],"ti":[0,0,0]},{"i":{"x":0.833,"y":0.833},"o":{"x":0.167,"y":0.167},"t":90,"s":[237.528,250,0],"to":[0,0,0],"ti":[0,0,0]},{"i":{"x":0.833,"y":0.833},"o":{"x":0.167,"y":0.167},"t":91,"s":[203.528,250,0],"to":[0,0,0],"ti":[0,0,0]},{"t":120,"s":[250,250,0]}],"ix":2,"l":2},"a":{"a":0,"k":[0,0,0],"ix":1,"l":2},"s":{"a":1,"k":[{"i":{"x":[0.833,0.833,0.833],"y":[0.833,0.833,0.833]},"o":{"x":[0.167,0.167,0.167],"y":[0.167,0.167,0.167]},"t":0,"s":[100,100,100]},{"i":{"x":[0.833,0.833,0.833],"y":[0.833,0.833,0.833]},"o":{"x":[0.167,0.167,0.167],"y":[0.167,0.167,0.167]},"t":30,"s":[0,100,100]},{"i":{"x":[0.833,0.833,0.833],"y":[0.833,0.833,0.833]},"o":{"x":[0.167,0.167,0.167],"y":[0.167,0.167,0.167]},"t":31,"s":[0,100,100]},{"i":{"x":[0.833,0.833,0.833],"y":[0.833,0.833,0.833]},"o":{"x":[0.167,0.167,0.167],"y":[0.167,0.167,0.167]},"t":60,"s":[100,100,100]},{"i":{"x":[0.833,0.833,0.833],"y":[0.833,0.833,0.833]},"o":{"x":[0.167,0.167,0.167],"y":[0.167,0.167,0.167]},"t":90,"s":[0,100,100]},{"i":{"x":[0.833,0.833,0.833],"y":[0.833,0.833,0.833]},"o":{"x":[0.167,0.167,0.167],"y":[0.167,0.167,0.167]},"t":91,"s":[0,100,100]},{"t":120,"s":[100,100,100]}],"ix":6,"l":2}},"ao":0,"shapes":[{"ty":"gr","it":[{"ind":0,"ty":"sh","ix":1,"ks":{"a":0,"k":{"i":[[0,6.442],[86.073,0],[0,-86.073],[0,-6.442],[-86.073,0],[0,86.073]],"o":[[0,-86.073],[-86.073,0],[0,6.442],[0,86.073],[86.073,0],[0,-6.442]],"v":[[155.849,-18.99],[0,-174.839],[-155.849,-18.99],[-155.849,18.99],[0,174.839],[155.849,18.99]],"c":true},"ix":2},"nm":"Path 1","mn":"ADBE Vector Shape - Group","hd":false},{"ty":"fl","c":{"a":0,"k":[0.898039221764,0.560784339905,0.164705887437,1],"ix":4},"o":{"a":0,"k":100,"ix":5},"r":1,"bm":0,"nm":"Fill 1","mn":"ADBE Vector Graphic - Fill","hd":false},{"ty":"tr","p":{"a":0,"k":[0,0],"ix":2},"a":{"a":0,"k":[0,0],"ix":1},"s":{"a":0,"k":[100,100],"ix":3},"r":{"a":0,"k":0,"ix":6},"o":{"a":0,"k":100,"ix":7},"sk":{"a":0,"k":0,"ix":4},"sa":{"a":0,"k":0,"ix":5},"nm":"Transform"}],"nm":"Group 1","np":2,"cix":2,"bm":0,"ix":1,"mn":"ADBE Vector Group","hd":false}],"ip":0,"op":180,"st":0,"bm":0},{"ddd":0,"ind":10,"ty":4,"nm":"Layer 3","sr":1,"ks":{"o":{"a":0,"k":100,"ix":11},"r":{"a":0,"k":0,"ix":10},"p":{"a":1,"k":[{"i":{"x":0.833,"y":0.833},"o":{"x":0.167,"y":0.167},"t":0,"s":[250,250,0],"to":[-2.225,0,0],"ti":[6.178,0,0]},{"i":{"x":0.833,"y":0.833},"o":{"x":0.167,"y":0.167},"t":14,"s":[205.537,250,0],"to":[-8.165,0,0],"ti":[0,0,0]},{"i":{"x":0.833,"y":0.833},"o":{"x":0.167,"y":0.167},"t":30,"s":[219,250,0],"to":[0,0,0],"ti":[0,0,0]},{"i":{"x":0.833,"y":0.833},"o":{"x":0.167,"y":0.167},"t":31,"s":[244,250,0],"to":[0,0,0],"ti":[0,0,0]},{"i":{"x":0.833,"y":0.833},"o":{"x":0.167,"y":0.167},"t":46,"s":[265.081,250,0],"to":[0,0,0],"ti":[0,0,0]},{"i":{"x":0.833,"y":0.833},"o":{"x":0.167,"y":0.167},"t":60,"s":[229.947,250,0],"to":[0,0,0],"ti":[0,0,0]},{"i":{"x":0.833,"y":0.833},"o":{"x":0.167,"y":0.167},"t":75,"s":[188.737,250,0],"to":[0,0,0],"ti":[0,0,0]},{"i":{"x":0.833,"y":0.833},"o":{"x":0.167,"y":0.167},"t":90,"s":[207.528,250,0],"to":[0,0,0],"ti":[0,0,0]},{"i":{"x":0.833,"y":0.833},"o":{"x":0.167,"y":0.167},"t":91,"s":[233.528,250,0],"to":[0,0,0],"ti":[0,0,0]},{"i":{"x":0.833,"y":0.833},"o":{"x":0.167,"y":0.167},"t":107,"s":[272.603,250,0],"to":[0,0,0],"ti":[0,0,0]},{"t":120,"s":[250,250,0]}],"ix":2,"l":2},"a":{"a":0,"k":[0,0,0],"ix":1,"l":2},"s":{"a":1,"k":[{"i":{"x":[0.833,0.833,0.833],"y":[0.833,0.833,0.833]},"o":{"x":[0.167,0.167,0.167],"y":[0.167,0.167,0.167]},"t":0,"s":[100,100,100]},{"i":{"x":[0.833,0.833,0.833],"y":[0.833,0.833,0.833]},"o":{"x":[0.167,0.167,0.167],"y":[0.167,0.167,0.167]},"t":30,"s":[0,100,100]},{"i":{"x":[0.833,0.833,0.833],"y":[0.833,0.833,0.833]},"o":{"x":[0.167,0.167,0.167],"y":[0.167,0.167,0.167]},"t":31,"s":[0,100,100]},{"i":{"x":[0.833,0.833,0.833],"y":[0.833,0.833,0.833]},"o":{"x":[0.167,0.167,0.167],"y":[0.167,0.167,0.167]},"t":60,"s":[100,100,100]},{"i":{"x":[0.833,0.833,0.833],"y":[0.833,0.833,0.833]},"o":{"x":[0.167,0.167,0.167],"y":[0.167,0.167,0.167]},"t":90,"s":[0,100,100]},{"i":{"x":[0.833,0.833,0.833],"y":[0.833,0.833,0.833]},"o":{"x":[0.167,0.167,0.167],"y":[0.167,0.167,0.167]},"t":91,"s":[0,100,100]},{"t":120,"s":[100,100,100]}],"ix":6,"l":2}},"ao":0,"shapes":[{"ty":"gr","it":[{"ind":0,"ty":"sh","ix":1,"ks":{"a":0,"k":{"i":[[0,6.442],[86.073,0],[0,-86.073],[0,-6.442],[-86.073,0],[0,86.073]],"o":[[0,-86.073],[-86.073,0],[0,6.442],[0,86.073],[86.073,0],[0,-6.442]],"v":[[155.849,-18.99],[0,-174.839],[-155.849,-18.99],[-155.849,18.99],[0,174.839],[155.849,18.99]],"c":true},"ix":2},"nm":"Path 1","mn":"ADBE Vector Shape - Group","hd":false},{"ty":"fl","c":{"a":0,"k":[0.751409292221,0.440795212984,0.076004229486,1],"ix":4},"o":{"a":0,"k":100,"ix":5},"r":1,"bm":0,"nm":"Fill 1","mn":"ADBE Vector Graphic - Fill","hd":false},{"ty":"tr","p":{"a":0,"k":[0,0],"ix":2},"a":{"a":0,"k":[0,0],"ix":1},"s":{"a":0,"k":[100,100],"ix":3},"r":{"a":0,"k":0,"ix":6},"o":{"a":0,"k":100,"ix":7},"sk":{"a":0,"k":0,"ix":4},"sa":{"a":0,"k":0,"ix":5},"nm":"Transform"}],"nm":"Group 1","np":2,"cix":2,"bm":0,"ix":1,"mn":"ADBE Vector Group","hd":false}],"ip":0,"op":180,"st":0,"bm":0},{"ddd":0,"ind":11,"ty":4,"nm":"Shape Layer 1","sr":1,"ks":{"o":{"a":0,"k":100,"ix":11},"r":{"a":0,"k":0,"ix":10},"p":{"a":0,"k":[240,250,0],"ix":2,"l":2},"a":{"a":0,"k":[0,0,0],"ix":1,"l":2},"s":{"a":0,"k":[100,100,100],"ix":6,"l":2}},"ao":0,"shapes":[{"ty":"gr","it":[{"ind":0,"ty":"sh","ix":1,"ks":{"a":1,"k":[{"i":{"x":0.833,"y":0.833},"o":{"x":0.167,"y":0.167},"t":0,"s":[{"i":[[0,0],[0,0],[0,0],[0,0]],"o":[[0,0],[0,0],[0,0],[0,0]],"v":[[4,-175],[4,-175],[4,175],[4,175]],"c":true}]},{"i":{"x":0.833,"y":0.833},"o":{"x":0.167,"y":0.167},"t":14,"s":[{"i":[[0,0],[0,0],[0,0],[0,0]],"o":[[0,0],[0,0],[0,0],[0,0]],"v":[[9,-175],[-35.267,-175],[-35.267,175],[12,175]],"c":true}]},{"i":{"x":0.833,"y":0.833},"o":{"x":0.167,"y":0.167},"t":26,"s":[{"i":[[0,0],[0,0],[0,0],[0,0]],"o":[[0,0],[0,0],[0,0],[0,0]],"v":[[7,-175],[-23.767,-175],[-23.767,175],[10,175]],"c":true}]},{"i":{"x":0.833,"y":0.833},"o":{"x":0.167,"y":0.167},"t":28,"s":[{"i":[[0,0],[0,0],[0,0],[0,0]],"o":[[0,0],[0,0],[0,0],[0,0]],"v":[[7.5,-175],[-22.017,-175],[-23.017,175],[10.5,175]],"c":true}]},{"i":{"x":0.833,"y":0.833},"o":{"x":0.167,"y":0.167},"t":29,"s":[{"i":[[0,0],[0,0],[0,0],[0,0]],"o":[[0,0],[0,0],[0,0],[0,0]],"v":[[7.75,-175],[-21.142,-175],[-21.642,175],[8.75,175]],"c":true}]},{"i":{"x":0.833,"y":0.833},"o":{"x":0.167,"y":0.167},"t":30,"s":[{"i":[[0,0],[0,0],[0,0],[0,0]],"o":[[0,0],[0,0],[0,0],[0,0]],"v":[[8,-175],[-31.267,-175],[-31.267,175],[11,175]],"c":true}]},{"i":{"x":0.833,"y":0.833},"o":{"x":0.167,"y":0.167},"t":31,"s":[{"i":[[0,0],[0,0],[0,0],[0,0]],"o":[[0,0],[0,0],[0,0],[0,0]],"v":[[8,-175],[-30.267,-175],[-30.267,175],[11,175]],"c":true}]},{"i":{"x":0.833,"y":0.833},"o":{"x":0.167,"y":0.167},"t":32,"s":[{"i":[[0,0],[0,0],[0,0],[0,0]],"o":[[0,0],[0,0],[0,0],[0,0]],"v":[[5.476,-175],[-26.933,-175],[-24.933,175],[5.143,175]],"c":true}]},{"i":{"x":0.833,"y":0.833},"o":{"x":0.167,"y":0.167},"t":33,"s":[{"i":[[0,0],[0,0],[0,0],[0,0]],"o":[[0,0],[0,0],[0,0],[0,0]],"v":[[7.214,-175],[-24.767,-175],[-24.767,175],[8.214,175]],"c":true}]},{"i":{"x":0.833,"y":0.833},"o":{"x":0.167,"y":0.167},"t":36,"s":[{"i":[[0,0],[0,0],[0,0],[0,0]],"o":[[0,0],[0,0],[0,0],[0,0]],"v":[[12.429,-175],[-23.267,-175],[-23.267,175],[11.429,175]],"c":true}]},{"i":{"x":0.833,"y":0.833},"o":{"x":0.167,"y":0.167},"t":46,"s":[{"i":[[0,0],[0,0],[0,0],[0,0]],"o":[[0,0],[0,0],[0,0],[0,0]],"v":[[29.083,-175],[-26.267,-175],[-26.267,175],[29.75,175]],"c":true}]},{"i":{"x":0.833,"y":0.833},"o":{"x":0.167,"y":0.167},"t":60,"s":[{"i":[[0,0],[0,0],[0,0],[0,0]],"o":[[0,0],[0,0],[0,0],[0,0]],"v":[[-26,-175],[-23.267,-175],[-23.267,175],[-23,175]],"c":true}]},{"i":{"x":0.833,"y":0.833},"o":{"x":0.167,"y":0.167},"t":75,"s":[{"i":[[0,0],[0,0],[0,0],[0,0]],"o":[[0,0],[0,0],[0,0],[0,0]],"v":[[-9.539,-175],[-52.467,-175],[-51.017,175],[-9.533,175]],"c":true}]},{"i":{"x":0.833,"y":0.833},"o":{"x":0.167,"y":0.167},"t":80,"s":[{"i":[[0,0],[0,0],[0,0],[0,0]],"o":[[0,0],[0,0],[0,0],[0,0]],"v":[[-11.333,-175],[-44.267,-175],[-46.267,175],[-5.667,175]],"c":true}]},{"i":{"x":0.833,"y":0.833},"o":{"x":0.167,"y":0.167},"t":87,"s":[{"i":[[0,0],[0,0],[0,0],[0,0]],"o":[[0,0],[0,0],[0,0],[0,0]],"v":[[-6.2,-175],[-37.067,-175],[-37.667,175],[-2.4,175]],"c":true}]},{"i":{"x":0.833,"y":0.833},"o":{"x":0.167,"y":0.167},"t":88,"s":[{"i":[[0,0],[0,0],[0,0],[0,0]],"o":[[0,0],[0,0],[0,0],[0,0]],"v":[[-5.467,-175],[-33.8,-175],[-34.2,175],[-1.933,175]],"c":true}]},{"i":{"x":0.833,"y":0.833},"o":{"x":0.167,"y":0.167},"t":89,"s":[{"i":[[0,0],[0,0],[0,0],[0,0]],"o":[[0,0],[0,0],[0,0],[0,0]],"v":[[-2.733,-175],[-33.033,-175],[-33.233,175],[-1.467,175]],"c":true}]},{"i":{"x":0.833,"y":0.833},"o":{"x":0.167,"y":0.167},"t":90,"s":[{"i":[[0,0],[0,0],[0,0],[0,0]],"o":[[0,0],[0,0],[0,0],[0,0]],"v":[[-4.167,-175],[-38.767,-175],[-38.767,175],[-2,175]],"c":true}]},{"i":{"x":0.833,"y":0.833},"o":{"x":0.167,"y":0.167},"t":91,"s":[{"i":[[0,0],[0,0],[0,0],[0,0]],"o":[[0,0],[0,0],[0,0],[0,0]],"v":[[-4.167,-175],[-38.767,-175],[-38.767,175],[-2,175]],"c":true}]},{"i":{"x":0.833,"y":0.833},"o":{"x":0.167,"y":0.167},"t":92,"s":[{"i":[[0,0],[0,0],[0,0],[0,0]],"o":[[0,0],[0,0],[0,0],[0,0]],"v":[[-4.333,-175],[-34.267,-175],[-34.267,175],[-3,175]],"c":true}]},{"i":{"x":0.833,"y":0.833},"o":{"x":0.167,"y":0.167},"t":93,"s":[{"i":[[0,0],[0,0],[0,0],[0,0]],"o":[[0,0],[0,0],[0,0],[0,0]],"v":[[-3,-175],[-33.267,-175],[-33.267,175],[-1,175]],"c":true}]},{"i":{"x":0.833,"y":0.833},"o":{"x":0.167,"y":0.167},"t":97,"s":[{"i":[[0,0],[0,0],[0,0],[0,0]],"o":[[0,0],[0,0],[0,0],[0,0]],"v":[[9.429,-175],[-25.267,-175],[-25.267,175],[8.429,175]],"c":true}]},{"i":{"x":0.833,"y":0.833},"o":{"x":0.167,"y":0.167},"t":107,"s":[{"i":[[0,0],[0,0],[0,0],[0,0]],"o":[[0,0],[0,0],[0,0],[0,0]],"v":[[37.713,-175],[-9.614,-175],[-9.614,175],[37.438,175]],"c":true}]},{"t":120,"s":[{"i":[[0,0],[0,0],[0,0],[0,0]],"o":[[0,0],[0,0],[0,0],[0,0]],"v":[[10.083,-175],[10.733,-175],[10.733,175],[10.75,175]],"c":true}]}],"ix":2},"nm":"Path 1","mn":"ADBE Vector Shape - Group","hd":false},{"ty":"fl","c":{"a":0,"k":[0.752941250801,0.4392157197,0.074509806931,1],"ix":4},"o":{"a":0,"k":100,"ix":5},"r":1,"bm":0,"nm":"Fill 1","mn":"ADBE Vector Graphic - Fill","hd":false},{"ty":"tr","p":{"a":0,"k":[0,0],"ix":2},"a":{"a":0,"k":[0,0],"ix":1},"s":{"a":0,"k":[100,100],"ix":3},"r":{"a":0,"k":0,"ix":6},"o":{"a":0,"k":100,"ix":7},"sk":{"a":0,"k":0,"ix":4},"sa":{"a":0,"k":0,"ix":5},"nm":"Transform"}],"nm":"Shape 1","np":3,"cix":2,"bm":0,"ix":1,"mn":"ADBE Vector Group","hd":false}],"ip":0,"op":121,"st":0,"bm":0}],"markers":[]}