{"v":"5.7.4","fr":60,"ip":0,"op":121,"w":500,"h":500,"nm":"emojiwink","ddd":0,"assets":[],"layers":[{"ddd":0,"ind":1,"ty":3,"nm":"NULL CONTROL 2","parent":6,"sr":1,"ks":{"o":{"a":0,"k":0,"ix":11},"r":{"a":1,"k":[{"i":{"x":[0.4],"y":[1]},"o":{"x":[0.5],"y":[0]},"t":-34,"s":[0]},{"i":{"x":[0.4],"y":[1]},"o":{"x":[0.6],"y":[0]},"t":-13,"s":[10]},{"t":16,"s":[0]}],"ix":10},"p":{"a":1,"k":[{"i":{"x":0.5,"y":1},"o":{"x":0.6,"y":0},"t":-49,"s":[152.451,165.294,0],"to":[0,-5,0],"ti":[0,0,0]},{"i":{"x":0.4,"y":1},"o":{"x":0.5,"y":0},"t":-34,"s":[152.451,135.294,0],"to":[0,0,0],"ti":[0,0,0]},{"i":{"x":0.5,"y":1},"o":{"x":0.6,"y":0},"t":-13,"s":[167.451,176.794,0],"to":[0,0,0],"ti":[0,0,0]},{"i":{"x":0.4,"y":1},"o":{"x":0.5,"y":0},"t":16,"s":[152.451,135.294,0],"to":[0,0,0],"ti":[0,-5,0]},{"t":37,"s":[152.451,165.294,0]}],"ix":2,"l":2},"a":{"a":0,"k":[60,60,0],"ix":1,"l":2},"s":{"a":0,"k":[100,100,100],"ix":6,"l":2}},"ao":0,"ip":0,"op":56,"st":-124,"bm":0},{"ddd":0,"ind":2,"ty":4,"nm":"emoji_wink_4 Outlines 4","parent":1,"sr":1,"ks":{"o":{"a":0,"k":100,"ix":11},"r":{"a":0,"k":0,"ix":10},"p":{"a":0,"k":[14.762,10.898,0],"ix":2,"l":2},"a":{"a":0,"k":[23.688,37.75,0],"ix":1,"l":2},"s":{"a":1,"k":[{"i":{"x":[0.4,0.4,0.4],"y":[1,1,1]},"o":{"x":[0.5,0.5,0.5],"y":[0,0,0]},"t":-34,"s":[100,100,100]},{"i":{"x":[0.4,0.4,0.4],"y":[1,1,1]},"o":{"x":[0.6,0.6,0.6],"y":[0,0,0]},"t":-27,"s":[100,14,100]},{"i":{"x":[0.4,0.4,0.4],"y":[1,1,1]},"o":{"x":[0.6,0.6,0.6],"y":[0,0,0]},"t":13,"s":[100,14,100]},{"t":17,"s":[100,100,100]}],"ix":6,"l":2}},"ao":0,"shapes":[{"ty":"gr","it":[{"ind":0,"ty":"sh","ix":1,"ks":{"a":0,"k":{"i":[[0,-20.724],[12.941,0],[0,20.695],[-12.942,0]],"o":[[0,20.695],[-12.942,0],[0,-20.724],[12.941,0]],"v":[[23.438,0.005],[-0.005,37.5],[-23.438,0.005],[-0.005,-37.5]],"c":true},"ix":2},"nm":"Path 1","mn":"ADBE Vector Shape - Group","hd":false},{"ty":"fl","c":{"a":0,"k":[0.187999994615,0.176000004189,0.169000004787,1],"ix":4},"o":{"a":0,"k":100,"ix":5},"r":1,"bm":0,"nm":"Fill 1","mn":"ADBE Vector Graphic - Fill","hd":false},{"ty":"tr","p":{"a":0,"k":[23.688,37.75],"ix":2},"a":{"a":0,"k":[0,0],"ix":1},"s":{"a":0,"k":[100,100],"ix":3},"r":{"a":0,"k":0,"ix":6},"o":{"a":0,"k":100,"ix":7},"sk":{"a":0,"k":0,"ix":4},"sa":{"a":0,"k":0,"ix":5},"nm":"Transform"}],"nm":"Group 1","np":2,"cix":2,"bm":0,"ix":1,"mn":"ADBE Vector Group","hd":false}],"ip":0,"op":56,"st":-124,"bm":0},{"ddd":0,"ind":3,"ty":4,"nm":"emoji_wink_4 Outlines 3","parent":1,"sr":1,"ks":{"o":{"a":0,"k":100,"ix":11},"r":{"a":0,"k":0,"ix":10},"p":{"a":0,"k":[112.762,10.898,0],"ix":2,"l":2},"a":{"a":0,"k":[23.688,37.75,0],"ix":1,"l":2},"s":{"a":0,"k":[100,100,100],"ix":6,"l":2}},"ao":0,"shapes":[{"ty":"gr","it":[{"ind":0,"ty":"sh","ix":1,"ks":{"a":0,"k":{"i":[[0,-20.724],[12.941,0],[0,20.695],[-12.942,0]],"o":[[0,20.695],[-12.942,0],[0,-20.724],[12.941,0]],"v":[[23.438,0.005],[-0.005,37.5],[-23.438,0.005],[-0.005,-37.5]],"c":true},"ix":2},"nm":"Path 1","mn":"ADBE Vector Shape - Group","hd":false},{"ty":"fl","c":{"a":0,"k":[0.187999994615,0.176000004189,0.169000004787,1],"ix":4},"o":{"a":0,"k":100,"ix":5},"r":1,"bm":0,"nm":"Fill 1","mn":"ADBE Vector Graphic - Fill","hd":false},{"ty":"tr","p":{"a":0,"k":[23.688,37.75],"ix":2},"a":{"a":0,"k":[0,0],"ix":1},"s":{"a":0,"k":[100,100],"ix":3},"r":{"a":0,"k":0,"ix":6},"o":{"a":0,"k":100,"ix":7},"sk":{"a":0,"k":0,"ix":4},"sa":{"a":0,"k":0,"ix":5},"nm":"Transform"}],"nm":"Group 1","np":2,"cix":2,"bm":0,"ix":1,"mn":"ADBE Vector Group","hd":false}],"ip":0,"op":56,"st":-125,"bm":0},{"ddd":0,"ind":4,"ty":4,"nm":"emoji_wink_3 Outlines 2","parent":1,"sr":1,"ks":{"o":{"a":0,"k":100,"ix":11},"r":{"a":1,"k":[{"i":{"x":[0.4],"y":[1]},"o":{"x":[0.5],"y":[0]},"t":-34,"s":[-15]},{"i":{"x":[0.4],"y":[1]},"o":{"x":[0.6],"y":[0]},"t":-13,"s":[0]},{"i":{"x":[0.4],"y":[1]},"o":{"x":[0.6],"y":[0]},"t":16,"s":[0]},{"t":37,"s":[-15]}],"ix":10},"p":{"a":0,"k":[58.308,70.102,0],"ix":2,"l":2},"a":{"a":0,"k":[77.367,-10.419,0],"ix":1,"l":2},"s":{"a":0,"k":[100,100,100],"ix":6,"l":2}},"ao":0,"shapes":[{"ty":"gr","it":[{"ind":0,"ty":"sh","ix":1,"ks":{"a":0,"k":{"i":[[1.598,-1.053],[0.861,-0.559],[1.877,-0.952],[2.572,-1.126],[1.474,-0.603],[1.656,-0.521],[3.96,-0.622],[4.382,-0.119],[1.118,-0.012],[1.122,0.046],[2.294,0.247],[4.541,1.175],[0,0],[1.159,0.402],[2.138,0.896],[1.987,1.104],[0.989,0.532],[0.943,0.572],[3.098,2.608],[2.418,2.567],[1.03,1.226],[0.875,1.125],[1.048,1.749],[0.532,0.944],[0,0],[-2.269,1.25],[-1.414,-1.306],[0,0],[-2.701,-2.5],[-1.858,-1.661],[-1.07,-0.893],[-1.208,-0.916],[-2.926,-1.804],[-3.282,-1.702],[-3.565,-1.474],[-1.73,-0.563],[-1.098,-0.306],[0,0],[-3.804,-0.659],[-3.676,-0.201],[-3.396,0.105],[-2.989,0.279],[-1.359,0.15],[-1.208,0.179],[-1.69,0.379],[-0.98,0.238],[0,0],[-0.553,-2.622]],"o":[[0,0],[-0.897,0.539],[-1.836,1.006],[-1.296,0.521],[-1.492,0.527],[-3.328,0.971],[-3.937,0.683],[-1.102,0.009],[-1.111,-0.05],[-2.262,-0.06],[-4.581,-0.555],[0,0],[-0.971,-0.287],[-2.348,-0.792],[-2.116,-0.961],[-0.998,-0.54],[-0.952,-0.604],[-3.74,-2.371],[-3.118,-2.596],[-1.19,-1.315],[-0.979,-1.273],[-1.685,-2.317],[-1.099,-1.726],[-0.499,-0.979],[-1.214,-2.348],[1.781,-0.975],[0,0],[0,0],[1.319,1.254],[0.975,0.787],[1.118,0.832],[2.463,1.785],[2.896,1.844],[3.287,1.717],[1.814,0.678],[0.869,0.312],[0,0],[3.773,1.025],[3.795,0.577],[3.68,0.234],[3.415,-0.05],[1.506,-0.18],[1.37,-0.211],[2.44,-0.485],[1.67,-0.311],[0.992,-0.225],[2.54,-0.559],[0.421,2.034]],"v":[[63.628,14.8],[62.3,15.671],[58.372,18.027],[51.772,21.268],[47.61,22.952],[42.882,24.54],[31.927,27.09],[19.384,28.299],[16.065,28.331],[12.706,28.203],[5.871,27.645],[-7.848,24.926],[-11.134,23.923],[-14.44,22.811],[-21.045,20.188],[-27.234,17.156],[-30.214,15.536],[-33.061,13.783],[-43.356,6.268],[-51.597,-1.605],[-54.924,-5.428],[-57.707,-9.036],[-61.809,-15.188],[-64.135,-19.336],[-64.903,-20.838],[-62.963,-27.355],[-57.662,-26.687],[-57.478,-26.51],[-53.231,-22.581],[-48.351,-18.256],[-45.266,-15.742],[-41.787,-13.096],[-33.747,-7.603],[-24.423,-2.294],[-14.056,2.376],[-8.667,4.29],[-5.852,5.21],[-2.955,6.053],[8.444,8.592],[19.678,9.906],[30.32,10.135],[39.938,9.527],[44.236,9.029],[48.118,8.451],[54.395,7.257],[58.588,6.313],[60.112,5.969],[65.696,9.699]],"c":true},"ix":2},"nm":"Path 1","mn":"ADBE Vector Shape - Group","hd":false},{"ty":"fl","c":{"a":0,"k":[0.187999994615,0.176000004189,0.169000004787,1],"ix":4},"o":{"a":0,"k":100,"ix":5},"r":1,"bm":0,"nm":"Fill 1","mn":"ADBE Vector Graphic - Fill","hd":false},{"ty":"tr","p":{"a":0,"k":[66.367,28.581],"ix":2},"a":{"a":0,"k":[0,0],"ix":1},"s":{"a":0,"k":[100,100],"ix":3},"r":{"a":0,"k":0,"ix":6},"o":{"a":0,"k":100,"ix":7},"sk":{"a":0,"k":0,"ix":4},"sa":{"a":0,"k":0,"ix":5},"nm":"Transform"}],"nm":"Group 1","np":2,"cix":2,"bm":0,"ix":1,"mn":"ADBE Vector Group","hd":false}],"ip":0,"op":56,"st":-124,"bm":0},{"ddd":0,"ind":5,"ty":4,"nm":"emoji_wink_2 Outlines 3","parent":1,"sr":1,"ks":{"o":{"a":0,"k":100,"ix":11},"r":{"a":0,"k":0,"ix":10},"p":{"a":1,"k":[{"i":{"x":0.4,"y":1},"o":{"x":0.5,"y":0},"t":-34,"s":[7.238,39.359,0],"to":[0,-4.167,0],"ti":[0,4.167,0]},{"i":{"x":0.4,"y":0.4},"o":{"x":0.6,"y":0.6},"t":-27,"s":[7.238,14.359,0],"to":[0,0,0],"ti":[0,0,0]},{"i":{"x":0.4,"y":1},"o":{"x":0.6,"y":0},"t":12,"s":[7.238,14.359,0],"to":[0,4.167,0],"ti":[0,-4.167,0]},{"t":16,"s":[7.238,39.359,0]}],"ix":2,"l":2},"a":{"a":0,"k":[37.75,17.773,0],"ix":1,"l":2},"s":{"a":0,"k":[100,100,100],"ix":6,"l":2}},"ao":0,"shapes":[{"ty":"gr","it":[{"ind":0,"ty":"sh","ix":1,"ks":{"a":0,"k":{"i":[[-20.713,0],[0,-12.483],[20.714,0],[0,12.46]],"o":[[20.714,0],[0,12.46],[-20.713,0],[0,-12.483]],"v":[[0.005,-17.523],[37.5,5.063],[0.005,5.063],[-37.5,5.063]],"c":true},"ix":2},"nm":"Path 1","mn":"ADBE Vector Shape - Group","hd":false},{"ty":"fl","c":{"a":0,"k":[0.187999994615,0.176000004189,0.169000004787,1],"ix":4},"o":{"a":0,"k":100,"ix":5},"r":1,"bm":0,"nm":"Fill 1","mn":"ADBE Vector Graphic - Fill","hd":false},{"ty":"tr","p":{"a":0,"k":[37.75,17.773],"ix":2},"a":{"a":0,"k":[0,0],"ix":1},"s":{"a":0,"k":[100,100],"ix":3},"r":{"a":0,"k":0,"ix":6},"o":{"a":0,"k":100,"ix":7},"sk":{"a":0,"k":0,"ix":4},"sa":{"a":0,"k":0,"ix":5},"nm":"Transform"}],"nm":"Group 1","np":2,"cix":2,"bm":0,"ix":1,"mn":"ADBE Vector Group","hd":false}],"ip":0,"op":14,"st":-124,"bm":0},{"ddd":0,"ind":6,"ty":4,"nm":"emoji_wink_1 Outlines 2","sr":1,"ks":{"o":{"a":0,"k":100,"ix":11},"r":{"a":0,"k":0,"ix":10},"p":{"a":1,"k":[{"i":{"x":0.5,"y":1},"o":{"x":0.6,"y":0},"t":-50,"s":[243,401,0],"to":[0,-3.333,0],"ti":[0,0,0]},{"i":{"x":0.4,"y":1},"o":{"x":0.5,"y":0},"t":-35,"s":[243,381,0],"to":[0,0,0],"ti":[0,0,0]},{"i":{"x":0.5,"y":1},"o":{"x":0.6,"y":0},"t":-14,"s":[243,401,0],"to":[0,0,0],"ti":[0,0,0]},{"i":{"x":0.4,"y":1},"o":{"x":0.5,"y":0},"t":15,"s":[243,381,0],"to":[0,0,0],"ti":[0,-3.333,0]},{"t":36,"s":[243,401,0]}],"ix":2,"l":2},"a":{"a":0,"k":[150.25,300.25,0],"ix":1,"l":2},"s":{"a":1,"k":[{"i":{"x":[0.5,0.5,0.5],"y":[1,1,1]},"o":{"x":[0.6,0.6,0.6],"y":[0,0,0]},"t":-50,"s":[100,100,100]},{"i":{"x":[0.5,0.5,0.5],"y":[1,1,1]},"o":{"x":[0.5,0.5,0.5],"y":[0,0,0]},"t":-35,"s":[95,105,100]},{"i":{"x":[0.5,0.5,0.5],"y":[1,1,1]},"o":{"x":[0.5,0.5,0.5],"y":[0,0,0]},"t":-14,"s":[105,95,100]},{"i":{"x":[0.4,0.4,0.4],"y":[1,1,1]},"o":{"x":[0.5,0.5,0.5],"y":[0,0,0]},"t":15,"s":[95,105,100]},{"t":36,"s":[100,100,100]}],"ix":6,"l":2}},"ao":0,"shapes":[{"ty":"gr","it":[{"ind":0,"ty":"sh","ix":1,"ks":{"a":0,"k":{"i":[[82.722,0],[0,-82.709],[-82.704,0],[0,82.708]],"o":[[-82.704,0],[0,82.708],[82.722,0],[0,-82.709]],"v":[[0.004,-150],[-150,0],[0.004,150],[150,0]],"c":true},"ix":2},"nm":"Path 1","mn":"ADBE Vector Shape - Group","hd":false},{"ty":"fl","c":{"a":0,"k":[0.984000052658,0.819999964097,0.337000020345,1],"ix":4},"o":{"a":0,"k":100,"ix":5},"r":1,"bm":0,"nm":"Fill 1","mn":"ADBE Vector Graphic - Fill","hd":false},{"ty":"tr","p":{"a":0,"k":[150.25,150.25],"ix":2},"a":{"a":0,"k":[0,0],"ix":1},"s":{"a":0,"k":[100,100],"ix":3},"r":{"a":0,"k":0,"ix":6},"o":{"a":0,"k":100,"ix":7},"sk":{"a":0,"k":0,"ix":4},"sa":{"a":0,"k":0,"ix":5},"nm":"Transform"}],"nm":"Group 1","np":2,"cix":2,"bm":0,"ix":1,"mn":"ADBE Vector Group","hd":false}],"ip":0,"op":56,"st":-125,"bm":0},{"ddd":0,"ind":7,"ty":3,"nm":"NULL CONTROL","parent":12,"sr":1,"ks":{"o":{"a":0,"k":0,"ix":11},"r":{"a":1,"k":[{"i":{"x":[0.4],"y":[1]},"o":{"x":[0.5],"y":[0]},"t":87,"s":[0]},{"i":{"x":[0.4],"y":[1]},"o":{"x":[0.6],"y":[0]},"t":108,"s":[10]},{"t":137,"s":[0]}],"ix":10},"p":{"a":1,"k":[{"i":{"x":0.5,"y":1},"o":{"x":0.6,"y":0},"t":72,"s":[152.451,165.294,0],"to":[0,-5,0],"ti":[0,0,0]},{"i":{"x":0.4,"y":1},"o":{"x":0.5,"y":0},"t":87,"s":[152.451,135.294,0],"to":[0,0,0],"ti":[0,0,0]},{"i":{"x":0.5,"y":1},"o":{"x":0.6,"y":0},"t":108,"s":[167.451,176.794,0],"to":[0,0,0],"ti":[0,0,0]},{"i":{"x":0.4,"y":1},"o":{"x":0.5,"y":0},"t":137,"s":[152.451,135.294,0],"to":[0,0,0],"ti":[0,-5,0]},{"t":158,"s":[152.451,165.294,0]}],"ix":2,"l":2},"a":{"a":0,"k":[60,60,0],"ix":1,"l":2},"s":{"a":0,"k":[100,100,100],"ix":6,"l":2}},"ao":0,"ip":56,"op":121,"st":-3,"bm":0},{"ddd":0,"ind":8,"ty":4,"nm":"emoji_wink_4 Outlines 2","parent":7,"sr":1,"ks":{"o":{"a":0,"k":100,"ix":11},"r":{"a":0,"k":0,"ix":10},"p":{"a":0,"k":[14.762,10.898,0],"ix":2,"l":2},"a":{"a":0,"k":[23.688,37.75,0],"ix":1,"l":2},"s":{"a":1,"k":[{"i":{"x":[0.4,0.4,0.4],"y":[1,1,1]},"o":{"x":[0.5,0.5,0.5],"y":[0,0,0]},"t":87,"s":[100,100,100]},{"i":{"x":[0.4,0.4,0.4],"y":[1,1,1]},"o":{"x":[0.6,0.6,0.6],"y":[0,0,0]},"t":94,"s":[100,14,100]},{"i":{"x":[0.4,0.4,0.4],"y":[1,1,1]},"o":{"x":[0.6,0.6,0.6],"y":[0,0,0]},"t":134,"s":[100,14,100]},{"t":138,"s":[100,100,100]}],"ix":6,"l":2}},"ao":0,"shapes":[{"ty":"gr","it":[{"ind":0,"ty":"sh","ix":1,"ks":{"a":0,"k":{"i":[[0,-20.724],[12.941,0],[0,20.695],[-12.942,0]],"o":[[0,20.695],[-12.942,0],[0,-20.724],[12.941,0]],"v":[[23.438,0.005],[-0.005,37.5],[-23.438,0.005],[-0.005,-37.5]],"c":true},"ix":2},"nm":"Path 1","mn":"ADBE Vector Shape - Group","hd":false},{"ty":"fl","c":{"a":0,"k":[0.187999994615,0.176000004189,0.169000004787,1],"ix":4},"o":{"a":0,"k":100,"ix":5},"r":1,"bm":0,"nm":"Fill 1","mn":"ADBE Vector Graphic - Fill","hd":false},{"ty":"tr","p":{"a":0,"k":[23.688,37.75],"ix":2},"a":{"a":0,"k":[0,0],"ix":1},"s":{"a":0,"k":[100,100],"ix":3},"r":{"a":0,"k":0,"ix":6},"o":{"a":0,"k":100,"ix":7},"sk":{"a":0,"k":0,"ix":4},"sa":{"a":0,"k":0,"ix":5},"nm":"Transform"}],"nm":"Group 1","np":2,"cix":2,"bm":0,"ix":1,"mn":"ADBE Vector Group","hd":false}],"ip":56,"op":121,"st":-3,"bm":0},{"ddd":0,"ind":9,"ty":4,"nm":"emoji_wink_4 Outlines","parent":7,"sr":1,"ks":{"o":{"a":0,"k":100,"ix":11},"r":{"a":0,"k":0,"ix":10},"p":{"a":0,"k":[112.762,10.898,0],"ix":2,"l":2},"a":{"a":0,"k":[23.688,37.75,0],"ix":1,"l":2},"s":{"a":0,"k":[100,100,100],"ix":6,"l":2}},"ao":0,"shapes":[{"ty":"gr","it":[{"ind":0,"ty":"sh","ix":1,"ks":{"a":0,"k":{"i":[[0,-20.724],[12.941,0],[0,20.695],[-12.942,0]],"o":[[0,20.695],[-12.942,0],[0,-20.724],[12.941,0]],"v":[[23.438,0.005],[-0.005,37.5],[-23.438,0.005],[-0.005,-37.5]],"c":true},"ix":2},"nm":"Path 1","mn":"ADBE Vector Shape - Group","hd":false},{"ty":"fl","c":{"a":0,"k":[0.187999994615,0.176000004189,0.169000004787,1],"ix":4},"o":{"a":0,"k":100,"ix":5},"r":1,"bm":0,"nm":"Fill 1","mn":"ADBE Vector Graphic - Fill","hd":false},{"ty":"tr","p":{"a":0,"k":[23.688,37.75],"ix":2},"a":{"a":0,"k":[0,0],"ix":1},"s":{"a":0,"k":[100,100],"ix":3},"r":{"a":0,"k":0,"ix":6},"o":{"a":0,"k":100,"ix":7},"sk":{"a":0,"k":0,"ix":4},"sa":{"a":0,"k":0,"ix":5},"nm":"Transform"}],"nm":"Group 1","np":2,"cix":2,"bm":0,"ix":1,"mn":"ADBE Vector Group","hd":false}],"ip":56,"op":121,"st":-4,"bm":0},{"ddd":0,"ind":10,"ty":4,"nm":"emoji_wink_3 Outlines","parent":7,"sr":1,"ks":{"o":{"a":0,"k":100,"ix":11},"r":{"a":1,"k":[{"i":{"x":[0.4],"y":[1]},"o":{"x":[0.5],"y":[0]},"t":87,"s":[-15]},{"i":{"x":[0.4],"y":[1]},"o":{"x":[0.6],"y":[0]},"t":108,"s":[0]},{"i":{"x":[0.4],"y":[1]},"o":{"x":[0.6],"y":[0]},"t":137,"s":[0]},{"t":158,"s":[-15]}],"ix":10},"p":{"a":0,"k":[58.308,70.102,0],"ix":2,"l":2},"a":{"a":0,"k":[77.367,-10.419,0],"ix":1,"l":2},"s":{"a":0,"k":[100,100,100],"ix":6,"l":2}},"ao":0,"shapes":[{"ty":"gr","it":[{"ind":0,"ty":"sh","ix":1,"ks":{"a":0,"k":{"i":[[1.598,-1.053],[0.861,-0.559],[1.877,-0.952],[2.572,-1.126],[1.474,-0.603],[1.656,-0.521],[3.96,-0.622],[4.382,-0.119],[1.118,-0.012],[1.122,0.046],[2.294,0.247],[4.541,1.175],[0,0],[1.159,0.402],[2.138,0.896],[1.987,1.104],[0.989,0.532],[0.943,0.572],[3.098,2.608],[2.418,2.567],[1.03,1.226],[0.875,1.125],[1.048,1.749],[0.532,0.944],[0,0],[-2.269,1.25],[-1.414,-1.306],[0,0],[-2.701,-2.5],[-1.858,-1.661],[-1.07,-0.893],[-1.208,-0.916],[-2.926,-1.804],[-3.282,-1.702],[-3.565,-1.474],[-1.73,-0.563],[-1.098,-0.306],[0,0],[-3.804,-0.659],[-3.676,-0.201],[-3.396,0.105],[-2.989,0.279],[-1.359,0.15],[-1.208,0.179],[-1.69,0.379],[-0.98,0.238],[0,0],[-0.553,-2.622]],"o":[[0,0],[-0.897,0.539],[-1.836,1.006],[-1.296,0.521],[-1.492,0.527],[-3.328,0.971],[-3.937,0.683],[-1.102,0.009],[-1.111,-0.05],[-2.262,-0.06],[-4.581,-0.555],[0,0],[-0.971,-0.287],[-2.348,-0.792],[-2.116,-0.961],[-0.998,-0.54],[-0.952,-0.604],[-3.74,-2.371],[-3.118,-2.596],[-1.19,-1.315],[-0.979,-1.273],[-1.685,-2.317],[-1.099,-1.726],[-0.499,-0.979],[-1.214,-2.348],[1.781,-0.975],[0,0],[0,0],[1.319,1.254],[0.975,0.787],[1.118,0.832],[2.463,1.785],[2.896,1.844],[3.287,1.717],[1.814,0.678],[0.869,0.312],[0,0],[3.773,1.025],[3.795,0.577],[3.68,0.234],[3.415,-0.05],[1.506,-0.18],[1.37,-0.211],[2.44,-0.485],[1.67,-0.311],[0.992,-0.225],[2.54,-0.559],[0.421,2.034]],"v":[[63.628,14.8],[62.3,15.671],[58.372,18.027],[51.772,21.268],[47.61,22.952],[42.882,24.54],[31.927,27.09],[19.384,28.299],[16.065,28.331],[12.706,28.203],[5.871,27.645],[-7.848,24.926],[-11.134,23.923],[-14.44,22.811],[-21.045,20.188],[-27.234,17.156],[-30.214,15.536],[-33.061,13.783],[-43.356,6.268],[-51.597,-1.605],[-54.924,-5.428],[-57.707,-9.036],[-61.809,-15.188],[-64.135,-19.336],[-64.903,-20.838],[-62.963,-27.355],[-57.662,-26.687],[-57.478,-26.51],[-53.231,-22.581],[-48.351,-18.256],[-45.266,-15.742],[-41.787,-13.096],[-33.747,-7.603],[-24.423,-2.294],[-14.056,2.376],[-8.667,4.29],[-5.852,5.21],[-2.955,6.053],[8.444,8.592],[19.678,9.906],[30.32,10.135],[39.938,9.527],[44.236,9.029],[48.118,8.451],[54.395,7.257],[58.588,6.313],[60.112,5.969],[65.696,9.699]],"c":true},"ix":2},"nm":"Path 1","mn":"ADBE Vector Shape - Group","hd":false},{"ty":"fl","c":{"a":0,"k":[0.187999994615,0.176000004189,0.169000004787,1],"ix":4},"o":{"a":0,"k":100,"ix":5},"r":1,"bm":0,"nm":"Fill 1","mn":"ADBE Vector Graphic - Fill","hd":false},{"ty":"tr","p":{"a":0,"k":[66.367,28.581],"ix":2},"a":{"a":0,"k":[0,0],"ix":1},"s":{"a":0,"k":[100,100],"ix":3},"r":{"a":0,"k":0,"ix":6},"o":{"a":0,"k":100,"ix":7},"sk":{"a":0,"k":0,"ix":4},"sa":{"a":0,"k":0,"ix":5},"nm":"Transform"}],"nm":"Group 1","np":2,"cix":2,"bm":0,"ix":1,"mn":"ADBE Vector Group","hd":false}],"ip":56,"op":121,"st":-3,"bm":0},{"ddd":0,"ind":11,"ty":4,"nm":"emoji_wink_2 Outlines 2","parent":7,"sr":1,"ks":{"o":{"a":0,"k":100,"ix":11},"r":{"a":0,"k":0,"ix":10},"p":{"a":1,"k":[{"i":{"x":0.4,"y":1},"o":{"x":0.5,"y":0},"t":87,"s":[7.238,39.359,0],"to":[0,-4.167,0],"ti":[0,4.167,0]},{"i":{"x":0.4,"y":0.4},"o":{"x":0.6,"y":0.6},"t":94,"s":[7.238,14.359,0],"to":[0,0,0],"ti":[0,0,0]},{"i":{"x":0.4,"y":1},"o":{"x":0.6,"y":0},"t":133,"s":[7.238,14.359,0],"to":[0,4.167,0],"ti":[0,-4.167,0]},{"t":137,"s":[7.238,39.359,0]}],"ix":2,"l":2},"a":{"a":0,"k":[37.75,17.773,0],"ix":1,"l":2},"s":{"a":0,"k":[100,100,100],"ix":6,"l":2}},"ao":0,"shapes":[{"ty":"gr","it":[{"ind":0,"ty":"sh","ix":1,"ks":{"a":0,"k":{"i":[[-20.713,0],[0,-12.483],[20.714,0],[0,12.46]],"o":[[20.714,0],[0,12.46],[-20.713,0],[0,-12.483]],"v":[[0.005,-17.523],[37.5,5.063],[0.005,5.063],[-37.5,5.063]],"c":true},"ix":2},"nm":"Path 1","mn":"ADBE Vector Shape - Group","hd":false},{"ty":"fl","c":{"a":0,"k":[0.187999994615,0.176000004189,0.169000004787,1],"ix":4},"o":{"a":0,"k":100,"ix":5},"r":1,"bm":0,"nm":"Fill 1","mn":"ADBE Vector Graphic - Fill","hd":false},{"ty":"tr","p":{"a":0,"k":[37.75,17.773],"ix":2},"a":{"a":0,"k":[0,0],"ix":1},"s":{"a":0,"k":[100,100],"ix":3},"r":{"a":0,"k":0,"ix":6},"o":{"a":0,"k":100,"ix":7},"sk":{"a":0,"k":0,"ix":4},"sa":{"a":0,"k":0,"ix":5},"nm":"Transform"}],"nm":"Group 1","np":2,"cix":2,"bm":0,"ix":1,"mn":"ADBE Vector Group","hd":false}],"ip":93,"op":121,"st":-3,"bm":0},{"ddd":0,"ind":12,"ty":4,"nm":"emoji_wink_1 Outlines","sr":1,"ks":{"o":{"a":0,"k":100,"ix":11},"r":{"a":0,"k":0,"ix":10},"p":{"a":1,"k":[{"i":{"x":0.5,"y":1},"o":{"x":0.6,"y":0},"t":71,"s":[243,401,0],"to":[0,-3.333,0],"ti":[0,0,0]},{"i":{"x":0.4,"y":1},"o":{"x":0.5,"y":0},"t":86,"s":[243,381,0],"to":[0,0,0],"ti":[0,0,0]},{"i":{"x":0.5,"y":1},"o":{"x":0.6,"y":0},"t":107,"s":[243,401,0],"to":[0,0,0],"ti":[0,0,0]},{"i":{"x":0.4,"y":1},"o":{"x":0.5,"y":0},"t":136,"s":[243,381,0],"to":[0,0,0],"ti":[0,-3.333,0]},{"t":157,"s":[243,401,0]}],"ix":2,"l":2},"a":{"a":0,"k":[150.25,300.25,0],"ix":1,"l":2},"s":{"a":1,"k":[{"i":{"x":[0.5,0.5,0.5],"y":[1,1,1]},"o":{"x":[0.6,0.6,0.6],"y":[0,0,0]},"t":71,"s":[100,100,100]},{"i":{"x":[0.5,0.5,0.5],"y":[1,1,1]},"o":{"x":[0.5,0.5,0.5],"y":[0,0,0]},"t":86,"s":[95,105,100]},{"i":{"x":[0.5,0.5,0.5],"y":[1,1,1]},"o":{"x":[0.5,0.5,0.5],"y":[0,0,0]},"t":107,"s":[105,95,100]},{"i":{"x":[0.4,0.4,0.4],"y":[1,1,1]},"o":{"x":[0.5,0.5,0.5],"y":[0,0,0]},"t":136,"s":[95,105,100]},{"t":157,"s":[100,100,100]}],"ix":6,"l":2}},"ao":0,"shapes":[{"ty":"gr","it":[{"ind":0,"ty":"sh","ix":1,"ks":{"a":0,"k":{"i":[[82.722,0],[0,-82.709],[-82.704,0],[0,82.708]],"o":[[-82.704,0],[0,82.708],[82.722,0],[0,-82.709]],"v":[[0.004,-150],[-150,0],[0.004,150],[150,0]],"c":true},"ix":2},"nm":"Path 1","mn":"ADBE Vector Shape - Group","hd":false},{"ty":"fl","c":{"a":0,"k":[0.984000052658,0.819999964097,0.337000020345,1],"ix":4},"o":{"a":0,"k":100,"ix":5},"r":1,"bm":0,"nm":"Fill 1","mn":"ADBE Vector Graphic - Fill","hd":false},{"ty":"tr","p":{"a":0,"k":[150.25,150.25],"ix":2},"a":{"a":0,"k":[0,0],"ix":1},"s":{"a":0,"k":[100,100],"ix":3},"r":{"a":0,"k":0,"ix":6},"o":{"a":0,"k":100,"ix":7},"sk":{"a":0,"k":0,"ix":4},"sa":{"a":0,"k":0,"ix":5},"nm":"Transform"}],"nm":"Group 1","np":2,"cix":2,"bm":0,"ix":1,"mn":"ADBE Vector Group","hd":false}],"ip":56,"op":121,"st":-4,"bm":0}],"markers":[]}