{"v":"5.7.4","fr":60,"ip":0,"op":80,"w":500,"h":500,"nm":"emoji munch","ddd":0,"assets":[],"layers":[{"ddd":0,"ind":1,"ty":4,"nm":"Emoji_munch_4 Outlines","sr":1,"ks":{"o":{"a":0,"k":100,"ix":11},"r":{"a":0,"k":0,"ix":10},"p":{"a":1,"k":[{"i":{"x":0.4,"y":1},"o":{"x":0.6,"y":0},"t":5,"s":[250,328.13,0],"to":[0,3.333,0],"ti":[0,0,0]},{"i":{"x":0.4,"y":1},"o":{"x":0.6,"y":0},"t":15,"s":[250,348.13,0],"to":[0,0,0],"ti":[0,3.333,0]},{"t":25,"s":[250,328.13,0]}],"ix":2,"l":2},"a":{"a":0,"k":[150.25,72.12,0],"ix":1,"l":2},"s":{"a":0,"k":[100,100,100],"ix":6,"l":2}},"ao":0,"shapes":[{"ty":"gr","it":[{"ind":0,"ty":"sh","ix":1,"ks":{"a":0,"k":{"i":[[0,-26.436],[0,0],[0,0],[0,0],[7.21,0]],"o":[[0,0],[0,0],[0,0],[0,-1.993],[-21.296,0.001]],"v":[[-37.715,-35.599],[-37.715,71.87],[37.716,71.87],[37.716,-68.751],[25.681,-71.87]],"c":true},"ix":2},"nm":"Path 1","mn":"ADBE Vector Shape - Group","hd":false},{"ty":"fl","c":{"a":0,"k":[0.941000007181,0.670999983245,0.128999986836,1],"ix":4},"o":{"a":0,"k":100,"ix":5},"r":1,"bm":0,"nm":"Fill 1","mn":"ADBE Vector Graphic - Fill","hd":false},{"ty":"tr","p":{"a":0,"k":[262.535,72.12],"ix":2},"a":{"a":0,"k":[0,0],"ix":1},"s":{"a":0,"k":[100,100],"ix":3},"r":{"a":0,"k":0,"ix":6},"o":{"a":0,"k":100,"ix":7},"sk":{"a":0,"k":0,"ix":4},"sa":{"a":0,"k":0,"ix":5},"nm":"Transform"}],"nm":"Group 1","np":2,"cix":2,"bm":0,"ix":1,"mn":"ADBE Vector Group","hd":false},{"ty":"gr","it":[{"ind":0,"ty":"sh","ix":1,"ks":{"a":0,"k":{"i":[[21.298,0],[0,-1.992],[0,0],[0,0],[0,0]],"o":[[-7.211,0],[0,0],[0,0],[0,0],[0,-26.436]],"v":[[-25.684,-71.87],[-37.719,-68.751],[-37.719,71.87],[37.719,71.87],[37.719,-35.598]],"c":true},"ix":2},"nm":"Path 1","mn":"ADBE Vector Shape - Group","hd":false},{"ty":"fl","c":{"a":0,"k":[0.941000007181,0.670999983245,0.128999986836,1],"ix":4},"o":{"a":0,"k":100,"ix":5},"r":1,"bm":0,"nm":"Fill 1","mn":"ADBE Vector Graphic - Fill","hd":false},{"ty":"tr","p":{"a":0,"k":[37.969,72.12],"ix":2},"a":{"a":0,"k":[0,0],"ix":1},"s":{"a":0,"k":[100,100],"ix":3},"r":{"a":0,"k":0,"ix":6},"o":{"a":0,"k":100,"ix":7},"sk":{"a":0,"k":0,"ix":4},"sa":{"a":0,"k":0,"ix":5},"nm":"Transform"}],"nm":"Group 2","np":2,"cix":2,"bm":0,"ix":2,"mn":"ADBE Vector Group","hd":false}],"ip":0,"op":80,"st":0,"bm":0},{"ddd":0,"ind":2,"ty":3,"nm":"NULL CONTROL","sr":1,"ks":{"o":{"a":0,"k":0,"ix":11},"r":{"a":1,"k":[{"i":{"x":[0.4],"y":[1]},"o":{"x":[0.6],"y":[0]},"t":16,"s":[0]},{"i":{"x":[0.4],"y":[1]},"o":{"x":[0.6],"y":[0]},"t":26,"s":[14]},{"t":36,"s":[0]}],"ix":10},"p":{"a":1,"k":[{"i":{"x":0.4,"y":1},"o":{"x":0.6,"y":0},"t":6,"s":[252.041,249.559,0],"to":[0,2.105,0],"ti":[0,5.841,0]},{"i":{"x":0.4,"y":1},"o":{"x":0.6,"y":0},"t":16,"s":[252.041,262.191,0],"to":[0,-5.841,0],"ti":[0,2.105,0]},{"i":{"x":0.4,"y":1},"o":{"x":0.6,"y":0},"t":26,"s":[252.041,214.511,0],"to":[0,-2.105,0],"ti":[-1.833,-5.841,0]},{"i":{"x":0.4,"y":1},"o":{"x":0.6,"y":0},"t":36,"s":[252.041,249.559,0],"to":[1.833,5.841,0],"ti":[1.667,0,0]},{"i":{"x":0.4,"y":1},"o":{"x":0.6,"y":0},"t":40,"s":[263.041,249.559,0],"to":[-1.667,0,0],"ti":[0,0,0]},{"i":{"x":0.4,"y":1},"o":{"x":0.6,"y":0},"t":46,"s":[242.041,249.559,0],"to":[0,0,0],"ti":[0,0,0]},{"i":{"x":0.4,"y":1},"o":{"x":0.6,"y":0},"t":52,"s":[263.041,249.559,0],"to":[0,0,0],"ti":[1.833,0,0]},{"i":{"x":0.4,"y":1},"o":{"x":0.6,"y":0},"t":59.334,"s":[242.041,249.559,0],"to":[-1.833,0,0],"ti":[-1.667,0,0]},{"t":69,"s":[252.041,249.559,0]}],"ix":2,"l":2},"a":{"a":0,"k":[60,60,0],"ix":1,"l":2},"s":{"a":0,"k":[100,100,100],"ix":6,"l":2}},"ao":0,"ip":1,"op":80,"st":1,"bm":0},{"ddd":0,"ind":3,"ty":4,"nm":"Emoji_munch_5 Outlines","parent":2,"sr":1,"ks":{"o":{"a":0,"k":100,"ix":11},"r":{"a":0,"k":0,"ix":10},"p":{"a":0,"k":[62.041,31.011,0],"ix":2,"l":2},"a":{"a":0,"k":[79.626,28.375,0],"ix":1,"l":2},"s":{"a":0,"k":[100,100,100],"ix":6,"l":2}},"ao":0,"shapes":[{"ty":"gr","it":[{"ind":0,"ty":"sh","ix":1,"ks":{"a":0,"k":{"i":[[0,-15.536],[10.354,0],[0,15.537],[-10.354,0]],"o":[[0,15.537],[-10.354,0],[0,-15.536],[10.354,0]],"v":[[18.75,0],[0,28.125],[-18.75,0],[0,-28.125]],"c":true},"ix":2},"nm":"Path 1","mn":"ADBE Vector Shape - Group","hd":false},{"ty":"fl","c":{"a":0,"k":[0.187999994615,0.176000004189,0.169000004787,1],"ix":4},"o":{"a":0,"k":100,"ix":5},"r":1,"bm":0,"nm":"Fill 1","mn":"ADBE Vector Graphic - Fill","hd":false},{"ty":"tr","p":{"a":0,"k":[140.252,28.375],"ix":2},"a":{"a":0,"k":[0,0],"ix":1},"s":{"a":0,"k":[100,100],"ix":3},"r":{"a":0,"k":0,"ix":6},"o":{"a":0,"k":100,"ix":7},"sk":{"a":0,"k":0,"ix":4},"sa":{"a":0,"k":0,"ix":5},"nm":"Transform"}],"nm":"Group 1","np":2,"cix":2,"bm":0,"ix":1,"mn":"ADBE Vector Group","hd":false},{"ty":"gr","it":[{"ind":0,"ty":"sh","ix":1,"ks":{"a":0,"k":{"i":[[0,-15.536],[10.355,0],[0,15.537],[-10.354,0]],"o":[[0,15.537],[-10.354,0],[0,-15.536],[10.355,0]],"v":[[18.75,0],[0,28.125],[-18.75,0],[0,-28.125]],"c":true},"ix":2},"nm":"Path 1","mn":"ADBE Vector Shape - Group","hd":false},{"ty":"fl","c":{"a":0,"k":[0.187999994615,0.176000004189,0.169000004787,1],"ix":4},"o":{"a":0,"k":100,"ix":5},"r":1,"bm":0,"nm":"Fill 1","mn":"ADBE Vector Graphic - Fill","hd":false},{"ty":"tr","p":{"a":0,"k":[19,28.375],"ix":2},"a":{"a":0,"k":[0,0],"ix":1},"s":{"a":0,"k":[100,100],"ix":3},"r":{"a":0,"k":0,"ix":6},"o":{"a":0,"k":100,"ix":7},"sk":{"a":0,"k":0,"ix":4},"sa":{"a":0,"k":0,"ix":5},"nm":"Transform"}],"nm":"Group 2","np":2,"cix":2,"bm":0,"ix":2,"mn":"ADBE Vector Group","hd":false}],"ip":0,"op":80,"st":0,"bm":0},{"ddd":0,"ind":4,"ty":4,"nm":"Emoji_munch_3 Outlines","parent":2,"sr":1,"ks":{"o":{"a":0,"k":100,"ix":11},"r":{"a":0,"k":0,"ix":10},"p":{"a":1,"k":[{"i":{"x":0.4,"y":1},"o":{"x":0.6,"y":0},"t":7,"s":[62.041,-18.571,0],"to":[0,1.754,0],"ti":[0,3.175,0]},{"i":{"x":0.4,"y":1},"o":{"x":0.6,"y":0},"t":17,"s":[62.041,-8.045,0],"to":[0,-3.175,0],"ti":[0,1.754,0]},{"i":{"x":0.4,"y":1},"o":{"x":0.6,"y":0},"t":27,"s":[62.041,-37.619,0],"to":[0,-1.754,0],"ti":[0,-3.175,0]},{"t":37,"s":[62.041,-18.571,0]}],"ix":2,"l":2},"a":{"a":0,"k":[109.445,23.768,0],"ix":1,"l":2},"s":{"a":0,"k":[100,100,100],"ix":6,"l":2}},"ao":0,"shapes":[{"ty":"gr","it":[{"ind":0,"ty":"sh","ix":1,"ks":{"a":0,"k":{"i":[[0.077,1.236],[-0.106,0.559],[-0.088,1.045],[0.055,1.455],[0.329,1.758],[0.71,1.974],[1.139,2.045],[1.703,1.886],[2.083,1.626],[2.329,1.2],[2.357,0.786],[2.215,0.366],[1.039,0.101],[0.97,0],[2.179,-0.316],[0,0],[-0.302,-1.24],[-0.834,-0.233],[0,0],[-1.974,-0.439],[-1.327,-0.338],[-1.575,-0.453],[-0.829,-0.27],[-0.829,-0.367],[-1.726,-0.819],[-1.621,-1.061],[-0.759,-0.6],[-0.728,-0.618],[-3.043,-5.333],[-0.614,-1.13],[-0.421,-0.824],[-0.229,-0.448],[0.004,-0.033],[-1.337,0.061]],"o":[[-0.005,0.042],[0.114,-0.571],[0.115,-1.052],[-0.05,-1.442],[-0.312,-1.777],[-0.677,-1.995],[-1.223,-2.011],[-1.676,-1.919],[-2.073,-1.629],[-2.317,-1.231],[-2.366,-0.746],[-1.104,-0.206],[-1.049,-0.101],[-3.859,-0.132],[-2.174,0.329],[-1.337,0.279],[0.206,0.819],[0,0],[0,0],[0.984,0.174],[1.346,0.27],[0.796,0.201],[0.824,0.26],[1.708,0.622],[1.702,0.866],[0.81,0.527],[0.806,0.544],[5.849,5.016],[0.769,1.328],[0.591,1.139],[0.417,0.842],[0.215,0.454],[0.073,1.222],[1.337,-0.077]],"v":[[27.517,21.093],[27.727,20.218],[28.084,17.787],[28.207,14.025],[27.686,9.182],[26.165,3.533],[23.36,-2.536],[19.052,-8.492],[13.38,-13.844],[6.73,-18.109],[-0.352,-21.085],[-7.264,-22.747],[-10.492,-23.159],[-13.508,-23.384],[-22.696,-22.935],[-26.083,-22.353],[-27.96,-19.621],[-26.248,-17.95],[-26.083,-17.904],[-22.965,-17.144],[-19.482,-16.275],[-15.101,-15.052],[-12.684,-14.255],[-10.171,-13.353],[-5.021,-11.134],[0,-8.273],[2.38,-6.605],[4.647,-4.812],[17.789,12.061],[19.817,15.783],[21.35,18.74],[22.325,20.685],[22.673,21.359],[25.237,23.454]],"c":true},"ix":2},"nm":"Path 1","mn":"ADBE Vector Shape - Group","hd":false},{"ty":"fl","c":{"a":0,"k":[0.187999994615,0.176000004189,0.169000004787,1],"ix":4},"o":{"a":0,"k":100,"ix":5},"r":1,"bm":0,"nm":"Fill 1","mn":"ADBE Vector Graphic - Fill","hd":false},{"ty":"tr","p":{"a":0,"k":[190.377,23.766],"ix":2},"a":{"a":0,"k":[0,0],"ix":1},"s":{"a":0,"k":[100,100],"ix":3},"r":{"a":0,"k":0,"ix":6},"o":{"a":0,"k":100,"ix":7},"sk":{"a":0,"k":0,"ix":4},"sa":{"a":0,"k":0,"ix":5},"nm":"Transform"}],"nm":"Group 1","np":2,"cix":2,"bm":0,"ix":1,"mn":"ADBE Vector Group","hd":false},{"ty":"gr","it":[{"ind":0,"ty":"sh","ix":1,"ks":{"a":0,"k":{"i":[[-0.078,1.236],[0.105,0.564],[0.086,1.045],[-0.055,1.46],[-0.33,1.753],[-0.709,1.974],[-1.14,2.045],[-1.703,1.886],[-2.077,1.626],[-2.329,1.2],[-2.358,0.782],[-2.216,0.361],[-1.038,0.101],[-0.97,0],[-2.179,-0.32],[0,0],[0.301,-1.24],[0.832,-0.238],[0,0],[1.973,-0.444],[1.327,-0.338],[1.575,-0.458],[0.829,-0.27],[0.833,-0.367],[1.721,-0.819],[1.62,-1.061],[0.76,-0.6],[0.727,-0.613],[3.043,-5.328],[0.613,-1.126],[0.421,-0.829],[0.229,-0.448],[-0.005,-0.033],[1.337,0.069]],"o":[[0.005,0.042],[-0.115,-0.571],[-0.115,-1.048],[0.051,-1.442],[0.311,-1.782],[0.677,-1.99],[1.221,-2.016],[1.676,-1.919],[2.078,-1.629],[2.317,-1.231],[2.366,-0.751],[1.103,-0.211],[1.048,-0.101],[3.859,-0.128],[2.175,0.325],[1.341,0.284],[-0.206,0.819],[0,0],[0,0],[-0.984,0.174],[-1.346,0.27],[-0.801,0.201],[-0.824,0.26],[-1.708,0.627],[-1.698,0.861],[-0.811,0.527],[-0.806,0.544],[-5.851,5.016],[-0.769,1.332],[-0.591,1.139],[-0.416,0.842],[-0.214,0.454],[-0.073,1.222],[-1.337,-0.073]],"v":[[-27.516,21.091],[-27.726,20.216],[-28.083,17.785],[-28.207,14.023],[-27.685,9.186],[-26.165,3.531],[-23.359,-2.538],[-19.052,-8.494],[-13.385,-13.846],[-6.729,-18.111],[0.353,-21.087],[7.265,-22.749],[10.492,-23.161],[13.509,-23.39],[22.696,-22.937],[26.084,-22.36],[27.961,-19.623],[26.249,-17.952],[26.084,-17.906],[22.966,-17.146],[19.483,-16.277],[15.102,-15.054],[12.685,-14.257],[10.172,-13.36],[5.022,-11.136],[0.001,-8.275],[-2.38,-6.607],[-4.645,-4.814],[-17.788,12.059],[-19.816,15.781],[-21.35,18.738],[-22.325,20.683],[-22.673,21.357],[-25.236,23.449]],"c":true},"ix":2},"nm":"Path 1","mn":"ADBE Vector Shape - Group","hd":false},{"ty":"fl","c":{"a":0,"k":[0.187999994615,0.176000004189,0.169000004787,1],"ix":4},"o":{"a":0,"k":100,"ix":5},"r":1,"bm":0,"nm":"Fill 1","mn":"ADBE Vector Graphic - Fill","hd":false},{"ty":"tr","p":{"a":0,"k":[28.512,23.768],"ix":2},"a":{"a":0,"k":[0,0],"ix":1},"s":{"a":0,"k":[100,100],"ix":3},"r":{"a":0,"k":0,"ix":6},"o":{"a":0,"k":100,"ix":7},"sk":{"a":0,"k":0,"ix":4},"sa":{"a":0,"k":0,"ix":5},"nm":"Transform"}],"nm":"Group 2","np":2,"cix":2,"bm":0,"ix":2,"mn":"ADBE Vector Group","hd":false}],"ip":0,"op":80,"st":2,"bm":0},{"ddd":0,"ind":5,"ty":4,"nm":"Emoji_munch_2 Outlines","parent":2,"sr":1,"ks":{"o":{"a":0,"k":100,"ix":11},"r":{"a":0,"k":0,"ix":10},"p":{"a":0,"k":[59.415,162.669,0],"ix":2,"l":2},"a":{"a":0,"k":[38.601,94,0],"ix":1,"l":2},"s":{"a":1,"k":[{"i":{"x":[0.4,0.4,0.4],"y":[1,1,1]},"o":{"x":[0.6,0.6,0.6],"y":[0,0,0]},"t":7,"s":[100,100,100]},{"i":{"x":[0.4,0.4,0.4],"y":[1,1,1]},"o":{"x":[0.6,0.6,0.6],"y":[0,0,0]},"t":17,"s":[80,59,100]},{"i":{"x":[0.4,0.4,0.4],"y":[1,1,1]},"o":{"x":[0.6,0.6,0.6],"y":[0,0,0]},"t":27,"s":[120,120,100]},{"t":37,"s":[100,100,100]}],"ix":6,"l":2}},"ao":0,"shapes":[{"ty":"gr","it":[{"ind":0,"ty":"sh","ix":1,"ks":{"a":0,"k":{"i":[[0,0],[3.284,17.935],[3.299,8.058],[3.273,4.335],[6.624,0],[5.435,-7.186],[3.449,-18.958],[-8.013,0]],"o":[[8.047,0],[-1.922,-10.542],[-2.608,-6.372],[-5.434,-7.186],[-6.621,0],[-7.425,9.852],[-3.251,17.884],[0,0]],"v":[[24.925,46.875],[35.074,8.688],[27.15,-19.428],[18.285,-35.596],[-0.001,-46.875],[-18.286,-35.596],[-35.107,8.854],[-24.922,46.875]],"c":true},"ix":2},"nm":"Path 1","mn":"ADBE Vector Shape - Group","hd":false},{"ty":"fl","c":{"a":0,"k":[0.187999994615,0.176000004189,0.169000004787,1],"ix":4},"o":{"a":0,"k":100,"ix":5},"r":1,"bm":0,"nm":"Fill 1","mn":"ADBE Vector Graphic - Fill","hd":false},{"ty":"tr","p":{"a":0,"k":[38.608,47.125],"ix":2},"a":{"a":0,"k":[0,0],"ix":1},"s":{"a":0,"k":[100,100],"ix":3},"r":{"a":0,"k":0,"ix":6},"o":{"a":0,"k":100,"ix":7},"sk":{"a":0,"k":0,"ix":4},"sa":{"a":0,"k":0,"ix":5},"nm":"Transform"}],"nm":"Group 1","np":2,"cix":2,"bm":0,"ix":1,"mn":"ADBE Vector Group","hd":false}],"ip":0,"op":80,"st":2,"bm":0},{"ddd":0,"ind":6,"ty":4,"nm":"Emoji_munch_1 Outlines","sr":1,"ks":{"o":{"a":0,"k":100,"ix":11},"r":{"a":0,"k":0,"ix":10},"p":{"a":0,"k":[249.999,400,0],"ix":2,"l":2},"a":{"a":0,"k":[149.923,300.25,0],"ix":1,"l":2},"s":{"a":1,"k":[{"i":{"x":[0.4,0.4,0.4],"y":[1,1,1]},"o":{"x":[0.6,0.6,0.6],"y":[0,0,0]},"t":5,"s":[100,100,100]},{"i":{"x":[0.4,0.4,0.4],"y":[1,1,1]},"o":{"x":[0.6,0.6,0.6],"y":[0,0,0]},"t":15,"s":[105,95,100]},{"i":{"x":[0.4,0.4,0.4],"y":[1,1,1]},"o":{"x":[0.6,0.6,0.6],"y":[0,0,0]},"t":25,"s":[95,105,100]},{"t":35,"s":[100,100,100]}],"ix":6,"l":2}},"ao":0,"shapes":[{"ty":"gr","it":[{"ind":0,"ty":"sh","ix":1,"ks":{"a":0,"k":{"i":[[0,0],[-32.164,0.001],[-3.207,-0.805],[80.532,0],[3.411,-79.71],[-4.757,0],[0,-34.717],[0,0],[-21.533,0],[-18.529,8.208]],"o":[[0,-34.716],[4.757,0],[-3.41,-79.709],[-80.534,0],[3.208,-0.806],[32.166,0],[0,0],[18.527,8.206],[21.535,0],[0,0]],"v":[[60.508,42.531],[137.969,-7.802],[149.673,-6.444],[0.001,-150],[-149.673,-6.443],[-137.964,-7.802],[-60.498,42.531],[-60.498,137.147],[0.001,150],[60.508,137.143]],"c":true},"ix":2},"nm":"Path 1","mn":"ADBE Vector Shape - Group","hd":false},{"ty":"fl","c":{"a":0,"k":[0.984000052658,0.819999964097,0.337000020345,1],"ix":4},"o":{"a":0,"k":100,"ix":5},"r":1,"bm":0,"nm":"Fill 1","mn":"ADBE Vector Graphic - Fill","hd":false},{"ty":"tr","p":{"a":0,"k":[149.923,150.25],"ix":2},"a":{"a":0,"k":[0,0],"ix":1},"s":{"a":0,"k":[100,100],"ix":3},"r":{"a":0,"k":0,"ix":6},"o":{"a":0,"k":100,"ix":7},"sk":{"a":0,"k":0,"ix":4},"sa":{"a":0,"k":0,"ix":5},"nm":"Transform"}],"nm":"Group 1","np":2,"cix":2,"bm":0,"ix":1,"mn":"ADBE Vector Group","hd":false}],"ip":0,"op":80,"st":0,"bm":0}],"markers":[]}