{"v":"5.7.4","fr":60,"ip":60,"op":180,"w":500,"h":500,"nm":"donut 3","ddd":0,"assets":[],"layers":[{"ddd":0,"ind":1,"ty":4,"nm":"Shape Layer 6","sr":1,"ks":{"o":{"a":1,"k":[{"i":{"x":[0],"y":[1]},"o":{"x":[0.167],"y":[0.167]},"t":158,"s":[100]},{"t":164,"s":[0]}],"ix":11},"r":{"a":1,"k":[{"i":{"x":[0],"y":[1]},"o":{"x":[0.167],"y":[0.167]},"t":138,"s":[0]},{"t":164,"s":[90]}],"ix":10},"p":{"a":0,"k":[357.5,311,0],"ix":2,"l":2},"a":{"a":0,"k":[-216,29.5,0],"ix":1,"l":2},"s":{"a":1,"k":[{"i":{"x":[0,0,0],"y":[1,1,1]},"o":{"x":[0.167,0.167,0.167],"y":[0.167,0.167,22.222]},"t":138,"s":[0,0,100]},{"t":164,"s":[200,200,100]}],"ix":6,"l":2}},"ao":0,"shapes":[{"ty":"gr","it":[{"ty":"sr","sy":1,"d":1,"pt":{"a":0,"k":4,"ix":3},"p":{"a":0,"k":[0,0],"ix":4},"r":{"a":0,"k":0,"ix":5},"ir":{"a":0,"k":10.008,"ix":6},"is":{"a":0,"k":0,"ix":8},"or":{"a":0,"k":20.016,"ix":7},"os":{"a":0,"k":0,"ix":9},"ix":1,"nm":"Polystar Path 1","mn":"ADBE Vector Shape - Star","hd":false},{"ty":"fl","c":{"a":0,"k":[1,1,1,1],"ix":4},"o":{"a":0,"k":100,"ix":5},"r":1,"bm":0,"nm":"Fill 1","mn":"ADBE Vector Graphic - Fill","hd":false},{"ty":"tr","p":{"a":0,"k":[-216,29.5],"ix":2},"a":{"a":0,"k":[0,0],"ix":1},"s":{"a":0,"k":[100,100],"ix":3},"r":{"a":0,"k":0,"ix":6},"o":{"a":0,"k":100,"ix":7},"sk":{"a":0,"k":0,"ix":4},"sa":{"a":0,"k":0,"ix":5},"nm":"Transform"}],"nm":"Polystar 1","np":3,"cix":2,"bm":0,"ix":1,"mn":"ADBE Vector Group","hd":false}],"ip":138,"op":164,"st":78,"bm":0},{"ddd":0,"ind":2,"ty":4,"nm":"Shape Layer 5","sr":1,"ks":{"o":{"a":1,"k":[{"i":{"x":[0],"y":[1]},"o":{"x":[0.167],"y":[0.167]},"t":147,"s":[100]},{"t":153,"s":[0]}],"ix":11},"r":{"a":1,"k":[{"i":{"x":[0],"y":[1]},"o":{"x":[0.167],"y":[0.167]},"t":127,"s":[0]},{"t":153,"s":[90]}],"ix":10},"p":{"a":0,"k":[238,142.5,0],"ix":2,"l":2},"a":{"a":0,"k":[-216,29.5,0],"ix":1,"l":2},"s":{"a":1,"k":[{"i":{"x":[0,0,0],"y":[1,1,1]},"o":{"x":[0.167,0.167,0.167],"y":[0.167,0.167,21.905]},"t":127,"s":[0,0,100]},{"t":153,"s":[230,230,100]}],"ix":6,"l":2}},"ao":0,"shapes":[{"ty":"gr","it":[{"ty":"sr","sy":1,"d":1,"pt":{"a":0,"k":4,"ix":3},"p":{"a":0,"k":[0,0],"ix":4},"r":{"a":0,"k":0,"ix":5},"ir":{"a":0,"k":10.008,"ix":6},"is":{"a":0,"k":0,"ix":8},"or":{"a":0,"k":20.016,"ix":7},"os":{"a":0,"k":0,"ix":9},"ix":1,"nm":"Polystar Path 1","mn":"ADBE Vector Shape - Star","hd":false},{"ty":"fl","c":{"a":0,"k":[1,1,1,1],"ix":4},"o":{"a":0,"k":100,"ix":5},"r":1,"bm":0,"nm":"Fill 1","mn":"ADBE Vector Graphic - Fill","hd":false},{"ty":"tr","p":{"a":0,"k":[-216,29.5],"ix":2},"a":{"a":0,"k":[0,0],"ix":1},"s":{"a":0,"k":[100,100],"ix":3},"r":{"a":0,"k":0,"ix":6},"o":{"a":0,"k":100,"ix":7},"sk":{"a":0,"k":0,"ix":4},"sa":{"a":0,"k":0,"ix":5},"nm":"Transform"}],"nm":"Polystar 1","np":3,"cix":2,"bm":0,"ix":1,"mn":"ADBE Vector Group","hd":false}],"ip":127,"op":153,"st":67,"bm":0},{"ddd":0,"ind":3,"ty":4,"nm":"Shape Layer 2","sr":1,"ks":{"o":{"a":0,"k":100,"ix":11},"r":{"a":0,"k":180,"ix":10},"p":{"a":0,"k":[232,144.5,0],"ix":2,"l":2},"a":{"a":0,"k":[-47.5,184,0],"ix":1,"l":2},"s":{"a":0,"k":[100,100,100],"ix":6,"l":2}},"ao":0,"shapes":[{"ty":"gr","it":[{"ind":0,"ty":"sh","ix":1,"ks":{"a":0,"k":{"i":[[0,0],[0,0]],"o":[[0,0],[0,0]],"v":[[-202,184],[107,184]],"c":false},"ix":2},"nm":"Path 1","mn":"ADBE Vector Shape - Group","hd":false},{"ty":"st","c":{"a":0,"k":[1,0.679555197323,0.683238429649,1],"ix":3},"o":{"a":0,"k":100,"ix":4},"w":{"a":0,"k":25,"ix":5},"lc":1,"lj":1,"ml":4,"bm":0,"nm":"Stroke 1","mn":"ADBE Vector Graphic - Stroke","hd":false},{"ty":"tr","p":{"a":0,"k":[0,0],"ix":2},"a":{"a":0,"k":[0,0],"ix":1},"s":{"a":0,"k":[100,100],"ix":3},"r":{"a":0,"k":0,"ix":6},"o":{"a":0,"k":100,"ix":7},"sk":{"a":0,"k":0,"ix":4},"sa":{"a":0,"k":0,"ix":5},"nm":"Transform"}],"nm":"Shape 1","np":3,"cix":2,"bm":0,"ix":1,"mn":"ADBE Vector Group","hd":false},{"ty":"tm","s":{"a":1,"k":[{"i":{"x":[0.4],"y":[1]},"o":{"x":[0.6],"y":[0]},"t":60,"s":[0]},{"t":72.80078125,"s":[100]}],"ix":1},"e":{"a":1,"k":[{"i":{"x":[0.4],"y":[1]},"o":{"x":[0.6],"y":[0]},"t":66.4,"s":[0]},{"t":80.48046875,"s":[100]}],"ix":2},"o":{"a":0,"k":0,"ix":3},"m":1,"ix":2,"nm":"Trim Paths 1","mn":"ADBE Vector Filter - Trim","hd":false}],"ip":60,"op":83,"st":0,"bm":0},{"ddd":0,"ind":4,"ty":4,"nm":"Shape Layer 3","sr":1,"ks":{"o":{"a":0,"k":100,"ix":11},"r":{"a":0,"k":180,"ix":10},"p":{"a":0,"k":[267,356.5,0],"ix":2,"l":2},"a":{"a":0,"k":[34,-55,0],"ix":1,"l":2},"s":{"a":0,"k":[100,100,100],"ix":6,"l":2}},"ao":0,"shapes":[{"ty":"gr","it":[{"ind":0,"ty":"sh","ix":1,"ks":{"a":0,"k":{"i":[[0,0],[0,0]],"o":[[0,0],[0,0]],"v":[[-161,-55],[229,-55]],"c":false},"ix":2},"nm":"Path 1","mn":"ADBE Vector Shape - Group","hd":false},{"ty":"st","c":{"a":0,"k":[1,0.679555197323,0.683238429649,1],"ix":3},"o":{"a":0,"k":100,"ix":4},"w":{"a":0,"k":25,"ix":5},"lc":1,"lj":1,"ml":4,"bm":0,"nm":"Stroke 1","mn":"ADBE Vector Graphic - Stroke","hd":false},{"ty":"tm","s":{"a":1,"k":[{"i":{"x":[0.4],"y":[1]},"o":{"x":[0.6],"y":[0]},"t":65.4,"s":[0]},{"t":78.19921875,"s":[100]}],"ix":1},"e":{"a":1,"k":[{"i":{"x":[0.4],"y":[1]},"o":{"x":[0.6],"y":[0]},"t":71.801,"s":[0]},{"t":85.880859375,"s":[100]}],"ix":2},"o":{"a":0,"k":0,"ix":3},"m":1,"ix":4,"nm":"Trim Paths 1","mn":"ADBE Vector Filter - Trim","hd":false},{"ty":"tr","p":{"a":0,"k":[0,0],"ix":2},"a":{"a":0,"k":[0,0],"ix":1},"s":{"a":0,"k":[100,100],"ix":3},"r":{"a":0,"k":0,"ix":6},"o":{"a":0,"k":100,"ix":7},"sk":{"a":0,"k":0,"ix":4},"sa":{"a":0,"k":0,"ix":5},"nm":"Transform"}],"nm":"Shape 1","np":4,"cix":2,"bm":0,"ix":1,"mn":"ADBE Vector Group","hd":false}],"ip":64,"op":87,"st":4,"bm":0},{"ddd":0,"ind":5,"ty":4,"nm":"Shape Layer 1","sr":1,"ks":{"o":{"a":0,"k":100,"ix":11},"r":{"a":0,"k":180,"ix":10},"p":{"a":0,"k":[288,245,0],"ix":2,"l":2},"a":{"a":0,"k":[34,-55,0],"ix":1,"l":2},"s":{"a":0,"k":[100,100,100],"ix":6,"l":2}},"ao":0,"shapes":[{"ty":"gr","it":[{"ind":0,"ty":"sh","ix":1,"ks":{"a":0,"k":{"i":[[0,0],[0,0]],"o":[[0,0],[0,0]],"v":[[-161,-55],[229,-55]],"c":false},"ix":2},"nm":"Path 1","mn":"ADBE Vector Shape - Group","hd":false},{"ty":"st","c":{"a":0,"k":[1,0.679555197323,0.683238429649,1],"ix":3},"o":{"a":0,"k":100,"ix":4},"w":{"a":0,"k":25,"ix":5},"lc":1,"lj":1,"ml":4,"bm":0,"nm":"Stroke 1","mn":"ADBE Vector Graphic - Stroke","hd":false},{"ty":"tm","s":{"a":1,"k":[{"i":{"x":[0.4],"y":[1]},"o":{"x":[0.6],"y":[0]},"t":71.801,"s":[0]},{"t":84.599609375,"s":[100]}],"ix":1},"e":{"a":1,"k":[{"i":{"x":[0.4],"y":[1]},"o":{"x":[0.6],"y":[0]},"t":78.199,"s":[0]},{"t":91,"s":[100]}],"ix":2},"o":{"a":0,"k":0,"ix":3},"m":1,"ix":4,"nm":"Trim Paths 1","mn":"ADBE Vector Filter - Trim","hd":false},{"ty":"tr","p":{"a":0,"k":[0,0],"ix":2},"a":{"a":0,"k":[0,0],"ix":1},"s":{"a":0,"k":[100,100],"ix":3},"r":{"a":0,"k":0,"ix":6},"o":{"a":0,"k":100,"ix":7},"sk":{"a":0,"k":0,"ix":4},"sa":{"a":0,"k":0,"ix":5},"nm":"Transform"}],"nm":"Shape 1","np":4,"cix":2,"bm":0,"ix":1,"mn":"ADBE Vector Group","hd":false}],"ip":69,"op":91,"st":9,"bm":0},{"ddd":0,"ind":6,"ty":3,"nm":"NULL CONTROL","parent":22,"sr":1,"ks":{"o":{"a":0,"k":0,"ix":11},"r":{"a":0,"k":0,"ix":10},"p":{"a":1,"k":[{"i":{"x":0.833,"y":0.958},"o":{"x":0.6,"y":0},"t":60,"s":[150.176,150.395,0],"to":[-12.833,0,0],"ti":[0,0,0]},{"i":{"x":0.833,"y":0.833},"o":{"x":0.167,"y":0.167},"t":75,"s":[73.176,150.395,0],"to":[0,0,0],"ti":[0,0,0]},{"i":{"x":0.588,"y":1},"o":{"x":0.167,"y":0.167},"t":119,"s":[73.176,150.395,0],"to":[12.833,0,0],"ti":[2.193,0,0]},{"t":120,"s":[150.176,150.395,0]}],"ix":2,"l":2},"a":{"a":0,"k":[60,60,0],"ix":1,"l":2},"s":{"a":1,"k":[{"i":{"x":[0.833,0.833,0.833],"y":[0.844,1,1]},"o":{"x":[0.6,0.6,0.6],"y":[0,0,0]},"t":60,"s":[100,100,100]},{"i":{"x":[0.833,0.833,0.833],"y":[1,1,1]},"o":{"x":[0.167,0.167,0.167],"y":[-1.042,0,0]},"t":75,"s":[0,100,100]},{"i":{"x":[0.833,0.833,0.833],"y":[0.833,0.833,0.833]},"o":{"x":[0.167,0.167,0.167],"y":[0.167,0.167,0.167]},"t":76,"s":[0,100,100]},{"i":{"x":[0.513,0.513,0.513],"y":[1,1,1]},"o":{"x":[0.167,0.167,0.167],"y":[0.167,0,0]},"t":119,"s":[0,100,100]},{"t":120,"s":[100,100,100]}],"ix":6,"l":2}},"ao":0,"ip":0,"op":301,"st":0,"bm":0},{"ddd":0,"ind":8,"ty":4,"nm":"donut_11 Outlines","parent":6,"sr":1,"ks":{"o":{"a":0,"k":100,"ix":11},"r":{"a":0,"k":0,"ix":10},"p":{"a":0,"k":[-5.651,-43.937,0],"ix":2,"l":2},"a":{"a":0,"k":[12.855,12.849,0],"ix":1,"l":2},"s":{"a":1,"k":[{"i":{"x":[0.833,0.833,0.833],"y":[0.833,0.833,0.833]},"o":{"x":[0.167,0.167,0.167],"y":[0.167,0.167,0.167]},"t":74,"s":[100,100,100]},{"i":{"x":[0.833,0.833,0.833],"y":[0.833,0.833,0.833]},"o":{"x":[0.167,0.167,0.167],"y":[0.167,0.167,0.167]},"t":75,"s":[0,0,100]},{"i":{"x":[0.833,0.833,0.833],"y":[0.833,0.833,0.833]},"o":{"x":[0.167,0.167,0.167],"y":[0.167,0.167,0.167]},"t":119,"s":[100,100,100]},{"i":{"x":[0,0,0],"y":[1,1,1]},"o":{"x":[0.167,0.167,0.167],"y":[0.167,0.167,0]},"t":120,"s":[180,180,100]},{"t":130,"s":[100,100,100]}],"ix":6,"l":2}},"ao":0,"shapes":[{"ty":"gr","it":[{"ind":0,"ty":"sh","ix":1,"ks":{"a":0,"k":{"i":[[0,-6.958],[6.961,0],[0,6.958],[-6.962,0]],"o":[[0,6.958],[-6.962,0],[0,-6.958],[6.961,0]],"v":[[12.605,-0.001],[0,12.599],[-12.605,-0.001],[0,-12.599]],"c":true},"ix":2},"nm":"Path 1","mn":"ADBE Vector Shape - Group","hd":false},{"ty":"fl","c":{"a":0,"k":[0.105999995213,0.677999997606,0.651000019148,1],"ix":4},"o":{"a":0,"k":100,"ix":5},"r":1,"bm":0,"nm":"Fill 1","mn":"ADBE Vector Graphic - Fill","hd":false},{"ty":"tr","p":{"a":0,"k":[12.855,12.849],"ix":2},"a":{"a":0,"k":[0,0],"ix":1},"s":{"a":0,"k":[100,100],"ix":3},"r":{"a":0,"k":0,"ix":6},"o":{"a":0,"k":100,"ix":7},"sk":{"a":0,"k":0,"ix":4},"sa":{"a":0,"k":0,"ix":5},"nm":"Transform"}],"nm":"Group 1","np":2,"cix":2,"bm":0,"ix":1,"mn":"ADBE Vector Group","hd":false}],"ip":7,"op":243,"st":7,"bm":0},{"ddd":0,"ind":9,"ty":4,"nm":"donut_10 Outlines","parent":6,"sr":1,"ks":{"o":{"a":0,"k":100,"ix":11},"r":{"a":0,"k":0,"ix":10},"p":{"a":0,"k":[-12.794,6.457,0],"ix":2,"l":2},"a":{"a":0,"k":[12.855,12.849,0],"ix":1,"l":2},"s":{"a":1,"k":[{"i":{"x":[0.833,0.833,0.833],"y":[0.833,0.833,0.833]},"o":{"x":[0.167,0.167,0.167],"y":[0.167,0.167,0.167]},"t":74,"s":[100,100,100]},{"i":{"x":[0.833,0.833,0.833],"y":[0.833,0.833,0.833]},"o":{"x":[0.167,0.167,0.167],"y":[0.167,0.167,0.167]},"t":75,"s":[0,0,100]},{"i":{"x":[0.833,0.833,0.833],"y":[0.833,0.833,0.833]},"o":{"x":[0.167,0.167,0.167],"y":[0.167,0.167,0.167]},"t":121,"s":[0,0,100]},{"i":{"x":[0,0,0],"y":[1,1,1]},"o":{"x":[0.167,0.167,0.167],"y":[0.167,0.167,0]},"t":122,"s":[180,180,100]},{"t":132,"s":[100,100,100]}],"ix":6,"l":2}},"ao":0,"shapes":[{"ty":"gr","it":[{"ind":0,"ty":"sh","ix":1,"ks":{"a":0,"k":{"i":[[0,-6.958],[6.961,0],[0,6.958],[-6.961,0]],"o":[[0,6.958],[-6.961,0],[0,-6.958],[6.961,0]],"v":[[12.605,-0.001],[0,12.599],[-12.605,-0.001],[0,-12.599]],"c":true},"ix":2},"nm":"Path 1","mn":"ADBE Vector Shape - Group","hd":false},{"ty":"fl","c":{"a":0,"k":[1,1,1,1],"ix":4},"o":{"a":0,"k":100,"ix":5},"r":1,"bm":0,"nm":"Fill 1","mn":"ADBE Vector Graphic - Fill","hd":false},{"ty":"tr","p":{"a":0,"k":[12.855,12.849],"ix":2},"a":{"a":0,"k":[0,0],"ix":1},"s":{"a":0,"k":[100,100],"ix":3},"r":{"a":0,"k":0,"ix":6},"o":{"a":0,"k":100,"ix":7},"sk":{"a":0,"k":0,"ix":4},"sa":{"a":0,"k":0,"ix":5},"nm":"Transform"}],"nm":"Group 1","np":2,"cix":2,"bm":0,"ix":1,"mn":"ADBE Vector Group","hd":false}],"ip":7,"op":243,"st":7,"bm":0},{"ddd":0,"ind":10,"ty":4,"nm":"donut_9 Outlines","parent":6,"sr":1,"ks":{"o":{"a":0,"k":100,"ix":11},"r":{"a":0,"k":0,"ix":10},"p":{"a":0,"k":[95.189,-19.37,0],"ix":2,"l":2},"a":{"a":0,"k":[12.855,12.849,0],"ix":1,"l":2},"s":{"a":1,"k":[{"i":{"x":[0.833,0.833,0.833],"y":[0.833,0.833,0.833]},"o":{"x":[0.167,0.167,0.167],"y":[0.167,0.167,0.167]},"t":74,"s":[100,100,100]},{"i":{"x":[0.833,0.833,0.833],"y":[0.833,0.833,0.833]},"o":{"x":[0.167,0.167,0.167],"y":[0.167,0.167,0.167]},"t":75,"s":[0,0,100]},{"i":{"x":[0.833,0.833,0.833],"y":[0.833,0.833,0.833]},"o":{"x":[0.167,0.167,0.167],"y":[0.167,0.167,0.167]},"t":123,"s":[0,0,100]},{"i":{"x":[0,0,0],"y":[1,1,1]},"o":{"x":[0.167,0.167,0.167],"y":[0.167,0.167,0]},"t":124,"s":[180,180,100]},{"t":134,"s":[100,100,100]}],"ix":6,"l":2}},"ao":0,"shapes":[{"ty":"gr","it":[{"ind":0,"ty":"sh","ix":1,"ks":{"a":0,"k":{"i":[[0,-6.958],[6.961,0],[0,6.958],[-6.961,0]],"o":[[0,6.958],[-6.961,0],[0,-6.958],[6.961,0]],"v":[[12.605,-0.001],[0,12.599],[-12.605,-0.001],[0,-12.599]],"c":true},"ix":2},"nm":"Path 1","mn":"ADBE Vector Shape - Group","hd":false},{"ty":"fl","c":{"a":0,"k":[0.889999988032,0.093999997307,0.234999997008,1],"ix":4},"o":{"a":0,"k":100,"ix":5},"r":1,"bm":0,"nm":"Fill 1","mn":"ADBE Vector Graphic - Fill","hd":false},{"ty":"tr","p":{"a":0,"k":[12.855,12.849],"ix":2},"a":{"a":0,"k":[0,0],"ix":1},"s":{"a":0,"k":[100,100],"ix":3},"r":{"a":0,"k":0,"ix":6},"o":{"a":0,"k":100,"ix":7},"sk":{"a":0,"k":0,"ix":4},"sa":{"a":0,"k":0,"ix":5},"nm":"Transform"}],"nm":"Group 1","np":2,"cix":2,"bm":0,"ix":1,"mn":"ADBE Vector Group","hd":false}],"ip":7,"op":243,"st":7,"bm":0},{"ddd":0,"ind":11,"ty":4,"nm":"donut_8 Outlines","parent":6,"sr":1,"ks":{"o":{"a":0,"k":100,"ix":11},"r":{"a":0,"k":0,"ix":10},"p":{"a":0,"k":[-23.088,86.667,0],"ix":2,"l":2},"a":{"a":0,"k":[12.855,12.849,0],"ix":1,"l":2},"s":{"a":1,"k":[{"i":{"x":[0.833,0.833,0.833],"y":[0.833,0.833,0.833]},"o":{"x":[0.167,0.167,0.167],"y":[0.167,0.167,0.167]},"t":74,"s":[100,100,100]},{"i":{"x":[0.833,0.833,0.833],"y":[0.833,0.833,0.833]},"o":{"x":[0.167,0.167,0.167],"y":[0.167,0.167,0.167]},"t":75,"s":[0,0,100]},{"i":{"x":[0.833,0.833,0.833],"y":[0.833,0.833,0.833]},"o":{"x":[0.167,0.167,0.167],"y":[0.167,0.167,0.167]},"t":125,"s":[0,0,100]},{"i":{"x":[0,0,0],"y":[1,1,1]},"o":{"x":[0.167,0.167,0.167],"y":[0.167,0.167,0]},"t":126,"s":[180,180,100]},{"t":136,"s":[100,100,100]}],"ix":6,"l":2}},"ao":0,"shapes":[{"ty":"gr","it":[{"ind":0,"ty":"sh","ix":1,"ks":{"a":0,"k":{"i":[[0,-6.958],[6.961,0],[0,6.958],[-6.962,0]],"o":[[0,6.958],[-6.962,0],[0,-6.958],[6.961,0]],"v":[[12.605,0],[0,12.599],[-12.605,0],[0,-12.599]],"c":true},"ix":2},"nm":"Path 1","mn":"ADBE Vector Shape - Group","hd":false},{"ty":"fl","c":{"a":0,"k":[0.588000009574,0.736999990426,0.294000004787,1],"ix":4},"o":{"a":0,"k":100,"ix":5},"r":1,"bm":0,"nm":"Fill 1","mn":"ADBE Vector Graphic - Fill","hd":false},{"ty":"tr","p":{"a":0,"k":[12.855,12.849],"ix":2},"a":{"a":0,"k":[0,0],"ix":1},"s":{"a":0,"k":[100,100],"ix":3},"r":{"a":0,"k":0,"ix":6},"o":{"a":0,"k":100,"ix":7},"sk":{"a":0,"k":0,"ix":4},"sa":{"a":0,"k":0,"ix":5},"nm":"Transform"}],"nm":"Group 1","np":2,"cix":2,"bm":0,"ix":1,"mn":"ADBE Vector Group","hd":false}],"ip":7,"op":243,"st":7,"bm":0},{"ddd":0,"ind":12,"ty":4,"nm":"donut_7 Outlines","parent":6,"sr":1,"ks":{"o":{"a":0,"k":100,"ix":11},"r":{"a":0,"k":0,"ix":10},"p":{"a":0,"k":[143.088,51.391,0],"ix":2,"l":2},"a":{"a":0,"k":[12.855,12.849,0],"ix":1,"l":2},"s":{"a":1,"k":[{"i":{"x":[0.833,0.833,0.833],"y":[0.833,0.833,0.833]},"o":{"x":[0.167,0.167,0.167],"y":[0.167,0.167,0.167]},"t":74,"s":[100,100,100]},{"i":{"x":[0.833,0.833,0.833],"y":[0.833,0.833,0.833]},"o":{"x":[0.167,0.167,0.167],"y":[0.167,0.167,0.167]},"t":75,"s":[0,0,100]},{"i":{"x":[0.833,0.833,0.833],"y":[0.833,0.833,0.833]},"o":{"x":[0.167,0.167,0.167],"y":[0.167,0.167,0.167]},"t":127,"s":[0,0,100]},{"i":{"x":[0,0,0],"y":[1,1,1]},"o":{"x":[0.167,0.167,0.167],"y":[0.167,0.167,0]},"t":128,"s":[180,180,100]},{"t":138,"s":[100,100,100]}],"ix":6,"l":2}},"ao":0,"shapes":[{"ty":"gr","it":[{"ind":0,"ty":"sh","ix":1,"ks":{"a":0,"k":{"i":[[0,-6.958],[6.961,0],[0,6.958],[-6.962,0]],"o":[[0,6.958],[-6.962,0],[0,-6.958],[6.961,0]],"v":[[12.606,-0.001],[0.001,12.599],[-12.606,-0.001],[0.001,-12.599]],"c":true},"ix":2},"nm":"Path 1","mn":"ADBE Vector Shape - Group","hd":false},{"ty":"fl","c":{"a":0,"k":[0.957000014361,0.501999978458,0.263000009574,1],"ix":4},"o":{"a":0,"k":100,"ix":5},"r":1,"bm":0,"nm":"Fill 1","mn":"ADBE Vector Graphic - Fill","hd":false},{"ty":"tr","p":{"a":0,"k":[12.855,12.849],"ix":2},"a":{"a":0,"k":[0,0],"ix":1},"s":{"a":0,"k":[100,100],"ix":3},"r":{"a":0,"k":0,"ix":6},"o":{"a":0,"k":100,"ix":7},"sk":{"a":0,"k":0,"ix":4},"sa":{"a":0,"k":0,"ix":5},"nm":"Transform"}],"nm":"Group 1","np":2,"cix":2,"bm":0,"ix":1,"mn":"ADBE Vector Group","hd":false}],"ip":7,"op":243,"st":7,"bm":0},{"ddd":0,"ind":13,"ty":4,"nm":"donut_6 Outlines","parent":6,"sr":1,"ks":{"o":{"a":0,"k":100,"ix":11},"r":{"a":0,"k":0,"ix":10},"p":{"a":0,"k":[115.147,163.937,0],"ix":2,"l":2},"a":{"a":0,"k":[12.855,12.848,0],"ix":1,"l":2},"s":{"a":1,"k":[{"i":{"x":[0.833,0.833,0.833],"y":[0.833,0.833,0.833]},"o":{"x":[0.167,0.167,0.167],"y":[0.167,0.167,0.167]},"t":74,"s":[100,100,100]},{"i":{"x":[0.833,0.833,0.833],"y":[0.833,0.833,0.833]},"o":{"x":[0.167,0.167,0.167],"y":[0.167,0.167,0.167]},"t":75,"s":[0,0,100]},{"i":{"x":[0.833,0.833,0.833],"y":[0.833,0.833,0.833]},"o":{"x":[0.167,0.167,0.167],"y":[0.167,0.167,0.167]},"t":129,"s":[0,0,100]},{"i":{"x":[0,0,0],"y":[1,1,1]},"o":{"x":[0.167,0.167,0.167],"y":[0.167,0.167,0]},"t":130,"s":[180,180,100]},{"t":140,"s":[100,100,100]}],"ix":6,"l":2}},"ao":0,"shapes":[{"ty":"gr","it":[{"ind":0,"ty":"sh","ix":1,"ks":{"a":0,"k":{"i":[[0,-6.958],[6.961,0],[0,6.957],[-6.961,0]],"o":[[0,6.957],[-6.961,0],[0,-6.958],[6.961,0]],"v":[[12.605,0.001],[0,12.599],[-12.605,0.001],[0,-12.599]],"c":true},"ix":2},"nm":"Path 1","mn":"ADBE Vector Shape - Group","hd":false},{"ty":"fl","c":{"a":0,"k":[0.105999995213,0.677999997606,0.651000019148,1],"ix":4},"o":{"a":0,"k":100,"ix":5},"r":1,"bm":0,"nm":"Fill 1","mn":"ADBE Vector Graphic - Fill","hd":false},{"ty":"tr","p":{"a":0,"k":[12.855,12.849],"ix":2},"a":{"a":0,"k":[0,0],"ix":1},"s":{"a":0,"k":[100,100],"ix":3},"r":{"a":0,"k":0,"ix":6},"o":{"a":0,"k":100,"ix":7},"sk":{"a":0,"k":0,"ix":4},"sa":{"a":0,"k":0,"ix":5},"nm":"Transform"}],"nm":"Group 1","np":2,"cix":2,"bm":0,"ix":1,"mn":"ADBE Vector Group","hd":false}],"ip":7,"op":243,"st":7,"bm":0},{"ddd":0,"ind":14,"ty":4,"nm":"donut_5 Outlines","parent":6,"sr":1,"ks":{"o":{"a":0,"k":100,"ix":11},"r":{"a":0,"k":0,"ix":10},"p":{"a":0,"k":[0.862,160.997,0],"ix":2,"l":2},"a":{"a":0,"k":[12.855,12.849,0],"ix":1,"l":2},"s":{"a":1,"k":[{"i":{"x":[0.833,0.833,0.833],"y":[0.833,0.833,0.833]},"o":{"x":[0.167,0.167,0.167],"y":[0.167,0.167,0.167]},"t":74,"s":[100,100,100]},{"i":{"x":[0.833,0.833,0.833],"y":[0.833,0.833,0.833]},"o":{"x":[0.167,0.167,0.167],"y":[0.167,0.167,0.167]},"t":75,"s":[0,0,100]},{"i":{"x":[0.833,0.833,0.833],"y":[0.833,0.833,0.833]},"o":{"x":[0.167,0.167,0.167],"y":[0.167,0.167,0.167]},"t":131,"s":[0,0,100]},{"i":{"x":[0,0,0],"y":[1,1,1]},"o":{"x":[0.167,0.167,0.167],"y":[0.167,0.167,-3.333]},"t":132,"s":[180,180,100]},{"t":142,"s":[100,100,100]}],"ix":6,"l":2}},"ao":0,"shapes":[{"ty":"gr","it":[{"ind":0,"ty":"sh","ix":1,"ks":{"a":0,"k":{"i":[[0,-6.958],[6.961,0],[0,6.958],[-6.962,0]],"o":[[0,6.958],[-6.962,0],[0,-6.958],[6.961,0]],"v":[[12.605,-0.001],[0,12.599],[-12.605,-0.001],[0,-12.599]],"c":true},"ix":2},"nm":"Path 1","mn":"ADBE Vector Shape - Group","hd":false},{"ty":"fl","c":{"a":0,"k":[0.528999956916,0.383999992819,0.277999997606,1],"ix":4},"o":{"a":0,"k":100,"ix":5},"r":1,"bm":0,"nm":"Fill 1","mn":"ADBE Vector Graphic - Fill","hd":false},{"ty":"tr","p":{"a":0,"k":[12.855,12.849],"ix":2},"a":{"a":0,"k":[0,0],"ix":1},"s":{"a":0,"k":[100,100],"ix":3},"r":{"a":0,"k":0,"ix":6},"o":{"a":0,"k":100,"ix":7},"sk":{"a":0,"k":0,"ix":4},"sa":{"a":0,"k":0,"ix":5},"nm":"Transform"}],"nm":"Group 1","np":2,"cix":2,"bm":0,"ix":1,"mn":"ADBE Vector Group","hd":false}],"ip":7,"op":243,"st":7,"bm":0},{"ddd":0,"ind":15,"ty":4,"nm":"donut_4/Emoji_20210310_1337 Outlines 3","sr":1,"ks":{"o":{"a":0,"k":100,"ix":11},"r":{"a":0,"k":0,"ix":10},"p":{"a":0,"k":[234,236.5,0],"ix":2,"l":2},"a":{"a":0,"k":[46,46,0],"ix":1,"l":2},"s":{"a":0,"k":[100,100,100],"ix":6,"l":2}},"ao":0,"shapes":[{"ty":"gr","it":[{"ind":0,"ty":"sh","ix":1,"ks":{"a":1,"k":[{"i":{"x":0.833,"y":0.833},"o":{"x":0.167,"y":0},"t":105,"s":[{"i":[[-0.057,-8.92],[0,10.198],[-0.117,0],[-0.034,-5.263],[0.074,0],[0,-27.484]],"o":[[-0.022,-7.893],[0,-27.483],[0.043,0],[-0.038,-13.38],[-0.117,0],[0,17.288]],"v":[[95.318,45.588],[95.283,18.034],[95.494,-31.73],[95.612,-23.376],[95.435,-45.588],[95.224,4.176]],"c":true}]},{"i":{"x":0.833,"y":0.833},"o":{"x":0.167,"y":0.167},"t":106,"s":[{"i":[[-1.321,-8.92],[0,10.198],[-2.713,0],[-0.779,-5.263],[1.706,0],[0,-27.484]],"o":[[-0.519,-7.893],[0,-27.483],[1.007,0],[-0.88,-13.38],[-2.713,0],[0,17.288]],"v":[[84.416,45.588],[83.592,18.034],[88.504,-31.73],[91.224,-23.376],[87.136,-45.588],[82.224,4.176]],"c":true}]},{"i":{"x":0.833,"y":1},"o":{"x":0.167,"y":0.167},"t":113,"s":[{"i":[[-11.006,-8.92],[0,10.198],[-22.608,0],[-6.492,-5.263],[14.22,0],[0,-27.484]],"o":[[-4.329,-7.893],[0,-27.483],[8.388,0],[-7.337,-13.38],[-22.608,0],[0,17.288]],"v":[[6.995,45.588],[0.124,18.034],[41.059,-31.73],[63.724,-23.376],[29.659,-45.588],[-11.276,4.176]],"c":true}]},{"t":120,"s":[{"i":[[-13.387,-8.92],[0,10.198],[-27.498,0],[-7.896,-5.263],[17.296,0],[0,-27.484]],"o":[[-5.265,-7.893],[0,-27.483],[10.202,0],[-8.924,-13.38],[-27.498,0],[0,17.288]],"v":[[-14.889,45.621],[-23.246,18.067],[26.545,-31.696],[54.112,-23.343],[12.678,-45.554],[-37.112,4.209]],"c":true}]}],"ix":2},"nm":"Path 1","mn":"ADBE Vector Shape - Group","hd":false},{"ty":"fl","c":{"a":0,"k":[0.964999988032,0.62400004069,0.626999978458,1],"ix":4},"o":{"a":0,"k":100,"ix":5},"r":1,"bm":0,"nm":"Fill 1","mn":"ADBE Vector Graphic - Fill","hd":false},{"ty":"tr","p":{"a":0,"k":[36.276,45.838],"ix":2},"a":{"a":0,"k":[0,0],"ix":1},"s":{"a":0,"k":[100,100],"ix":3},"r":{"a":0,"k":0,"ix":6},"o":{"a":0,"k":100,"ix":7},"sk":{"a":0,"k":0,"ix":4},"sa":{"a":0,"k":0,"ix":5},"nm":"Transform"}],"nm":"Group 1","np":2,"cix":2,"bm":0,"ix":1,"mn":"ADBE Vector Group","hd":false}],"ip":105,"op":232,"st":44,"bm":0},{"ddd":0,"ind":16,"ty":4,"nm":"donut_4/Emoji_20210310_1337 Outlines","sr":1,"ks":{"o":{"a":0,"k":100,"ix":11},"r":{"a":0,"k":0,"ix":10},"p":{"a":0,"k":[234,236.5,0],"ix":2,"l":2},"a":{"a":0,"k":[46,46,0],"ix":1,"l":2},"s":{"a":0,"k":[100,100,100],"ix":6,"l":2}},"ao":0,"shapes":[{"ty":"gr","it":[{"ind":0,"ty":"sh","ix":1,"ks":{"a":1,"k":[{"i":{"x":0.833,"y":0.833},"o":{"x":0.6,"y":0},"t":61,"s":[{"i":[[-13.387,-8.92],[0,10.198],[-27.498,0],[-7.896,-5.263],[17.296,0],[0,-27.484]],"o":[[-5.265,-7.893],[0,-27.483],[10.202,0],[-8.924,-13.38],[-27.498,0],[0,17.288]],"v":[[-23.389,45.588],[-31.746,18.034],[18.045,-31.73],[45.612,-23.376],[4.178,-45.588],[-45.612,4.176]],"c":true}]},{"i":{"x":0.833,"y":0.833},"o":{"x":0.167,"y":0.167},"t":72,"s":[{"i":[[-3.869,-8.92],[0,10.198],[-7.947,0],[-2.282,-5.263],[4.998,0],[0,-27.484]],"o":[[-1.522,-7.893],[0,-27.483],[2.948,0],[-2.579,-13.38],[-7.947,0],[0,17.288]],"v":[[-48.802,45.644],[-51.217,18.09],[-36.828,-31.673],[-28.861,-23.32],[-40.835,-45.531],[-55.224,4.232]],"c":true}]},{"i":{"x":0.833,"y":0.833},"o":{"x":0.167,"y":0.167},"t":74,"s":[{"i":[[-0.58,-8.92],[0,10.198],[-1.192,0],[-0.342,-5.263],[0.75,0],[0,-27.484]],"o":[[-0.228,-7.893],[0,-27.483],[0.442,0],[-0.387,-13.38],[-1.192,0],[0,17.288]],"v":[[-57.852,45.665],[-58.215,18.111],[-56.056,-31.652],[-54.861,-23.299],[-56.658,-45.51],[-58.816,4.253]],"c":true}]},{"t":75,"s":[{"i":[[0.037,-8.92],[0,10.198],[0.075,0],[0.022,-5.263],[-0.047,0],[0,-27.484]],"o":[[0.014,-7.893],[0,-27.483],[-0.028,0],[0.024,-13.38],[0.075,0],[0,17.288]],"v":[[-60.672,45.675],[-60.65,18.121],[-60.786,-31.642],[-60.861,-23.289],[-60.748,-45.5],[-60.612,4.263]],"c":true}]}],"ix":2},"nm":"Path 1","mn":"ADBE Vector Shape - Group","hd":false},{"ty":"fl","c":{"a":0,"k":[0.964999988032,0.62400004069,0.626999978458,1],"ix":4},"o":{"a":0,"k":100,"ix":5},"r":1,"bm":0,"nm":"Fill 1","mn":"ADBE Vector Graphic - Fill","hd":false},{"ty":"tr","p":{"a":0,"k":[45.861,45.838],"ix":2},"a":{"a":0,"k":[0,0],"ix":1},"s":{"a":0,"k":[100,100],"ix":3},"r":{"a":0,"k":0,"ix":6},"o":{"a":0,"k":100,"ix":7},"sk":{"a":0,"k":0,"ix":4},"sa":{"a":0,"k":0,"ix":5},"nm":"Transform"}],"nm":"Group 1","np":2,"cix":2,"bm":0,"ix":1,"mn":"ADBE Vector Group","hd":false}],"ip":0,"op":75,"st":0,"bm":0},{"ddd":0,"ind":17,"ty":4,"nm":"donut_crema 2","sr":1,"ks":{"o":{"a":0,"k":100,"ix":11},"r":{"a":0,"k":0,"ix":10},"p":{"a":0,"k":[250.5,252.999,0],"ix":2,"l":2},"a":{"a":0,"k":[117.941,117.878,0],"ix":1,"l":2},"s":{"a":0,"k":[100.653,100.653,100],"ix":6,"l":2}},"ao":0,"shapes":[{"ty":"gr","it":[{"ind":0,"ty":"sh","ix":1,"ks":{"a":1,"k":[{"i":{"x":0.833,"y":0.833},"o":{"x":0.6,"y":0},"t":60,"s":[{"i":[[27.498,0],[0,27.484],[-27.499,0],[0,-27.485]],"o":[[-27.499,0],[0,-27.485],[27.498,0],[0,27.484]],"v":[[0,49.765],[-49.79,0.002],[0,-49.762],[49.79,0.002]],"c":true}]},{"i":{"x":0.833,"y":0.833},"o":{"x":0.167,"y":0.167},"t":72,"s":[{"i":[[9.842,0],[0,27.484],[-9.841,0],[0,-27.485]],"o":[[-9.842,0],[0,-27.485],[9.841,0],[0,27.484]],"v":[[-52.096,49.765],[-69.916,0.002],[-52.096,-49.762],[-34.276,0.002]],"c":true}]},{"t":75,"s":[{"i":[[0,0],[0,27.484],[0,0],[0,-27.485]],"o":[[0,0],[0,-27.485],[0,0],[0,27.484]],"v":[[-82.213,49.765],[-82.213,0.002],[-82.213,-49.762],[-82.213,0.002]],"c":true}]}],"ix":2},"nm":"Path 1","mn":"ADBE Vector Shape - Group","hd":false},{"ind":1,"ty":"sh","ix":2,"ks":{"a":1,"k":[{"i":{"x":0.833,"y":0.833},"o":{"x":0.6,"y":0},"t":60,"s":[{"i":[[2.484,9.285],[4.869,8.413],[6.928,6.923],[8.535,4.936],[9.612,2.568],[10.073,0],[9.289,-2.483],[8.416,-4.866],[6.927,-6.924],[4.94,-8.528],[2.569,-9.607],[0,-10.066],[-2.484,-9.285],[-4.869,-8.412],[-6.928,-6.923],[-8.535,-4.934],[-9.612,-2.567],[-10.073,0],[-9.289,2.48],[-8.416,4.867],[-6.926,6.923],[-4.94,8.529],[-2.569,9.606],[0,10.068]],"o":[[-2.569,-9.608],[-4.939,-8.53],[-6.925,-6.921],[-8.414,-4.866],[-9.289,-2.483],[-10.073,0],[-9.612,2.568],[-8.537,4.937],[-6.928,6.921],[-4.867,8.412],[-2.484,9.285],[0,10.068],[2.569,9.608],[4.939,8.53],[6.925,6.923],[8.414,4.866],[9.289,2.482],[10.073,0],[9.612,-2.569],[8.537,-4.936],[6.928,-6.922],[4.867,-8.409],[2.484,-9.285],[0,-10.066]],"v":[[115.207,-30.852],[91.595,-52.85],[84.313,-84.275],[52.875,-91.547],[30.869,-115.145],[0,-105.687],[-30.869,-115.145],[-52.878,-91.546],[-84.32,-84.268],[-91.597,-52.848],[-115.207,-30.852],[-105.743,0],[-115.207,30.854],[-91.595,52.852],[-84.313,84.277],[-52.875,91.549],[-30.869,115.146],[0,105.69],[30.869,115.148],[52.878,91.547],[84.319,84.271],[91.597,52.849],[115.207,30.854],[105.743,0]],"c":true}]},{"i":{"x":0.833,"y":0.833},"o":{"x":0.167,"y":0.167},"t":73,"s":[{"i":[[0.555,9.285],[1.09,8.413],[1.55,6.923],[1.909,4.936],[2.149,2.568],[2.253,0],[2.079,-2.483],[1.882,-4.866],[1.551,-6.924],[1.104,-8.528],[0.575,-9.607],[0,-10.066],[-0.555,-9.285],[-1.09,-8.412],[-1.549,-6.923],[-1.909,-4.934],[-2.149,-2.567],[-2.253,0],[-2.076,2.48],[-1.883,4.867],[-1.55,6.923],[-1.104,8.529],[-0.575,9.606],[0,10.068]],"o":[[-0.575,-9.608],[-1.105,-8.53],[-1.549,-6.921],[-1.882,-4.866],[-2.078,-2.483],[-2.253,0],[-2.15,2.568],[-1.91,4.937],[-1.55,6.921],[-1.089,8.412],[-0.556,9.285],[0,10.068],[0.575,9.608],[1.105,8.53],[1.549,6.923],[1.882,4.866],[2.078,2.482],[2.253,0],[2.15,-2.569],[1.91,-4.936],[1.55,-6.922],[1.089,-8.409],[0.556,-9.285],[0,-10.066]],"v":[[-34.832,-30.852],[-40.114,-52.85],[-41.743,-84.275],[-48.776,-91.547],[-53.699,-115.145],[-60.604,-105.687],[-67.51,-115.145],[-72.433,-91.546],[-79.467,-84.268],[-81.095,-52.848],[-86.377,-30.852],[-84.26,0],[-86.377,30.854],[-81.095,52.852],[-79.466,84.277],[-72.433,91.549],[-67.51,115.146],[-60.604,105.69],[-53.699,115.148],[-48.775,91.547],[-41.742,84.271],[-40.114,52.849],[-34.832,30.854],[-36.949,0]],"c":true}]},{"t":75,"s":[{"i":[[0,9.285],[0,8.413],[0,6.923],[0,4.936],[0,2.568],[0,0],[0,-2.483],[0,-4.866],[0,-6.924],[0,-8.528],[0,-9.607],[0,-10.066],[0,-9.285],[0,-8.412],[0,-6.923],[0,-4.934],[0,-2.567],[0,0],[0,2.48],[0,4.867],[0,6.923],[0,8.529],[0,9.606],[0,10.068]],"o":[[0,-9.608],[0,-8.53],[0,-6.921],[0,-4.866],[0,-2.483],[0,0],[0,2.568],[0,4.937],[0,6.921],[0,8.412],[0,9.285],[0,10.068],[0,9.608],[0,8.53],[0,6.923],[0,4.866],[0,2.482],[0,0],[0,-2.569],[0,-4.936],[0,-6.922],[0,-8.409],[0,-9.285],[0,-10.066]],"v":[[-76.501,-30.852],[-76.501,-52.85],[-76.501,-84.275],[-76.501,-91.547],[-76.501,-115.145],[-76.501,-105.687],[-76.501,-115.145],[-76.501,-91.546],[-76.501,-84.268],[-76.501,-52.848],[-76.501,-30.852],[-76.501,0],[-76.501,30.854],[-76.501,52.852],[-76.501,84.277],[-76.501,91.549],[-76.501,115.146],[-76.501,105.69],[-76.501,115.148],[-76.501,91.547],[-76.501,84.271],[-76.501,52.849],[-76.501,30.854],[-76.501,0]],"c":true}]}],"ix":2},"nm":"Path 2","mn":"ADBE Vector Shape - Group","hd":false},{"ty":"mm","mm":1,"nm":"Merge Paths 1","mn":"ADBE Vector Filter - Merge","hd":false},{"ty":"fl","c":{"a":0,"k":[0.984000052658,0.855000035903,0.851000019148,1],"ix":4},"o":{"a":0,"k":100,"ix":5},"r":1,"bm":0,"nm":"Fill 1","mn":"ADBE Vector Graphic - Fill","hd":false},{"ty":"tr","p":{"a":0,"k":[117.941,117.878],"ix":2},"a":{"a":0,"k":[0,0],"ix":1},"s":{"a":0,"k":[100,100],"ix":3},"r":{"a":0,"k":0,"ix":6},"o":{"a":0,"k":100,"ix":7},"sk":{"a":0,"k":0,"ix":4},"sa":{"a":0,"k":0,"ix":5},"nm":"Transform"}],"nm":"Group 1","np":4,"cix":2,"bm":0,"ix":1,"mn":"ADBE Vector Group","hd":false}],"ip":0,"op":75,"st":0,"bm":0},{"ddd":0,"ind":18,"ty":4,"nm":"donut_crema","sr":1,"ks":{"o":{"a":0,"k":100,"ix":11},"r":{"a":0,"k":0,"ix":10},"p":{"a":0,"k":[250.5,252.999,0],"ix":2,"l":2},"a":{"a":0,"k":[117.941,117.878,0],"ix":1,"l":2},"s":{"a":0,"k":[100.653,100.653,100],"ix":6,"l":2}},"ao":0,"shapes":[{"ty":"gr","it":[{"ind":0,"ty":"sh","ix":1,"ks":{"a":1,"k":[{"i":{"x":0.833,"y":0.833},"o":{"x":0.167,"y":0.167},"t":105,"s":[{"i":[[0,0],[0,27.484],[0,0],[0,-27.485]],"o":[[0,0],[0,-27.485],[0,0],[0,27.484]],"v":[[68.304,49.765],[68.304,0.002],[68.304,-49.762],[68.304,0.002]],"c":true}]},{"i":{"x":0.833,"y":1},"o":{"x":0.167,"y":0.167},"t":113,"s":[{"i":[[21.948,0],[0,27.484],[-21.949,0],[0,-27.485]],"o":[[-21.949,0],[0,-27.485],[21.948,0],[0,27.484]],"v":[[14.406,49.765],[-25.335,0.002],[14.406,-49.762],[54.146,0.002]],"c":true}]},{"t":120,"s":[{"i":[[27.498,0],[0,27.484],[-27.499,0],[0,-27.485]],"o":[[-27.499,0],[0,-27.485],[27.498,0],[0,27.484]],"v":[[0,49.765],[-49.79,0.002],[0,-49.762],[49.79,0.002]],"c":true}]}],"ix":2},"nm":"Path 1","mn":"ADBE Vector Shape - Group","hd":false},{"ind":1,"ty":"sh","ix":2,"ks":{"a":1,"k":[{"i":{"x":0.833,"y":1},"o":{"x":0.167,"y":0.167},"t":105,"s":[{"i":[[0,9.285],[0,8.413],[0,6.923],[0,4.936],[0,2.568],[0,0],[0,-2.483],[0,-4.866],[0,-6.924],[0,-8.528],[0,-9.607],[0,-10.066],[0,-9.285],[0,-8.412],[0,-6.923],[0,-4.934],[0,-2.567],[0,0],[0,2.48],[0,4.867],[0,6.923],[0,8.529],[0,9.606],[0,10.068]],"o":[[0,-9.608],[0,-8.53],[0,-6.921],[0,-4.866],[0,-2.483],[0,0],[0,2.568],[0,4.937],[0,6.921],[0,8.412],[0,9.285],[0,10.068],[0,9.608],[0,8.53],[0,6.923],[0,4.866],[0,2.482],[0,0],[0,-2.569],[0,-4.936],[0,-6.922],[0,-8.409],[0,-9.285],[0,-10.066]],"v":[[68.552,-30.852],[68.552,-52.85],[68.552,-84.275],[68.552,-91.547],[68.552,-115.145],[68.552,-105.687],[68.552,-115.145],[68.552,-91.546],[68.552,-84.268],[68.552,-52.848],[68.552,-30.852],[68.552,0],[68.552,30.854],[68.552,52.852],[68.552,84.277],[68.552,91.549],[68.552,115.146],[68.552,105.69],[68.552,115.148],[68.552,91.547],[68.552,84.271],[68.552,52.849],[68.552,30.854],[68.552,0]],"c":true}]},{"t":120,"s":[{"i":[[2.484,9.285],[4.869,8.413],[6.928,6.923],[8.535,4.936],[9.612,2.568],[10.073,0],[9.289,-2.483],[8.416,-4.866],[6.927,-6.924],[4.94,-8.528],[2.569,-9.607],[0,-10.066],[-2.484,-9.285],[-4.869,-8.412],[-6.928,-6.923],[-8.535,-4.934],[-9.612,-2.567],[-10.073,0],[-9.289,2.48],[-8.416,4.867],[-6.926,6.923],[-4.94,8.529],[-2.569,9.606],[0,10.068]],"o":[[-2.569,-9.608],[-4.939,-8.53],[-6.925,-6.921],[-8.414,-4.866],[-9.289,-2.483],[-10.073,0],[-9.612,2.568],[-8.537,4.937],[-6.928,6.921],[-4.867,8.412],[-2.484,9.285],[0,10.068],[2.569,9.608],[4.939,8.53],[6.925,6.923],[8.414,4.866],[9.289,2.482],[10.073,0],[9.612,-2.569],[8.537,-4.936],[6.928,-6.922],[4.867,-8.409],[2.484,-9.285],[0,-10.066]],"v":[[115.207,-30.852],[91.595,-52.85],[84.313,-84.275],[52.875,-91.547],[30.869,-115.145],[0,-105.687],[-30.869,-115.145],[-52.878,-91.546],[-84.32,-84.268],[-91.597,-52.848],[-115.207,-30.852],[-105.743,0],[-115.207,30.854],[-91.595,52.852],[-84.313,84.277],[-52.875,91.549],[-30.869,115.146],[0,105.69],[30.869,115.148],[52.878,91.547],[84.319,84.271],[91.597,52.849],[115.207,30.854],[105.743,0]],"c":true}]}],"ix":2},"nm":"Path 2","mn":"ADBE Vector Shape - Group","hd":false},{"ty":"mm","mm":1,"nm":"Merge Paths 1","mn":"ADBE Vector Filter - Merge","hd":false},{"ty":"fl","c":{"a":0,"k":[0.984000052658,0.855000035903,0.851000019148,1],"ix":4},"o":{"a":0,"k":100,"ix":5},"r":1,"bm":0,"nm":"Fill 1","mn":"ADBE Vector Graphic - Fill","hd":false},{"ty":"tr","p":{"a":0,"k":[117.941,117.878],"ix":2},"a":{"a":0,"k":[0,0],"ix":1},"s":{"a":0,"k":[100,100],"ix":3},"r":{"a":0,"k":0,"ix":6},"o":{"a":0,"k":100,"ix":7},"sk":{"a":0,"k":0,"ix":4},"sa":{"a":0,"k":0,"ix":5},"nm":"Transform"}],"nm":"Group 1","np":4,"cix":2,"bm":0,"ix":1,"mn":"ADBE Vector Group","hd":false}],"ip":104,"op":247,"st":30,"bm":0},{"ddd":0,"ind":19,"ty":4,"nm":"donut_base 4","td":1,"sr":1,"ks":{"o":{"a":0,"k":100,"ix":11},"r":{"a":0,"k":0,"ix":10},"p":{"a":0,"k":[238,236,0],"ix":2,"l":2},"a":{"a":0,"k":[150.25,150.171,0],"ix":1,"l":2},"s":{"a":0,"k":[100.653,100.653,100],"ix":6,"l":2}},"ao":0,"shapes":[{"ty":"gr","it":[{"ind":0,"ty":"sh","ix":1,"ks":{"a":1,"k":[{"i":{"x":0.833,"y":0.833},"o":{"x":0.6,"y":0},"t":60,"s":[{"i":[[-81.798,0],[0,0],[0,-81.799],[0,0],[81.798,0],[0,0],[0,81.798],[0,0]],"o":[[0,0],[81.798,0],[0,0],[0,81.798],[0,0],[-81.798,0],[0,0],[0,-81.799]],"v":[[-3.594,-153.787],[0.316,-153.787],[148.425,-5.677],[148.425,-2.098],[0.316,146.011],[-3.594,146.011],[-151.703,-2.098],[-151.703,-5.677]],"c":true}]},{"i":{"x":0.4,"y":1},"o":{"x":0.167,"y":0.167},"t":75,"s":[{"i":[[-38.819,0],[0,0],[0,-38.789],[0,0],[38.819,0],[0,0],[0,38.789],[0,0]],"o":[[0,0],[38.819,0],[0,0],[0,38.789],[0,0],[-38.819,0],[0,0],[0,-38.789]],"v":[[-6.752,-152.037],[-1.655,-152.037],[68.633,-81.804],[68.633,77.527],[-1.655,147.761],[-6.752,147.761],[-77.04,77.527],[-77.04,-81.804]],"c":true}]},{"i":{"x":0.833,"y":0.833},"o":{"x":0.6,"y":0},"t":90,"s":[{"i":[[-81.798,0],[0,0],[0,-81.799],[0,0],[81.798,0],[0,0],[0,81.798],[0,0]],"o":[[0,0],[81.798,0],[0,0],[0,81.798],[0,0],[-81.798,0],[0,0],[0,-81.799]],"v":[[-3.594,-153.787],[0.316,-153.787],[148.425,-5.677],[148.425,-2.098],[0.316,146.011],[-3.594,146.011],[-151.703,-2.098],[-151.703,-5.677]],"c":true}]},{"i":{"x":0.4,"y":1},"o":{"x":0.167,"y":0.167},"t":105,"s":[{"i":[[-38.819,0],[0,0],[0,-38.789],[0,0],[38.819,0],[0,0],[0,38.789],[0,0]],"o":[[0,0],[38.819,0],[0,0],[0,38.789],[0,0],[-38.819,0],[0,0],[0,-38.789]],"v":[[-6.752,-152.037],[-1.655,-152.037],[68.633,-81.804],[68.633,77.527],[-1.655,147.761],[-6.752,147.761],[-77.04,77.527],[-77.04,-81.804]],"c":true}]},{"t":120,"s":[{"i":[[-81.798,0],[0,0],[0,-81.799],[0,0],[81.798,0],[0,0],[0,81.798],[0,0]],"o":[[0,0],[81.798,0],[0,0],[0,81.798],[0,0],[-81.798,0],[0,0],[0,-81.799]],"v":[[-3.594,-153.787],[0.316,-153.787],[148.425,-5.677],[148.425,-2.098],[0.316,146.011],[-3.594,146.011],[-151.703,-2.098],[-151.703,-5.677]],"c":true}]}],"ix":2},"nm":"Path 2","mn":"ADBE Vector Shape - Group","hd":false},{"ind":1,"ty":"sh","ix":2,"ks":{"a":0,"k":{"i":[[0.045,0],[0,27.484],[-0.045,0],[0,-27.485]],"o":[[-0.045,0],[0,-27.485],[0.045,0],[0,27.484]],"v":[[-77.549,49.764],[-77.629,0.001],[-77.549,-49.763],[-77.468,0.001]],"c":true},"ix":2},"nm":"Path 1","mn":"ADBE Vector Shape - Group","hd":false},{"ind":2,"ty":"sh","ix":3,"ks":{"a":0,"k":{"i":[[0.045,0],[0,27.484],[-0.045,0],[0,-27.485]],"o":[[-0.045,0],[0,-27.485],[0.045,0],[0,27.484]],"v":[[68.498,49.764],[68.417,0.001],[68.498,-49.763],[68.579,0.001]],"c":true},"ix":2},"nm":"Path 3","mn":"ADBE Vector Shape - Group","hd":false},{"ind":3,"ty":"sh","ix":4,"ks":{"a":0,"k":{"i":[[0.045,0],[0,27.484],[-0.045,0],[0,-27.485]],"o":[[-0.045,0],[0,-27.485],[0.045,0],[0,27.484]],"v":[[68.498,49.764],[68.417,0.001],[68.498,-49.763],[68.579,0.001]],"c":true},"ix":2},"nm":"Path 4","mn":"ADBE Vector Shape - Group","hd":false},{"ty":"fl","c":{"a":0,"k":[0.964999988032,0.6,0.404000016755,1],"ix":4},"o":{"a":0,"k":100,"ix":5},"r":2,"bm":0,"nm":"Fill 1","mn":"ADBE Vector Graphic - Fill","hd":false},{"ty":"tr","p":{"a":0,"k":[151.163,153.412],"ix":2},"a":{"a":0,"k":[0,0],"ix":1},"s":{"a":0,"k":[100,100],"ix":3},"r":{"a":0,"k":0,"ix":6},"o":{"a":0,"k":100,"ix":7},"sk":{"a":0,"k":0,"ix":4},"sa":{"a":0,"k":0,"ix":5},"nm":"Transform"}],"nm":"Group 1","np":5,"cix":2,"bm":0,"ix":1,"mn":"ADBE Vector Group","hd":false}],"ip":0,"op":301,"st":0,"bm":0},{"ddd":0,"ind":20,"ty":4,"nm":"donut_base 5","tt":1,"sr":1,"ks":{"o":{"a":0,"k":100,"ix":11},"r":{"a":0,"k":0,"ix":10},"p":{"a":0,"k":[250,250,0],"ix":2,"l":2},"a":{"a":0,"k":[150.25,150.171,0],"ix":1,"l":2},"s":{"a":0,"k":[100.653,100.653,100],"ix":6,"l":2}},"ao":0,"shapes":[{"ty":"gr","it":[{"ind":0,"ty":"sh","ix":1,"ks":{"a":1,"k":[{"i":{"x":0.833,"y":0.833},"o":{"x":0.6,"y":0},"t":60,"s":[{"i":[[-81.798,0],[0,0],[0,-81.799],[0,0],[81.798,0],[0,0],[0,81.798],[0,0]],"o":[[0,0],[81.798,0],[0,0],[0,81.798],[0,0],[-81.798,0],[0,0],[0,-81.799]],"v":[[-3.594,-153.787],[0.316,-153.787],[148.425,-5.677],[148.425,-2.098],[0.316,146.011],[-3.594,146.011],[-151.703,-2.098],[-151.703,-5.677]],"c":true}]},{"i":{"x":0.4,"y":1},"o":{"x":0.167,"y":0.167},"t":75,"s":[{"i":[[-38.819,0],[0,0],[0,-38.789],[0,0],[38.819,0],[0,0],[0,38.789],[0,0]],"o":[[0,0],[38.819,0],[0,0],[0,38.789],[0,0],[-38.819,0],[0,0],[0,-38.789]],"v":[[-6.752,-152.037],[-1.655,-152.037],[68.633,-81.804],[68.633,77.527],[-1.655,147.761],[-6.752,147.761],[-77.04,77.527],[-77.04,-81.804]],"c":true}]},{"i":{"x":0.833,"y":0.833},"o":{"x":0.6,"y":0},"t":90,"s":[{"i":[[-81.798,0],[0,0],[0,-81.799],[0,0],[81.798,0],[0,0],[0,81.798],[0,0]],"o":[[0,0],[81.798,0],[0,0],[0,81.798],[0,0],[-81.798,0],[0,0],[0,-81.799]],"v":[[-3.594,-153.787],[0.316,-153.787],[148.425,-5.677],[148.425,-2.098],[0.316,146.011],[-3.594,146.011],[-151.703,-2.098],[-151.703,-5.677]],"c":true}]},{"i":{"x":0.4,"y":1},"o":{"x":0.167,"y":0.167},"t":105,"s":[{"i":[[-38.819,0],[0,0],[0,-38.789],[0,0],[38.819,0],[0,0],[0,38.789],[0,0]],"o":[[0,0],[38.819,0],[0,0],[0,38.789],[0,0],[-38.819,0],[0,0],[0,-38.789]],"v":[[-6.752,-152.037],[-1.655,-152.037],[68.633,-81.804],[68.633,77.527],[-1.655,147.761],[-6.752,147.761],[-77.04,77.527],[-77.04,-81.804]],"c":true}]},{"t":120,"s":[{"i":[[-81.798,0],[0,0],[0,-81.799],[0,0],[81.798,0],[0,0],[0,81.798],[0,0]],"o":[[0,0],[81.798,0],[0,0],[0,81.798],[0,0],[-81.798,0],[0,0],[0,-81.799]],"v":[[-3.594,-153.787],[0.316,-153.787],[148.425,-5.677],[148.425,-2.098],[0.316,146.011],[-3.594,146.011],[-151.703,-2.098],[-151.703,-5.677]],"c":true}]}],"ix":2},"nm":"Path 2","mn":"ADBE Vector Shape - Group","hd":false},{"ind":1,"ty":"sh","ix":2,"ks":{"a":1,"k":[{"i":{"x":0.833,"y":0.833},"o":{"x":0.6,"y":0},"t":60,"s":[{"i":[[27.498,0],[0,27.484],[-27.499,0],[0,-27.485]],"o":[[-27.499,0],[0,-27.485],[27.498,0],[0,27.484]],"v":[[0,49.764],[-49.79,0.001],[0,-49.763],[49.79,0.001]],"c":true}]},{"t":75,"s":[{"i":[[0.045,0],[0,27.484],[-0.045,0],[0,-27.485]],"o":[[-0.045,0],[0,-27.485],[0.045,0],[0,27.484]],"v":[[-77.549,49.764],[-77.629,0.001],[-77.549,-49.763],[-77.468,0.001]],"c":true}]}],"ix":2},"nm":"Path 1","mn":"ADBE Vector Shape - Group","hd":false},{"ind":2,"ty":"sh","ix":3,"ks":{"a":1,"k":[{"i":{"x":0.4,"y":1},"o":{"x":0.167,"y":0.167},"t":75,"s":[{"i":[[0.045,0],[0,27.484],[-0.045,0],[0,-27.485]],"o":[[-0.045,0],[0,-27.485],[0.045,0],[0,27.484]],"v":[[68.498,49.764],[68.417,0.001],[68.498,-49.763],[68.579,0.001]],"c":true}]},{"i":{"x":0.833,"y":0.833},"o":{"x":0.6,"y":0},"t":90,"s":[{"i":[[27.498,0],[0,27.484],[-27.499,0],[0,-27.485]],"o":[[-27.499,0],[0,-27.485],[27.498,0],[0,27.484]],"v":[[0,49.764],[-49.79,0.001],[0,-49.763],[49.79,0.001]],"c":true}]},{"t":105,"s":[{"i":[[0.045,0],[0,27.484],[-0.045,0],[0,-27.485]],"o":[[-0.045,0],[0,-27.485],[0.045,0],[0,27.484]],"v":[[-77.549,49.764],[-77.629,0.001],[-77.549,-49.763],[-77.468,0.001]],"c":true}]}],"ix":2},"nm":"Path 3","mn":"ADBE Vector Shape - Group","hd":false},{"ind":3,"ty":"sh","ix":4,"ks":{"a":1,"k":[{"i":{"x":0.4,"y":1},"o":{"x":0.167,"y":0.167},"t":105,"s":[{"i":[[0.045,0],[0,27.484],[-0.045,0],[0,-27.485]],"o":[[-0.045,0],[0,-27.485],[0.045,0],[0,27.484]],"v":[[68.498,49.764],[68.417,0.001],[68.498,-49.763],[68.579,0.001]],"c":true}]},{"t":120,"s":[{"i":[[27.498,0],[0,27.484],[-27.499,0],[0,-27.485]],"o":[[-27.499,0],[0,-27.485],[27.498,0],[0,27.484]],"v":[[0,49.764],[-49.79,0.001],[0,-49.763],[49.79,0.001]],"c":true}]}],"ix":2},"nm":"Path 4","mn":"ADBE Vector Shape - Group","hd":false},{"ty":"fl","c":{"a":0,"k":[0.964705944061,0.600000023842,0.403921604156,1],"ix":4},"o":{"a":0,"k":100,"ix":5},"r":2,"bm":0,"nm":"Fill 1","mn":"ADBE Vector Graphic - Fill","hd":false},{"ty":"tr","p":{"a":0,"k":[151.163,153.412],"ix":2},"a":{"a":0,"k":[0,0],"ix":1},"s":{"a":0,"k":[100,100],"ix":3},"r":{"a":0,"k":0,"ix":6},"o":{"a":0,"k":100,"ix":7},"sk":{"a":0,"k":0,"ix":4},"sa":{"a":0,"k":0,"ix":5},"nm":"Transform"}],"nm":"Group 1","np":5,"cix":2,"bm":0,"ix":1,"mn":"ADBE Vector Group","hd":false}],"ip":0,"op":301,"st":0,"bm":0},{"ddd":0,"ind":21,"ty":4,"nm":"donut_base 2","sr":1,"ks":{"o":{"a":0,"k":100,"ix":11},"r":{"a":0,"k":0,"ix":10},"p":{"a":0,"k":[250,250,0],"ix":2,"l":2},"a":{"a":0,"k":[150.25,150.171,0],"ix":1,"l":2},"s":{"a":0,"k":[100.653,100.653,100],"ix":6,"l":2}},"ao":0,"shapes":[{"ty":"gr","it":[{"ind":0,"ty":"sh","ix":1,"ks":{"a":1,"k":[{"i":{"x":0.833,"y":0.833},"o":{"x":0.6,"y":0},"t":60,"s":[{"i":[[-81.798,0],[0,0],[0,-81.799],[0,0],[81.798,0],[0,0],[0,81.798],[0,0]],"o":[[0,0],[81.798,0],[0,0],[0,81.798],[0,0],[-81.798,0],[0,0],[0,-81.799]],"v":[[-3.594,-153.787],[0.316,-153.787],[148.425,-5.677],[148.425,-2.098],[0.316,146.011],[-3.594,146.011],[-151.703,-2.098],[-151.703,-5.677]],"c":true}]},{"i":{"x":0.4,"y":1},"o":{"x":0.167,"y":0.167},"t":75,"s":[{"i":[[-38.819,0],[0,0],[0,-38.789],[0,0],[38.819,0],[0,0],[0,38.789],[0,0]],"o":[[0,0],[38.819,0],[0,0],[0,38.789],[0,0],[-38.819,0],[0,0],[0,-38.789]],"v":[[-6.752,-152.037],[-1.655,-152.037],[68.633,-81.804],[68.633,77.527],[-1.655,147.761],[-6.752,147.761],[-77.04,77.527],[-77.04,-81.804]],"c":true}]},{"i":{"x":0.833,"y":0.833},"o":{"x":0.6,"y":0},"t":90,"s":[{"i":[[-81.798,0],[0,0],[0,-81.799],[0,0],[81.798,0],[0,0],[0,81.798],[0,0]],"o":[[0,0],[81.798,0],[0,0],[0,81.798],[0,0],[-81.798,0],[0,0],[0,-81.799]],"v":[[-3.594,-153.787],[0.316,-153.787],[148.425,-5.677],[148.425,-2.098],[0.316,146.011],[-3.594,146.011],[-151.703,-2.098],[-151.703,-5.677]],"c":true}]},{"i":{"x":0.4,"y":1},"o":{"x":0.167,"y":0.167},"t":105,"s":[{"i":[[-38.819,0],[0,0],[0,-38.789],[0,0],[38.819,0],[0,0],[0,38.789],[0,0]],"o":[[0,0],[38.819,0],[0,0],[0,38.789],[0,0],[-38.819,0],[0,0],[0,-38.789]],"v":[[-6.752,-152.037],[-1.655,-152.037],[68.633,-81.804],[68.633,77.527],[-1.655,147.761],[-6.752,147.761],[-77.04,77.527],[-77.04,-81.804]],"c":true}]},{"t":120,"s":[{"i":[[-81.798,0],[0,0],[0,-81.799],[0,0],[81.798,0],[0,0],[0,81.798],[0,0]],"o":[[0,0],[81.798,0],[0,0],[0,81.798],[0,0],[-81.798,0],[0,0],[0,-81.799]],"v":[[-3.594,-153.787],[0.316,-153.787],[148.425,-5.677],[148.425,-2.098],[0.316,146.011],[-3.594,146.011],[-151.703,-2.098],[-151.703,-5.677]],"c":true}]}],"ix":2},"nm":"Path 2","mn":"ADBE Vector Shape - Group","hd":false},{"ind":1,"ty":"sh","ix":2,"ks":{"a":1,"k":[{"i":{"x":0.833,"y":0.833},"o":{"x":0.6,"y":0},"t":60,"s":[{"i":[[27.498,0],[0,27.484],[-27.499,0],[0,-27.485]],"o":[[-27.499,0],[0,-27.485],[27.498,0],[0,27.484]],"v":[[0,49.764],[-49.79,0.001],[0,-49.763],[49.79,0.001]],"c":true}]},{"t":75,"s":[{"i":[[0.045,0],[0,27.484],[-0.045,0],[0,-27.485]],"o":[[-0.045,0],[0,-27.485],[0.045,0],[0,27.484]],"v":[[-77.549,49.764],[-77.629,0.001],[-77.549,-49.763],[-77.468,0.001]],"c":true}]}],"ix":2},"nm":"Path 1","mn":"ADBE Vector Shape - Group","hd":false},{"ind":2,"ty":"sh","ix":3,"ks":{"a":1,"k":[{"i":{"x":0.4,"y":1},"o":{"x":0.167,"y":0.167},"t":75,"s":[{"i":[[0.045,0],[0,27.484],[-0.045,0],[0,-27.485]],"o":[[-0.045,0],[0,-27.485],[0.045,0],[0,27.484]],"v":[[68.498,49.764],[68.417,0.001],[68.498,-49.763],[68.579,0.001]],"c":true}]},{"i":{"x":0.833,"y":0.833},"o":{"x":0.6,"y":0},"t":90,"s":[{"i":[[27.498,0],[0,27.484],[-27.499,0],[0,-27.485]],"o":[[-27.499,0],[0,-27.485],[27.498,0],[0,27.484]],"v":[[0,49.764],[-49.79,0.001],[0,-49.763],[49.79,0.001]],"c":true}]},{"t":105,"s":[{"i":[[0.045,0],[0,27.484],[-0.045,0],[0,-27.485]],"o":[[-0.045,0],[0,-27.485],[0.045,0],[0,27.484]],"v":[[-77.549,49.764],[-77.629,0.001],[-77.549,-49.763],[-77.468,0.001]],"c":true}]}],"ix":2},"nm":"Path 3","mn":"ADBE Vector Shape - Group","hd":false},{"ind":3,"ty":"sh","ix":4,"ks":{"a":1,"k":[{"i":{"x":0.4,"y":1},"o":{"x":0.167,"y":0.167},"t":105,"s":[{"i":[[0.045,0],[0,27.484],[-0.045,0],[0,-27.485]],"o":[[-0.045,0],[0,-27.485],[0.045,0],[0,27.484]],"v":[[68.498,49.764],[68.417,0.001],[68.498,-49.763],[68.579,0.001]],"c":true}]},{"t":120,"s":[{"i":[[27.498,0],[0,27.484],[-27.499,0],[0,-27.485]],"o":[[-27.499,0],[0,-27.485],[27.498,0],[0,27.484]],"v":[[0,49.764],[-49.79,0.001],[0,-49.763],[49.79,0.001]],"c":true}]}],"ix":2},"nm":"Path 4","mn":"ADBE Vector Shape - Group","hd":false},{"ty":"fl","c":{"a":0,"k":[0.956862807274,0.501960813999,0.262745112181,1],"ix":4},"o":{"a":0,"k":100,"ix":5},"r":2,"bm":0,"nm":"Fill 1","mn":"ADBE Vector Graphic - Fill","hd":false},{"ty":"tr","p":{"a":0,"k":[151.163,153.412],"ix":2},"a":{"a":0,"k":[0,0],"ix":1},"s":{"a":0,"k":[100,100],"ix":3},"r":{"a":0,"k":0,"ix":6},"o":{"a":0,"k":100,"ix":7},"sk":{"a":0,"k":0,"ix":4},"sa":{"a":0,"k":0,"ix":5},"nm":"Transform"}],"nm":"Group 1","np":5,"cix":2,"bm":0,"ix":1,"mn":"ADBE Vector Group","hd":false}],"ip":0,"op":301,"st":0,"bm":0},{"ddd":0,"ind":22,"ty":4,"nm":"donut_base","sr":1,"ks":{"o":{"a":0,"k":100,"ix":11},"r":{"a":0,"k":0,"ix":10},"p":{"a":0,"k":[250,250,0],"ix":2,"l":2},"a":{"a":0,"k":[150.25,150.171,0],"ix":1,"l":2},"s":{"a":0,"k":[100.653,100.653,100],"ix":6,"l":2}},"ao":0,"shapes":[{"ty":"gr","it":[{"ind":0,"ty":"sh","ix":1,"ks":{"a":1,"k":[{"i":{"x":0.833,"y":0.833},"o":{"x":0.6,"y":0},"t":60,"s":[{"i":[[-81.798,0],[0,0],[0,-81.799],[0,0],[81.798,0],[0,0],[0,81.798],[0,0]],"o":[[0,0],[81.798,0],[0,0],[0,81.798],[0,0],[-81.798,0],[0,0],[0,-81.799]],"v":[[-3.594,-153.787],[0.316,-153.787],[148.425,-5.677],[148.425,-2.098],[0.316,146.011],[-3.594,146.011],[-151.703,-2.098],[-151.703,-5.677]],"c":true}]},{"i":{"x":0.4,"y":1},"o":{"x":0.167,"y":0.167},"t":75,"s":[{"i":[[-38.819,0],[0,0],[0,-38.789],[0,0],[38.819,0],[0,0],[0,38.789],[0,0]],"o":[[0,0],[38.819,0],[0,0],[0,38.789],[0,0],[-38.819,0],[0,0],[0,-38.789]],"v":[[-6.752,-152.037],[-1.655,-152.037],[68.633,-81.804],[68.633,77.527],[-1.655,147.761],[-6.752,147.761],[-77.04,77.527],[-77.04,-81.804]],"c":true}]},{"i":{"x":0.833,"y":0.833},"o":{"x":0.6,"y":0},"t":90,"s":[{"i":[[-81.798,0],[0,0],[0,-81.799],[0,0],[81.798,0],[0,0],[0,81.798],[0,0]],"o":[[0,0],[81.798,0],[0,0],[0,81.798],[0,0],[-81.798,0],[0,0],[0,-81.799]],"v":[[-3.594,-153.787],[0.316,-153.787],[148.425,-5.677],[148.425,-2.098],[0.316,146.011],[-3.594,146.011],[-151.703,-2.098],[-151.703,-5.677]],"c":true}]},{"i":{"x":0.4,"y":1},"o":{"x":0.167,"y":0.167},"t":105,"s":[{"i":[[-38.819,0],[0,0],[0,-38.789],[0,0],[38.819,0],[0,0],[0,38.789],[0,0]],"o":[[0,0],[38.819,0],[0,0],[0,38.789],[0,0],[-38.819,0],[0,0],[0,-38.789]],"v":[[-6.752,-152.037],[-1.655,-152.037],[68.633,-81.804],[68.633,77.527],[-1.655,147.761],[-6.752,147.761],[-77.04,77.527],[-77.04,-81.804]],"c":true}]},{"t":120,"s":[{"i":[[-81.798,0],[0,0],[0,-81.799],[0,0],[81.798,0],[0,0],[0,81.798],[0,0]],"o":[[0,0],[81.798,0],[0,0],[0,81.798],[0,0],[-81.798,0],[0,0],[0,-81.799]],"v":[[-3.594,-153.787],[0.316,-153.787],[148.425,-5.677],[148.425,-2.098],[0.316,146.011],[-3.594,146.011],[-151.703,-2.098],[-151.703,-5.677]],"c":true}]}],"ix":2},"nm":"Path 2","mn":"ADBE Vector Shape - Group","hd":false},{"ind":1,"ty":"sh","ix":2,"ks":{"a":1,"k":[{"i":{"x":0.4,"y":1},"o":{"x":0.167,"y":0.167},"t":75,"s":[{"i":[[0.045,0],[0,27.484],[-0.045,0],[0,-27.485]],"o":[[-0.045,0],[0,-27.485],[0.045,0],[0,27.484]],"v":[[-77.549,49.764],[-77.629,0.001],[-77.549,-49.763],[-77.468,0.001]],"c":true}]},{"i":{"x":0.833,"y":0.833},"o":{"x":0.6,"y":0},"t":90,"s":[{"i":[[27.498,0],[0,27.484],[-27.499,0],[0,-27.485]],"o":[[-27.499,0],[0,-27.485],[27.498,0],[0,27.484]],"v":[[0,49.764],[-49.79,0.001],[0,-49.763],[49.79,0.001]],"c":true}]},{"t":105,"s":[{"i":[[0.045,0],[0,27.484],[-0.045,0],[0,-27.485]],"o":[[-0.045,0],[0,-27.485],[0.045,0],[0,27.484]],"v":[[68.498,49.764],[68.417,0.001],[68.498,-49.763],[68.579,0.001]],"c":true}]}],"ix":2},"nm":"Path 1","mn":"ADBE Vector Shape - Group","hd":false},{"ind":2,"ty":"sh","ix":3,"ks":{"a":1,"k":[{"i":{"x":0.833,"y":0.833},"o":{"x":0.6,"y":0},"t":60,"s":[{"i":[[27.498,0],[0,27.484],[-27.499,0],[0,-27.485]],"o":[[-27.499,0],[0,-27.485],[27.498,0],[0,27.484]],"v":[[0,49.764],[-49.79,0.001],[0,-49.763],[49.79,0.001]],"c":true}]},{"t":75,"s":[{"i":[[0.045,0],[0,27.484],[-0.045,0],[0,-27.485]],"o":[[-0.045,0],[0,-27.485],[0.045,0],[0,27.484]],"v":[[68.498,49.764],[68.417,0.001],[68.498,-49.763],[68.579,0.001]],"c":true}]}],"ix":2},"nm":"Path 3","mn":"ADBE Vector Shape - Group","hd":false},{"ind":3,"ty":"sh","ix":4,"ks":{"a":1,"k":[{"i":{"x":0.4,"y":1},"o":{"x":0.167,"y":0.167},"t":105,"s":[{"i":[[0.045,0],[0,27.484],[-0.045,0],[0,-27.485]],"o":[[-0.045,0],[0,-27.485],[0.045,0],[0,27.484]],"v":[[-77.549,49.764],[-77.629,0.001],[-77.549,-49.763],[-77.468,0.001]],"c":true}]},{"t":120,"s":[{"i":[[27.498,0],[0,27.484],[-27.499,0],[0,-27.485]],"o":[[-27.499,0],[0,-27.485],[27.498,0],[0,27.484]],"v":[[0,49.764],[-49.79,0.001],[0,-49.763],[49.79,0.001]],"c":true}]}],"ix":2},"nm":"Path 4","mn":"ADBE Vector Shape - Group","hd":false},{"ty":"fl","c":{"a":0,"k":[0.844805788526,0.467497642367,0.26488829968,1],"ix":4},"o":{"a":0,"k":100,"ix":5},"r":2,"bm":0,"nm":"Fill 1","mn":"ADBE Vector Graphic - Fill","hd":false},{"ty":"tr","p":{"a":0,"k":[151.163,153.412],"ix":2},"a":{"a":0,"k":[0,0],"ix":1},"s":{"a":0,"k":[100,100],"ix":3},"r":{"a":0,"k":0,"ix":6},"o":{"a":0,"k":100,"ix":7},"sk":{"a":0,"k":0,"ix":4},"sa":{"a":0,"k":0,"ix":5},"nm":"Transform"}],"nm":"Group 1","np":5,"cix":2,"bm":0,"ix":1,"mn":"ADBE Vector Group","hd":false}],"ip":0,"op":301,"st":0,"bm":0}],"markers":[]}