{"v":"5.7.4","fr":60,"ip":0,"op":150,"w":500,"h":500,"nm":"panda","ddd":0,"assets":[],"layers":[{"ddd":0,"ind":1,"ty":3,"nm":"NULL CONTROL","parent":6,"sr":1,"ks":{"o":{"a":0,"k":0,"ix":11},"r":{"a":0,"k":0,"ix":10},"p":{"a":1,"k":[{"i":{"x":0.4,"y":1},"o":{"x":0.6,"y":0},"t":22,"s":[152.779,150.371,0],"to":[0,0,0],"ti":[0,0,0]},{"i":{"x":0.4,"y":0.4},"o":{"x":0.6,"y":0.6},"t":32,"s":[181.21,150.371,0],"to":[0,0,0],"ti":[0,0,0]},{"i":{"x":0.4,"y":1},"o":{"x":0.6,"y":0},"t":52,"s":[181.21,150.371,0],"to":[0,0,0],"ti":[0,0,0]},{"i":{"x":0.4,"y":0.4},"o":{"x":0.6,"y":0.6},"t":63,"s":[128.969,150.371,0],"to":[0,0,0],"ti":[0,0,0]},{"i":{"x":0.4,"y":1},"o":{"x":0.6,"y":0},"t":86,"s":[128.969,150.371,0],"to":[4.365,-3.764,0],"ti":[0,0,0]},{"i":{"x":0.4,"y":1},"o":{"x":0.6,"y":0},"t":94,"s":[155.16,127.789,0],"to":[0,0,0],"ti":[0.397,-3.764,0]},{"i":{"x":0.4,"y":1},"o":{"x":0.167,"y":0},"t":111,"s":[152.779,157.371,0],"to":[-0.397,3.764,0],"ti":[0,1.167,0]},{"t":118,"s":[152.779,150.371,0]}],"ix":2,"l":2},"a":{"a":0,"k":[60,60,0],"ix":1,"l":2},"s":{"a":0,"k":[100,100,100],"ix":6,"l":2}},"ao":0,"ip":0,"op":152,"st":-60,"bm":0},{"ddd":0,"ind":2,"ty":4,"nm":"smile","parent":1,"sr":1,"ks":{"o":{"a":0,"k":100,"ix":11},"r":{"a":0,"k":0,"ix":10},"p":{"a":0,"k":[59.25,98.102,0],"ix":2,"l":2},"a":{"a":0,"k":[-7.75,76,0],"ix":1,"l":2},"s":{"a":0,"k":[100,100,100],"ix":6,"l":2}},"ao":0,"shapes":[{"ty":"gr","it":[{"ind":0,"ty":"sh","ix":1,"ks":{"a":0,"k":{"i":[[0,6],[-22,0],[0,-4.5]],"o":[[0,-6],[22,0],[0,4.5]],"v":[[-40.375,93.5],[-6.75,76],[26.625,92.75]],"c":false},"ix":2},"nm":"Path 1","mn":"ADBE Vector Shape - Group","hd":false},{"ty":"st","c":{"a":0,"k":[0.400000029919,0.396078461292,0.392156892664,1],"ix":3},"o":{"a":0,"k":100,"ix":4},"w":{"a":0,"k":16,"ix":5},"lc":2,"lj":1,"ml":4,"bm":0,"nm":"Stroke 1","mn":"ADBE Vector Graphic - Stroke","hd":false},{"ty":"tr","p":{"a":0,"k":[0,0],"ix":2},"a":{"a":0,"k":[0,0],"ix":1},"s":{"a":0,"k":[100,100],"ix":3},"r":{"a":0,"k":0,"ix":6},"o":{"a":0,"k":100,"ix":7},"sk":{"a":0,"k":0,"ix":4},"sa":{"a":0,"k":0,"ix":5},"nm":"Transform"}],"nm":"Shape 1","np":3,"cix":2,"bm":0,"ix":1,"mn":"ADBE Vector Group","hd":false}],"ip":0,"op":152,"st":-60,"bm":0},{"ddd":0,"ind":3,"ty":4,"nm":"eye1","parent":1,"sr":1,"ks":{"o":{"a":0,"k":100,"ix":11},"r":{"a":0,"k":0,"ix":10},"p":{"a":0,"k":[8,-3.271,0],"ix":2,"l":2},"a":{"a":0,"k":[54.584,30.653,0],"ix":1,"l":2},"s":{"a":0,"k":[100,100,100],"ix":6,"l":2}},"ao":0,"shapes":[{"ty":"gr","it":[{"ind":0,"ty":"sh","ix":1,"ks":{"a":0,"k":{"i":[[0,-16.733],[16.617,0],[0,16.733],[-16.618,0]],"o":[[0,16.733],[-16.618,0],[0,-16.733],[16.617,0]],"v":[[30.089,0],[0,30.298],[-30.089,0],[0,-30.298]],"c":true},"ix":2},"nm":"Path 1","mn":"ADBE Vector Shape - Group","hd":false},{"ty":"fl","c":{"a":0,"k":[0.4,0.395999983245,0.39199999641,1],"ix":4},"o":{"a":0,"k":100,"ix":5},"r":1,"bm":0,"nm":"Fill 1","mn":"ADBE Vector Graphic - Fill","hd":false},{"ty":"tr","p":{"a":0,"k":[54.619,30.548],"ix":2},"a":{"a":0,"k":[0,0],"ix":1},"s":{"a":0,"k":[100,100],"ix":3},"r":{"a":0,"k":0,"ix":6},"o":{"a":0,"k":100,"ix":7},"sk":{"a":0,"k":0,"ix":4},"sa":{"a":0,"k":0,"ix":5},"nm":"Transform"}],"nm":"Group 3","np":2,"cix":2,"bm":0,"ix":1,"mn":"ADBE Vector Group","hd":false},{"ty":"gr","it":[{"ind":0,"ty":"sh","ix":1,"ks":{"a":0,"k":{"i":[[9.773,-9.841],[0,0],[9.773,9.841],[-9.773,9.84],[0,0],[-9.773,-9.841]],"o":[[0,0],[-9.773,9.841],[-9.773,-9.842],[0,0],[9.773,-9.841],[9.773,9.841]],"v":[[32.442,2.969],[2.95,32.668],[-32.442,32.668],[-32.442,-2.969],[-2.95,-32.667],[32.442,-32.667]],"c":true},"ix":2},"nm":"Path 1","mn":"ADBE Vector Shape - Group","hd":false},{"ty":"fl","c":{"a":0,"k":[0.4,0.395999983245,0.39199999641,1],"ix":4},"o":{"a":0,"k":100,"ix":5},"r":1,"bm":0,"nm":"Fill 1","mn":"ADBE Vector Graphic - Fill","hd":false},{"ty":"tr","p":{"a":0,"k":[42.464,51.548],"ix":2},"a":{"a":0,"k":[0,0],"ix":1},"s":{"a":0,"k":[100,100],"ix":3},"r":{"a":0,"k":0,"ix":6},"o":{"a":0,"k":100,"ix":7},"sk":{"a":0,"k":0,"ix":4},"sa":{"a":0,"k":0,"ix":5},"nm":"Transform"}],"nm":"Group 4","np":2,"cix":2,"bm":0,"ix":2,"mn":"ADBE Vector Group","hd":false}],"ip":0,"op":152,"st":-60,"bm":0},{"ddd":0,"ind":4,"ty":4,"nm":"eye2","parent":1,"sr":1,"ks":{"o":{"a":0,"k":100,"ix":11},"r":{"a":0,"k":0,"ix":10},"p":{"a":0,"k":[109.5,-4.271,0],"ix":2,"l":2},"a":{"a":0,"k":[156.084,29.653,0],"ix":1,"l":2},"s":{"a":0,"k":[100,100,100],"ix":6,"l":2}},"ao":0,"shapes":[{"ty":"gr","it":[{"ind":0,"ty":"sh","ix":1,"ks":{"a":0,"k":{"i":[[-9.772,-9.841],[0,0],[-9.773,9.841],[9.773,9.84],[0,0],[9.773,-9.841]],"o":[[0,0],[9.774,9.841],[9.773,-9.842],[0,0],[-9.773,-9.841],[-9.772,9.841]],"v":[[-32.442,2.969],[-2.95,32.668],[32.441,32.668],[32.441,-2.969],[2.949,-32.667],[-32.442,-32.667]],"c":true},"ix":2},"nm":"Path 1","mn":"ADBE Vector Shape - Group","hd":false},{"ty":"fl","c":{"a":0,"k":[0.4,0.395999983245,0.39199999641,1],"ix":4},"o":{"a":0,"k":100,"ix":5},"r":1,"bm":0,"nm":"Fill 1","mn":"ADBE Vector Graphic - Fill","hd":false},{"ty":"tr","p":{"a":0,"k":[170.704,51.548],"ix":2},"a":{"a":0,"k":[0,0],"ix":1},"s":{"a":0,"k":[100,100],"ix":3},"r":{"a":0,"k":0,"ix":6},"o":{"a":0,"k":100,"ix":7},"sk":{"a":0,"k":0,"ix":4},"sa":{"a":0,"k":0,"ix":5},"nm":"Transform"}],"nm":"Group 1","np":2,"cix":2,"bm":0,"ix":1,"mn":"ADBE Vector Group","hd":false},{"ty":"gr","it":[{"ind":0,"ty":"sh","ix":1,"ks":{"a":0,"k":{"i":[[0,-16.733],[16.617,0],[0,16.733],[-16.617,0]],"o":[[0,16.733],[-16.617,0],[0,-16.733],[16.617,0]],"v":[[30.089,0],[0,30.298],[-30.089,0],[0,-30.298]],"c":true},"ix":2},"nm":"Path 1","mn":"ADBE Vector Shape - Group","hd":false},{"ty":"fl","c":{"a":0,"k":[0.4,0.395999983245,0.39199999641,1],"ix":4},"o":{"a":0,"k":100,"ix":5},"r":1,"bm":0,"nm":"Fill 1","mn":"ADBE Vector Graphic - Fill","hd":false},{"ty":"tr","p":{"a":0,"k":[157.73,30.548],"ix":2},"a":{"a":0,"k":[0,0],"ix":1},"s":{"a":0,"k":[100,100],"ix":3},"r":{"a":0,"k":0,"ix":6},"o":{"a":0,"k":100,"ix":7},"sk":{"a":0,"k":0,"ix":4},"sa":{"a":0,"k":0,"ix":5},"nm":"Transform"}],"nm":"Group 2","np":2,"cix":2,"bm":0,"ix":2,"mn":"ADBE Vector Group","hd":false}],"ip":0,"op":152,"st":-60,"bm":0},{"ddd":0,"ind":5,"ty":4,"nm":"nose","parent":1,"sr":1,"ks":{"o":{"a":0,"k":100,"ix":11},"r":{"a":0,"k":0,"ix":10},"p":{"a":1,"k":[{"i":{"x":0.4,"y":1},"o":{"x":0.6,"y":0},"t":22,"s":[60,51.98,0],"to":[1.634,0,0],"ti":[-1.634,0,0]},{"i":{"x":0.4,"y":0.4},"o":{"x":0.6,"y":0.6},"t":32,"s":[69.804,51.98,0],"to":[0,0,0],"ti":[0,0,0]},{"i":{"x":0.4,"y":1},"o":{"x":0.6,"y":0},"t":52,"s":[69.804,51.98,0],"to":[-3.204,0,0],"ti":[3.204,0,0]},{"i":{"x":0.4,"y":0.4},"o":{"x":0.6,"y":0.6},"t":63,"s":[50.578,51.98,0],"to":[0,0,0],"ti":[0,0,0]},{"i":{"x":0.4,"y":1},"o":{"x":0.6,"y":0},"t":86,"s":[50.578,51.98,0],"to":[1.57,0,0],"ti":[-1.57,0,0]},{"t":94,"s":[60,51.98,0]}],"ix":2,"l":2},"a":{"a":0,"k":[40.685,12.833,0],"ix":1,"l":2},"s":{"a":0,"k":[100,100,100],"ix":6,"l":2}},"ao":0,"shapes":[{"ty":"gr","it":[{"ind":0,"ty":"sh","ix":1,"ks":{"a":0,"k":{"i":[[0,-2.558],[9.357,0],[0,2.558],[-9.358,0]],"o":[[0,2.558],[-9.358,0],[0,-2.558],[9.357,0]],"v":[[16.944,0],[0.001,4.631],[-16.944,0],[0.001,-4.631]],"c":true},"ix":2},"nm":"Path 1","mn":"ADBE Vector Shape - Group","hd":false},{"ty":"fl","c":{"a":0,"k":[0.905999995213,0.902000038297,0.898000021542,1],"ix":4},"o":{"a":0,"k":100,"ix":5},"r":1,"bm":0,"nm":"Fill 1","mn":"ADBE Vector Graphic - Fill","hd":false},{"ty":"tr","p":{"a":0,"k":[30.516,8.809],"ix":2},"a":{"a":0,"k":[0,0],"ix":1},"s":{"a":0,"k":[100,100],"ix":3},"r":{"a":0,"k":0,"ix":6},"o":{"a":0,"k":100,"ix":7},"sk":{"a":0,"k":0,"ix":4},"sa":{"a":0,"k":0,"ix":5},"nm":"Transform"}],"nm":"Group 1","np":2,"cix":2,"bm":0,"ix":1,"mn":"ADBE Vector Group","hd":false},{"ty":"gr","it":[{"ind":0,"ty":"sh","ix":1,"ks":{"a":0,"k":{"i":[[12.18,0],[0,0],[0,12.267],[-0.139,1.01],[0,0],[0,-1.048]],"o":[[0,0],[-12.18,0],[0,-1.048],[0,0],[0.139,1.01],[0,12.267]],"v":[[18.38,12.583],[-18.381,12.583],[-40.435,-9.627],[-39.842,-12.583],[39.841,-12.583],[40.435,-9.627]],"c":true},"ix":2},"nm":"Path 1","mn":"ADBE Vector Shape - Group","hd":false},{"ty":"fl","c":{"a":0,"k":[0.4,0.395999983245,0.39199999641,1],"ix":4},"o":{"a":0,"k":100,"ix":5},"r":1,"bm":0,"nm":"Fill 1","mn":"ADBE Vector Graphic - Fill","hd":false},{"ty":"tr","p":{"a":0,"k":[40.685,12.833],"ix":2},"a":{"a":0,"k":[0,0],"ix":1},"s":{"a":0,"k":[100,100],"ix":3},"r":{"a":0,"k":0,"ix":6},"o":{"a":0,"k":100,"ix":7},"sk":{"a":0,"k":0,"ix":4},"sa":{"a":0,"k":0,"ix":5},"nm":"Transform"}],"nm":"Group 2","np":2,"cix":2,"bm":0,"ix":2,"mn":"ADBE Vector Group","hd":false}],"ip":0,"op":152,"st":-60,"bm":0},{"ddd":0,"ind":6,"ty":4,"nm":"face","sr":1,"ks":{"o":{"a":0,"k":100,"ix":11},"r":{"a":0,"k":0,"ix":10},"p":{"a":0,"k":[243,400.993,0],"ix":2,"l":2},"a":{"a":0,"k":[152.779,263.466,0],"ix":1,"l":2},"s":{"a":1,"k":[{"i":{"x":[0.4,0.4,0.4],"y":[1,1,1]},"o":{"x":[0.6,0.6,0.6],"y":[0,0,0]},"t":7,"s":[100,100,100]},{"i":{"x":[0.4,0.4,0.4],"y":[1,1,1]},"o":{"x":[0.6,0.6,0.6],"y":[0,0,0]},"t":22,"s":[105,95,100]},{"i":{"x":[0.4,0.4,0.4],"y":[1,1,1]},"o":{"x":[0.6,0.6,0.6],"y":[0,0,0]},"t":32,"s":[102,98,100]},{"i":{"x":[0.4,0.4,0.4],"y":[1,1,1]},"o":{"x":[0.6,0.6,0.6],"y":[0,0,0]},"t":86,"s":[105,95,100]},{"i":{"x":[0.4,0.4,0.4],"y":[1,1,1]},"o":{"x":[0.6,0.6,0.6],"y":[0,0,0]},"t":94,"s":[95,105,100]},{"i":{"x":[0.4,0.4,0.4],"y":[1,1,1]},"o":{"x":[0.167,0.167,0.167],"y":[0,0,0]},"t":111,"s":[102,98,100]},{"t":118,"s":[100,100,100]}],"ix":6,"l":2}},"ao":0,"shapes":[{"ty":"gr","it":[{"ind":0,"ty":"sh","ix":1,"ks":{"a":0,"k":{"i":[[0,0],[3.615,12.991],[10.732,-29.512],[0,0],[39.21,-6.268],[0,0],[64.984,0],[0,0],[0,0],[0,0],[0,0],[0.611,8.242],[0,-14.152],[-87.545,0],[0,0],[0,0],[0,0]],"o":[[0,-14.152],[-0.612,8.242],[0,0],[0,0],[0,0],[0,0],[-64.984,0],[0,0],[-39.21,-6.268],[0,0],[-10.732,-29.512],[-3.615,12.991],[0,0],[0,0],[0,0],[0,0],[87.544,0]],"v":[[149.993,-35.699],[144.305,-76.48],[134.699,6.161],[127.381,-3.594],[86.161,63.479],[86.406,54.21],[0.001,73.771],[-86.404,54.21],[-86.16,63.479],[-127.381,-3.594],[-134.697,6.161],[-144.304,-76.48],[-149.992,-35.699],[-64.983,76.48],[-32.056,76.48],[32.057,76.48],[64.984,76.48]],"c":true},"ix":2},"nm":"Path 1","mn":"ADBE Vector Shape - Group","hd":false},{"ty":"fl","c":{"a":0,"k":[0.745000023935,0.741000007181,0.725,1],"ix":4},"o":{"a":0,"k":100,"ix":5},"r":1,"bm":0,"nm":"Fill 1","mn":"ADBE Vector Graphic - Fill","hd":false},{"ty":"tr","p":{"a":0,"k":[152.778,186.985],"ix":2},"a":{"a":0,"k":[0,0],"ix":1},"s":{"a":0,"k":[100,100],"ix":3},"r":{"a":0,"k":0,"ix":6},"o":{"a":0,"k":100,"ix":7},"sk":{"a":0,"k":0,"ix":4},"sa":{"a":0,"k":0,"ix":5},"nm":"Transform"}],"nm":"Group 1","np":2,"cix":2,"bm":0,"ix":1,"mn":"ADBE Vector Group","hd":false},{"ty":"gr","it":[{"ind":0,"ty":"sh","ix":1,"ks":{"a":0,"k":{"i":[[82.839,0],[0,0],[0,-82.839],[-68.294,-6.051],[-90.891,1.115],[0,0]],"o":[[0,0],[-82.839,0],[0,0],[68.293,6.051],[92.637,-1.137],[0,-82.839]],"v":[[0,-132.71],[0,-132.71],[-149.993,17.283],[-69.959,126.659],[51.602,128.804],[149.993,17.283]],"c":true},"ix":2},"nm":"Path 1","mn":"ADBE Vector Shape - Group","hd":false},{"ty":"fl","c":{"a":0,"k":[0.976000019148,0.976000019148,0.976000019148,1],"ix":4},"o":{"a":0,"k":100,"ix":5},"r":1,"bm":0,"nm":"Fill 1","mn":"ADBE Vector Graphic - Fill","hd":false},{"ty":"tr","p":{"a":0,"k":[152.778,132.96],"ix":2},"a":{"a":0,"k":[0,0],"ix":1},"s":{"a":0,"k":[100,100],"ix":3},"r":{"a":0,"k":0,"ix":6},"o":{"a":0,"k":100,"ix":7},"sk":{"a":0,"k":0,"ix":4},"sa":{"a":0,"k":0,"ix":5},"nm":"Transform"}],"nm":"Group 2","np":2,"cix":2,"bm":0,"ix":2,"mn":"ADBE Vector Group","hd":false}],"ip":0,"op":152,"st":-60,"bm":0},{"ddd":0,"ind":7,"ty":4,"nm":"ears","parent":6,"sr":1,"ks":{"o":{"a":0,"k":100,"ix":11},"r":{"a":1,"k":[{"i":{"x":[0.4],"y":[1]},"o":{"x":[0.6],"y":[0]},"t":22,"s":[0]},{"i":{"x":[0.4],"y":[1]},"o":{"x":[0.6],"y":[0]},"t":32,"s":[-11]},{"i":{"x":[0.4],"y":[1]},"o":{"x":[0.6],"y":[0]},"t":52,"s":[-11]},{"i":{"x":[0.4],"y":[1]},"o":{"x":[0.6],"y":[0]},"t":63,"s":[9]},{"i":{"x":[0.4],"y":[1]},"o":{"x":[0.6],"y":[0]},"t":86,"s":[9]},{"t":94,"s":[0]}],"ix":10},"p":{"a":1,"k":[{"i":{"x":0.4,"y":1},"o":{"x":0.6,"y":0},"t":22,"s":[152.779,64.59,0],"to":[-2.451,1.701,0],"ti":[2.451,-1.701,0]},{"i":{"x":0.4,"y":0.4},"o":{"x":0.6,"y":0.6},"t":32,"s":[138.073,74.794,0],"to":[0,0,0],"ti":[0,0,0]},{"i":{"x":0.4,"y":1},"o":{"x":0.6,"y":0},"t":52,"s":[138.073,74.794,0],"to":[4.811,0,0],"ti":[-4.811,0,0]},{"i":{"x":0.4,"y":0.4},"o":{"x":0.6,"y":0.6},"t":63,"s":[166.937,74.794,0],"to":[0,0,0],"ti":[0,0,0]},{"i":{"x":0.4,"y":1},"o":{"x":0.6,"y":0},"t":85,"s":[166.937,74.794,0],"to":[-2.36,-1.701,0],"ti":[2.36,1.701,0]},{"t":94,"s":[152.779,64.59,0]}],"ix":2,"l":2},"a":{"a":0,"k":[150.242,101.359,0],"ix":1,"l":2},"s":{"a":0,"k":[100,100,100],"ix":6,"l":2}},"ao":0,"shapes":[{"ty":"gr","it":[{"ind":0,"ty":"sh","ix":1,"ks":{"a":0,"k":{"i":[[0,0],[0,0],[0,0],[0,0],[0,0],[-12.749,0],[0,-22.346],[1.877,-4.632]],"o":[[0,0],[0,0],[0,0],[0,0],[7.349,-9.353],[22.191,0],[0,5.308],[0,0]],"v":[[12.122,21.621],[22.079,3.655],[-11.114,2.401],[-4.891,-12.221],[-35.792,-12.221],[-4.458,-27.673],[35.792,12.847],[32.557,27.673]],"c":true},"ix":2},"nm":"Path 1","mn":"ADBE Vector Shape - Group","hd":false},{"ty":"fl","c":{"a":0,"k":[0.545000023935,0.536999990426,0.528999956916,1],"ix":4},"o":{"a":0,"k":100,"ix":5},"r":1,"bm":0,"nm":"Fill 1","mn":"ADBE Vector Graphic - Fill","hd":false},{"ty":"tr","p":{"a":0,"k":[252.984,39.381],"ix":2},"a":{"a":0,"k":[0,0],"ix":1},"s":{"a":0,"k":[100,100],"ix":3},"r":{"a":0,"k":0,"ix":6},"o":{"a":0,"k":100,"ix":7},"sk":{"a":0,"k":0,"ix":4},"sa":{"a":0,"k":0,"ix":5},"nm":"Transform"}],"nm":"Group 1","np":2,"cix":2,"bm":0,"ix":1,"mn":"ADBE Vector Group","hd":false},{"ty":"gr","it":[{"ind":0,"ty":"sh","ix":1,"ks":{"a":0,"k":{"i":[[0,0],[0,0],[0,0],[0,0],[0,0],[12.748,0],[0,-22.346],[-1.878,-4.632]],"o":[[0,0],[0,0],[0,0],[0,0],[-7.349,-9.353],[-22.192,0],[0,5.307],[0,0]],"v":[[-12.122,21.621],[-22.08,3.655],[11.114,2.402],[4.89,-12.22],[35.793,-12.22],[4.458,-27.673],[-35.793,12.848],[-32.557,27.673]],"c":true},"ix":2},"nm":"Path 1","mn":"ADBE Vector Shape - Group","hd":false},{"ty":"fl","c":{"a":0,"k":[0.545000023935,0.536999990426,0.528999956916,1],"ix":4},"o":{"a":0,"k":100,"ix":5},"r":1,"bm":0,"nm":"Fill 1","mn":"ADBE Vector Graphic - Fill","hd":false},{"ty":"tr","p":{"a":0,"k":[47.225,40.04],"ix":2},"a":{"a":0,"k":[0,0],"ix":1},"s":{"a":0,"k":[100,100],"ix":3},"r":{"a":0,"k":0,"ix":6},"o":{"a":0,"k":100,"ix":7},"sk":{"a":0,"k":0,"ix":4},"sa":{"a":0,"k":0,"ix":5},"nm":"Transform"}],"nm":"Group 2","np":2,"cix":2,"bm":0,"ix":2,"mn":"ADBE Vector Group","hd":false},{"ty":"gr","it":[{"ind":0,"ty":"sh","ix":1,"ks":{"a":0,"k":{"i":[[0,-27.92],[27.727,0],[0,27.92],[-27.728,0]],"o":[[0,27.92],[-27.728,0],[0,-27.92],[27.727,0]],"v":[[50.205,-0.001],[0,50.555],[-50.205,-0.001],[0,-50.555]],"c":true},"ix":2},"nm":"Path 1","mn":"ADBE Vector Shape - Group","hd":false},{"ty":"fl","c":{"a":0,"k":[0.4,0.395999983245,0.39199999641,1],"ix":4},"o":{"a":0,"k":100,"ix":5},"r":1,"bm":0,"nm":"Fill 1","mn":"ADBE Vector Graphic - Fill","hd":false},{"ty":"tr","p":{"a":0,"k":[250.03,50.805],"ix":2},"a":{"a":0,"k":[0,0],"ix":1},"s":{"a":0,"k":[100,100],"ix":3},"r":{"a":0,"k":0,"ix":6},"o":{"a":0,"k":100,"ix":7},"sk":{"a":0,"k":0,"ix":4},"sa":{"a":0,"k":0,"ix":5},"nm":"Transform"}],"nm":"Group 3","np":2,"cix":2,"bm":0,"ix":3,"mn":"ADBE Vector Group","hd":false},{"ty":"gr","it":[{"ind":0,"ty":"sh","ix":1,"ks":{"a":0,"k":{"i":[[0,-27.92],[27.727,0],[0,27.92],[-27.728,0]],"o":[[0,27.92],[-27.728,0],[0,-27.92],[27.727,0]],"v":[[50.205,-0.001],[0,50.555],[-50.205,-0.001],[0,-50.555]],"c":true},"ix":2},"nm":"Path 1","mn":"ADBE Vector Shape - Group","hd":false},{"ty":"fl","c":{"a":0,"k":[0.4,0.395999983245,0.39199999641,1],"ix":4},"o":{"a":0,"k":100,"ix":5},"r":1,"bm":0,"nm":"Fill 1","mn":"ADBE Vector Graphic - Fill","hd":false},{"ty":"tr","p":{"a":0,"k":[50.455,50.805],"ix":2},"a":{"a":0,"k":[0,0],"ix":1},"s":{"a":0,"k":[100,100],"ix":3},"r":{"a":0,"k":0,"ix":6},"o":{"a":0,"k":100,"ix":7},"sk":{"a":0,"k":0,"ix":4},"sa":{"a":0,"k":0,"ix":5},"nm":"Transform"}],"nm":"Group 4","np":2,"cix":2,"bm":0,"ix":4,"mn":"ADBE Vector Group","hd":false}],"ip":0,"op":152,"st":-60,"bm":0}],"markers":[]}