{"v":"5.7.4","fr":60,"ip":0,"op":104,"w":500,"h":500,"nm":"bomb_20210316","ddd":0,"assets":[],"layers":[{"ddd":0,"ind":1,"ty":4,"nm":"Shape Layer 2","parent":6,"sr":1,"ks":{"o":{"a":1,"k":[{"i":{"x":[0.833],"y":[0.833]},"o":{"x":[0.167],"y":[0.167]},"t":68,"s":[100]},{"t":71,"s":[0]}],"ix":11},"r":{"a":0,"k":2.471,"ix":10},"p":{"a":0,"k":[2.04,-50.759,0],"ix":2,"l":2},"a":{"a":0,"k":[0,0,0],"ix":1,"l":2},"s":{"a":0,"k":[109.185,113.116,100],"ix":6,"l":2}},"ao":0,"shapes":[{"ty":"gr","it":[{"ty":"tr","p":{"a":0,"k":[-222.081,-85.219],"ix":2},"a":{"a":0,"k":[0,0],"ix":1},"s":{"a":0,"k":[100,100],"ix":3},"r":{"a":0,"k":0,"ix":6},"o":{"a":0,"k":100,"ix":7},"sk":{"a":0,"k":0,"ix":4},"sa":{"a":0,"k":0,"ix":5},"nm":"Transform"}],"nm":"Rectangle 1","np":2,"cix":2,"bm":0,"ix":1,"mn":"ADBE Vector Group","hd":false},{"ty":"gr","it":[{"ind":0,"ty":"sh","ix":1,"ks":{"a":0,"k":{"i":[[0,0],[0,0],[0,0]],"o":[[0,0],[0,0],[0,0]],"v":[[-24.442,14.744],[-34.427,27.703],[-28.266,31.235]],"c":true},"ix":2},"nm":"Path 1","mn":"ADBE Vector Shape - Group","hd":false},{"ty":"fl","c":{"a":0,"k":[0.984000052658,0.819999964097,0.337000020345,1],"ix":4},"o":{"a":0,"k":100,"ix":5},"r":1,"bm":0,"nm":"Fill 1","mn":"ADBE Vector Graphic - Fill","hd":false},{"ty":"tr","p":{"a":0,"k":[0,49.323],"ix":2},"a":{"a":0,"k":[0,0],"ix":1},"s":{"a":0,"k":[100,100],"ix":3},"r":{"a":0,"k":0,"ix":6},"o":{"a":0,"k":100,"ix":7},"sk":{"a":0,"k":0,"ix":4},"sa":{"a":0,"k":0,"ix":5},"nm":"Transform"}],"nm":"Shape 5","np":3,"cix":2,"bm":0,"ix":2,"mn":"ADBE Vector Group","hd":false},{"ty":"gr","it":[{"ind":0,"ty":"sh","ix":1,"ks":{"a":0,"k":{"i":[[0,0],[0,0],[0,0]],"o":[[0,0],[0,0],[0,0]],"v":[[3.927,29.865],[6.454,50.636],[12.066,50.452]],"c":true},"ix":2},"nm":"Path 1","mn":"ADBE Vector Shape - Group","hd":false},{"ty":"fl","c":{"a":0,"k":[0.984000052658,0.819999964097,0.337000020345,1],"ix":4},"o":{"a":0,"k":100,"ix":5},"r":1,"bm":0,"nm":"Fill 1","mn":"ADBE Vector Graphic - Fill","hd":false},{"ty":"tr","p":{"a":0,"k":[0,49.323],"ix":2},"a":{"a":0,"k":[0,0],"ix":1},"s":{"a":0,"k":[100,100],"ix":3},"r":{"a":0,"k":0,"ix":6},"o":{"a":0,"k":100,"ix":7},"sk":{"a":0,"k":0,"ix":4},"sa":{"a":0,"k":0,"ix":5},"nm":"Transform"}],"nm":"Shape 4","np":3,"cix":2,"bm":0,"ix":3,"mn":"ADBE Vector Group","hd":false},{"ty":"gr","it":[{"ind":0,"ty":"sh","ix":1,"ks":{"a":0,"k":{"i":[[0,0],[0,0],[0,0]],"o":[[0,0],[0,0],[0,0]],"v":[[49.327,-16.114],[29.611,-13.718],[42.086,-6.562]],"c":true},"ix":2},"nm":"Path 1","mn":"ADBE Vector Shape - Group","hd":false},{"ty":"fl","c":{"a":0,"k":[0.984000052658,0.819999964097,0.337000020345,1],"ix":4},"o":{"a":0,"k":100,"ix":5},"r":1,"bm":0,"nm":"Fill 1","mn":"ADBE Vector Graphic - Fill","hd":false},{"ty":"tr","p":{"a":0,"k":[0,49.323],"ix":2},"a":{"a":0,"k":[0,0],"ix":1},"s":{"a":0,"k":[100,100],"ix":3},"r":{"a":0,"k":0,"ix":6},"o":{"a":0,"k":100,"ix":7},"sk":{"a":0,"k":0,"ix":4},"sa":{"a":0,"k":0,"ix":5},"nm":"Transform"}],"nm":"Shape 3","np":3,"cix":2,"bm":0,"ix":4,"mn":"ADBE Vector Group","hd":false},{"ty":"gr","it":[{"ind":0,"ty":"sh","ix":1,"ks":{"a":0,"k":{"i":[[0,0],[0,0],[0,0]],"o":[[0,0],[0,0],[0,0]],"v":[[-3.222,-50.153],[1.033,-37.844],[3.249,-48.97]],"c":true},"ix":2},"nm":"Path 1","mn":"ADBE Vector Shape - Group","hd":false},{"ty":"fl","c":{"a":0,"k":[0.984000052658,0.819999964097,0.337000020345,1],"ix":4},"o":{"a":0,"k":100,"ix":5},"r":1,"bm":0,"nm":"Fill 1","mn":"ADBE Vector Graphic - Fill","hd":false},{"ty":"tr","p":{"a":0,"k":[0,49.323],"ix":2},"a":{"a":0,"k":[0,0],"ix":1},"s":{"a":0,"k":[100,100],"ix":3},"r":{"a":0,"k":0,"ix":6},"o":{"a":0,"k":100,"ix":7},"sk":{"a":0,"k":0,"ix":4},"sa":{"a":0,"k":0,"ix":5},"nm":"Transform"}],"nm":"Shape 2","np":3,"cix":2,"bm":0,"ix":5,"mn":"ADBE Vector Group","hd":false},{"ty":"gr","it":[{"ind":0,"ty":"sh","ix":1,"ks":{"a":0,"k":{"i":[[0,0],[0,0],[0,0]],"o":[[0,0],[0,0],[0,0]],"v":[[-34.281,-28.436],[-42.957,-17.43],[-28.376,-17.239]],"c":true},"ix":2},"nm":"Path 1","mn":"ADBE Vector Shape - Group","hd":false},{"ty":"fl","c":{"a":0,"k":[0.984000052658,0.819999964097,0.337000020345,1],"ix":4},"o":{"a":0,"k":100,"ix":5},"r":1,"bm":0,"nm":"Fill 1","mn":"ADBE Vector Graphic - Fill","hd":false},{"ty":"tr","p":{"a":0,"k":[0,49.323],"ix":2},"a":{"a":0,"k":[0,0],"ix":1},"s":{"a":0,"k":[100,100],"ix":3},"r":{"a":0,"k":0,"ix":6},"o":{"a":0,"k":100,"ix":7},"sk":{"a":0,"k":0,"ix":4},"sa":{"a":0,"k":0,"ix":5},"nm":"Transform"}],"nm":"Shape 1","np":3,"cix":2,"bm":0,"ix":6,"mn":"ADBE Vector Group","hd":false}],"ip":60,"op":107,"st":-60,"bm":0},{"ddd":0,"ind":2,"ty":4,"nm":"Shape Layer 5","sr":1,"ks":{"o":{"a":1,"k":[{"i":{"x":[0.833],"y":[0.833]},"o":{"x":[0.167],"y":[0.167]},"t":85,"s":[100]},{"t":92,"s":[0]}],"ix":11},"r":{"a":0,"k":0,"ix":10},"p":{"a":0,"k":[128.373,298.264,0],"ix":2,"l":2},"a":{"a":0,"k":[-101.736,-81.736,0],"ix":1,"l":2},"s":{"a":1,"k":[{"i":{"x":[0,0,0],"y":[1,1,1]},"o":{"x":[0.167,0.167,0.167],"y":[0.167,0.167,0.073]},"t":72,"s":[62,62,100]},{"t":92,"s":[86,86,100]}],"ix":6,"l":2}},"ao":0,"shapes":[{"ty":"gr","it":[{"d":1,"ty":"el","s":{"a":0,"k":[225.711,225.711],"ix":2},"p":{"a":0,"k":[0,0],"ix":3},"nm":"Ellipse Path 1","mn":"ADBE Vector Shape - Ellipse","hd":false},{"ty":"fl","c":{"a":0,"k":[0.950111299403,0.942724250345,0.942724250345,1],"ix":4},"o":{"a":0,"k":100,"ix":5},"r":1,"bm":0,"nm":"Fill 1","mn":"ADBE Vector Graphic - Fill","hd":false},{"ty":"tr","p":{"a":0,"k":[-128.14,-94.54],"ix":2},"a":{"a":0,"k":[0,0],"ix":1},"s":{"a":0,"k":[84.49,84.49],"ix":3},"r":{"a":0,"k":0,"ix":6},"o":{"a":0,"k":100,"ix":7},"sk":{"a":0,"k":0,"ix":4},"sa":{"a":0,"k":0,"ix":5},"nm":"Transform"}],"nm":"Ellipse 2","np":3,"cix":2,"bm":0,"ix":1,"mn":"ADBE Vector Group","hd":false},{"ty":"gr","it":[{"d":1,"ty":"el","s":{"a":0,"k":[272.528,272.528],"ix":2},"p":{"a":0,"k":[0,0],"ix":3},"nm":"Ellipse Path 1","mn":"ADBE Vector Shape - Ellipse","hd":false},{"ty":"fl","c":{"a":0,"k":[0.877080461091,0.877080461091,0.877080461091,1],"ix":4},"o":{"a":0,"k":100,"ix":5},"r":1,"bm":0,"nm":"Fill 1","mn":"ADBE Vector Graphic - Fill","hd":false},{"ty":"tr","p":{"a":0,"k":[-101.736,-81.736],"ix":2},"a":{"a":0,"k":[0,0],"ix":1},"s":{"a":0,"k":[100,100],"ix":3},"r":{"a":0,"k":0,"ix":6},"o":{"a":0,"k":100,"ix":7},"sk":{"a":0,"k":0,"ix":4},"sa":{"a":0,"k":0,"ix":5},"nm":"Transform"}],"nm":"Ellipse 1","np":3,"cix":2,"bm":0,"ix":2,"mn":"ADBE Vector Group","hd":false}],"ip":72,"op":112,"st":72,"bm":0},{"ddd":0,"ind":3,"ty":4,"nm":"Shape Layer 4","sr":1,"ks":{"o":{"a":1,"k":[{"i":{"x":[0.833],"y":[0.833]},"o":{"x":[0.167],"y":[0.167]},"t":81,"s":[100]},{"t":88,"s":[0]}],"ix":11},"r":{"a":0,"k":0,"ix":10},"p":{"a":0,"k":[375.264,130.264,0],"ix":2,"l":2},"a":{"a":0,"k":[-101.736,-81.736,0],"ix":1,"l":2},"s":{"a":1,"k":[{"i":{"x":[0,0,0],"y":[1,1,1]},"o":{"x":[0.167,0.167,0.167],"y":[0.167,0.167,-2.362]},"t":68,"s":[62,62,100]},{"t":88,"s":[84.242,84.242,100]}],"ix":6,"l":2}},"ao":0,"shapes":[{"ty":"gr","it":[{"d":1,"ty":"el","s":{"a":0,"k":[225.711,225.711],"ix":2},"p":{"a":0,"k":[0,0],"ix":3},"nm":"Ellipse Path 1","mn":"ADBE Vector Shape - Ellipse","hd":false},{"ty":"fl","c":{"a":0,"k":[0.950111299403,0.942724250345,0.942724250345,1],"ix":4},"o":{"a":0,"k":100,"ix":5},"r":1,"bm":0,"nm":"Fill 1","mn":"ADBE Vector Graphic - Fill","hd":false},{"ty":"tr","p":{"a":0,"k":[-128.14,-94.54],"ix":2},"a":{"a":0,"k":[0,0],"ix":1},"s":{"a":0,"k":[84.49,84.49],"ix":3},"r":{"a":0,"k":0,"ix":6},"o":{"a":0,"k":100,"ix":7},"sk":{"a":0,"k":0,"ix":4},"sa":{"a":0,"k":0,"ix":5},"nm":"Transform"}],"nm":"Ellipse 2","np":3,"cix":2,"bm":0,"ix":1,"mn":"ADBE Vector Group","hd":false},{"ty":"gr","it":[{"d":1,"ty":"el","s":{"a":0,"k":[272.528,272.528],"ix":2},"p":{"a":0,"k":[0,0],"ix":3},"nm":"Ellipse Path 1","mn":"ADBE Vector Shape - Ellipse","hd":false},{"ty":"fl","c":{"a":0,"k":[0.877080461091,0.877080461091,0.877080461091,1],"ix":4},"o":{"a":0,"k":100,"ix":5},"r":1,"bm":0,"nm":"Fill 1","mn":"ADBE Vector Graphic - Fill","hd":false},{"ty":"tr","p":{"a":0,"k":[-101.736,-81.736],"ix":2},"a":{"a":0,"k":[0,0],"ix":1},"s":{"a":0,"k":[100,100],"ix":3},"r":{"a":0,"k":0,"ix":6},"o":{"a":0,"k":100,"ix":7},"sk":{"a":0,"k":0,"ix":4},"sa":{"a":0,"k":0,"ix":5},"nm":"Transform"}],"nm":"Ellipse 1","np":3,"cix":2,"bm":0,"ix":2,"mn":"ADBE Vector Group","hd":false}],"ip":68,"op":109,"st":68,"bm":0},{"ddd":0,"ind":4,"ty":4,"nm":"Shape Layer 3","sr":1,"ks":{"o":{"a":1,"k":[{"i":{"x":[0.833],"y":[0.833]},"o":{"x":[0.167],"y":[0.167]},"t":76,"s":[100]},{"t":83,"s":[0]}],"ix":11},"r":{"a":0,"k":0,"ix":10},"p":{"a":0,"k":[243,284.264,0],"ix":2,"l":2},"a":{"a":0,"k":[-101.736,-81.736,0],"ix":1,"l":2},"s":{"a":1,"k":[{"i":{"x":[0,0,0],"y":[1,1,1]},"o":{"x":[0.167,0.167,0.167],"y":[0.167,0.167,9.472]},"t":63,"s":[62,62,100]},{"t":83,"s":[155.242,155.242,100]}],"ix":6,"l":2}},"ao":0,"shapes":[{"ty":"gr","it":[{"d":1,"ty":"el","s":{"a":0,"k":[225.711,225.711],"ix":2},"p":{"a":0,"k":[0,0],"ix":3},"nm":"Ellipse Path 1","mn":"ADBE Vector Shape - Ellipse","hd":false},{"ty":"fl","c":{"a":0,"k":[0.950111299403,0.942724250345,0.942724250345,1],"ix":4},"o":{"a":0,"k":100,"ix":5},"r":1,"bm":0,"nm":"Fill 1","mn":"ADBE Vector Graphic - Fill","hd":false},{"ty":"tr","p":{"a":0,"k":[-128.14,-94.54],"ix":2},"a":{"a":0,"k":[0,0],"ix":1},"s":{"a":0,"k":[84.49,84.49],"ix":3},"r":{"a":0,"k":0,"ix":6},"o":{"a":0,"k":100,"ix":7},"sk":{"a":0,"k":0,"ix":4},"sa":{"a":0,"k":0,"ix":5},"nm":"Transform"}],"nm":"Ellipse 2","np":3,"cix":2,"bm":0,"ix":1,"mn":"ADBE Vector Group","hd":false},{"ty":"gr","it":[{"d":1,"ty":"el","s":{"a":0,"k":[272.528,272.528],"ix":2},"p":{"a":0,"k":[0,0],"ix":3},"nm":"Ellipse Path 1","mn":"ADBE Vector Shape - Ellipse","hd":false},{"ty":"fl","c":{"a":0,"k":[0.877080461091,0.877080461091,0.877080461091,1],"ix":4},"o":{"a":0,"k":100,"ix":5},"r":1,"bm":0,"nm":"Fill 1","mn":"ADBE Vector Graphic - Fill","hd":false},{"ty":"tr","p":{"a":0,"k":[-101.736,-81.736],"ix":2},"a":{"a":0,"k":[0,0],"ix":1},"s":{"a":0,"k":[100,100],"ix":3},"r":{"a":0,"k":0,"ix":6},"o":{"a":0,"k":100,"ix":7},"sk":{"a":0,"k":0,"ix":4},"sa":{"a":0,"k":0,"ix":5},"nm":"Transform"}],"nm":"Ellipse 1","np":3,"cix":2,"bm":0,"ix":2,"mn":"ADBE Vector Group","hd":false}],"ip":63,"op":106,"st":63,"bm":0},{"ddd":0,"ind":5,"ty":3,"nm":"NULL","sr":1,"ks":{"o":{"a":0,"k":0,"ix":11},"r":{"a":1,"k":[{"i":{"x":[0.4],"y":[1]},"o":{"x":[0.6],"y":[0]},"t":0,"s":[-2]},{"i":{"x":[0.833],"y":[1]},"o":{"x":[0.6],"y":[0]},"t":15,"s":[2]},{"i":{"x":[0.4],"y":[1]},"o":{"x":[0.6],"y":[0]},"t":30,"s":[-2]},{"i":{"x":[0.833],"y":[1]},"o":{"x":[0.6],"y":[0]},"t":45,"s":[2]},{"i":{"x":[0.833],"y":[1]},"o":{"x":[0.167],"y":[0]},"t":60,"s":[-2]},{"i":{"x":[0.4],"y":[1]},"o":{"x":[0.6],"y":[0]},"t":74,"s":[-2]},{"i":{"x":[0.833],"y":[1]},"o":{"x":[0.6],"y":[0]},"t":89,"s":[2]},{"t":104,"s":[-2]}],"ix":10},"p":{"a":0,"k":[250,421.5,0],"ix":2,"l":2},"a":{"a":0,"k":[60,60,0],"ix":1,"l":2},"s":{"a":1,"k":[{"i":{"x":[0.833,0.833,0.833],"y":[1,1,1]},"o":{"x":[0.6,0.6,0.6],"y":[0,0,0]},"t":0,"s":[102,98,100]},{"i":{"x":[0.4,0.4,0.4],"y":[1,1,1]},"o":{"x":[0.6,0.6,0.6],"y":[0,0,0]},"t":7.5,"s":[98,102,100]},{"i":{"x":[0.833,0.833,0.833],"y":[1,1,1]},"o":{"x":[0.6,0.6,0.6],"y":[0,0,0]},"t":15,"s":[102,98,100]},{"i":{"x":[0.4,0.4,0.4],"y":[1,1,1]},"o":{"x":[0.6,0.6,0.6],"y":[0,0,0]},"t":22.5,"s":[98,102,100]},{"i":{"x":[0.833,0.833,0.833],"y":[1,1,1]},"o":{"x":[0.6,0.6,0.6],"y":[0,0,0]},"t":30,"s":[102,98,100]},{"i":{"x":[0.4,0.4,0.4],"y":[1,1,1]},"o":{"x":[0.6,0.6,0.6],"y":[0,0,0]},"t":37.5,"s":[98,102,100]},{"i":{"x":[0.833,0.833,0.833],"y":[1,1,1]},"o":{"x":[0.6,0.6,0.6],"y":[0,0,0]},"t":45,"s":[102,98,100]},{"i":{"x":[0.4,0.4,0.4],"y":[1,1,1]},"o":{"x":[0.6,0.6,0.6],"y":[0,0,0]},"t":52.5,"s":[98,102,100]},{"i":{"x":[0.4,0.4,0.4],"y":[1,1,1]},"o":{"x":[0.167,0.167,0.167],"y":[0,0,0]},"t":60,"s":[102,98,100]},{"i":{"x":[0.833,0.833,0.833],"y":[1,1,1]},"o":{"x":[0.6,0.6,0.6],"y":[0,0,0]},"t":74,"s":[102,98,100]},{"i":{"x":[0.4,0.4,0.4],"y":[1,1,1]},"o":{"x":[0.6,0.6,0.6],"y":[0,0,0]},"t":81.5,"s":[98,102,100]},{"i":{"x":[0.833,0.833,0.833],"y":[1,1,1]},"o":{"x":[0.6,0.6,0.6],"y":[0,0,0]},"t":89,"s":[102,98,100]},{"i":{"x":[0.4,0.4,0.4],"y":[1,1,1]},"o":{"x":[0.6,0.6,0.6],"y":[0,0,0]},"t":96.5,"s":[98,102,100]},{"t":104,"s":[102,98,100]}],"ix":6,"l":2}},"ao":0,"ip":0,"op":107,"st":-60,"bm":0},{"ddd":0,"ind":6,"ty":4,"nm":"fire3","sr":1,"ks":{"o":{"a":1,"k":[{"i":{"x":[0.833],"y":[0.833]},"o":{"x":[0.167],"y":[0.167]},"t":68,"s":[100]},{"t":71,"s":[0]}],"ix":11},"r":{"a":1,"k":[{"i":{"x":[0.4],"y":[1]},"o":{"x":[0.6],"y":[0]},"t":60,"s":[-2.385]},{"t":69,"s":[59.615]}],"ix":10},"p":{"a":0,"k":[250,294.909,0],"ix":2,"l":2},"a":{"a":0,"k":[0,0,0],"ix":1,"l":2},"s":{"a":1,"k":[{"i":{"x":[0.4,0.4,0.4],"y":[1,1,1]},"o":{"x":[0.6,0.6,0.6],"y":[0,0,0]},"t":60,"s":[13.883,13.399,100]},{"t":69,"s":[490.503,473.399,100]}],"ix":6,"l":2}},"ao":0,"shapes":[{"ty":"gr","it":[{"ind":0,"ty":"sh","ix":1,"ks":{"a":1,"k":[{"i":{"x":0.4,"y":1},"o":{"x":0.6,"y":0},"t":60,"s":[{"i":[[0,0],[0,0],[0,0],[0,0],[0,0],[0,0],[0,0],[0,0],[0,0],[0,0],[0,0],[0,0]],"o":[[0,0],[0,0],[0,0],[0,0],[0,0],[0,0],[0,0],[0,0],[0,0],[0,0],[0,0],[0,0]],"v":[[-51.25,-76.25],[-32.526,-83.68],[-29.599,-63.75],[-13.803,-51.25],[-29.599,-38.75],[-32.526,-18.82],[-51.25,-26.25],[-69.974,-18.82],[-72.901,-38.75],[-88.697,-51.25],[-72.901,-63.75],[-69.974,-83.68]],"c":true}]},{"t":69,"s":[{"i":[[0,0],[0,0],[0,0],[0,0],[0,0],[0,0],[0,0],[0,0],[0,0],[0,0],[0,0],[0,0]],"o":[[0,0],[0,0],[0,0],[0,0],[0,0],[0,0],[0,0],[0,0],[0,0],[0,0],[0,0],[0,0]],"v":[[-49.799,-77.282],[-19.539,-103.752],[-29.519,-61.374],[-9.19,-51.966],[-30.007,-40.124],[-31.1,-14.363],[-50.382,-30.693],[-72.313,-12.232],[-70.285,-42.603],[-106.075,-53.217],[-72.754,-61.124],[-78.448,-105.597]],"c":true}]}],"ix":2},"nm":"Path 1","mn":"ADBE Vector Shape - Group","hd":false},{"ty":"fl","c":{"a":0,"k":[0.984000052658,0.819999964097,0.337000020345,1],"ix":4},"o":{"a":0,"k":100,"ix":5},"r":1,"bm":0,"nm":"Fill 1","mn":"ADBE Vector Graphic - Fill","hd":false},{"ty":"tr","p":{"a":0,"k":[51.25,51.25],"ix":2},"a":{"a":0,"k":[0,0],"ix":1},"s":{"a":0,"k":[100,100],"ix":3},"r":{"a":0,"k":0,"ix":6},"o":{"a":0,"k":100,"ix":7},"sk":{"a":0,"k":0,"ix":4},"sa":{"a":0,"k":0,"ix":5},"nm":"Transform"}],"nm":"Group 1","np":2,"cix":2,"bm":0,"ix":1,"mn":"ADBE Vector Group","hd":false}],"ip":60,"op":107,"st":60,"bm":0},{"ddd":0,"ind":7,"ty":4,"nm":"higllight","parent":9,"sr":1,"ks":{"o":{"a":0,"k":100,"ix":11},"r":{"a":0,"k":0,"ix":10},"p":{"a":0,"k":[63.36,79.582,0],"ix":2,"l":2},"a":{"a":0,"k":[33.555,38.862,0],"ix":1,"l":2},"s":{"a":1,"k":[{"i":{"x":[0.4,0.4,0.4],"y":[1,1,1]},"o":{"x":[0.6,0.6,0.6],"y":[0,0,0]},"t":0,"s":[100,100,100]},{"i":{"x":[0.4,0.4,0.4],"y":[1,1,1]},"o":{"x":[0.6,0.6,0.6],"y":[0,0,0]},"t":8,"s":[87,87,100]},{"i":{"x":[0.4,0.4,0.4],"y":[1,1,1]},"o":{"x":[0.6,0.6,0.6],"y":[0,0,0]},"t":15,"s":[100,100,100]},{"i":{"x":[0.4,0.4,0.4],"y":[1,1,1]},"o":{"x":[0.6,0.6,0.6],"y":[0,0,0]},"t":23,"s":[87,87,100]},{"i":{"x":[0.4,0.4,0.4],"y":[1,1,1]},"o":{"x":[0.6,0.6,0.6],"y":[0,0,0]},"t":30,"s":[100,100,100]},{"i":{"x":[0.4,0.4,0.4],"y":[1,1,1]},"o":{"x":[0.6,0.6,0.6],"y":[0,0,0]},"t":38,"s":[87,87,100]},{"i":{"x":[0.4,0.4,0.4],"y":[1,1,1]},"o":{"x":[0.6,0.6,0.6],"y":[0,0,0]},"t":45,"s":[100,100,100]},{"i":{"x":[0.4,0.4,0.4],"y":[1,1,1]},"o":{"x":[0.6,0.6,0.6],"y":[0,0,0]},"t":53,"s":[87,87,100]},{"t":60,"s":[100,100,100]}],"ix":6,"l":2}},"ao":0,"shapes":[{"ty":"gr","it":[{"ind":0,"ty":"sh","ix":1,"ks":{"a":0,"k":{"i":[[12.907,7.452],[9.934,-17.21],[-12.907,-7.452],[-9.936,17.208]],"o":[[-12.907,-7.452],[-9.937,17.208],[12.907,7.452],[9.935,-17.21]],"v":[[17.99,-31.16],[-23.368,-13.492],[-17.99,31.16],[23.37,13.493]],"c":true},"ix":2},"nm":"Path 1","mn":"ADBE Vector Shape - Group","hd":false},{"ty":"fl","c":{"a":0,"k":[0.545000023935,0.536999990426,0.528999956916,1],"ix":4},"o":{"a":0,"k":100,"ix":5},"r":1,"bm":0,"nm":"Fill 1","mn":"ADBE Vector Graphic - Fill","hd":false},{"ty":"tr","p":{"a":0,"k":[33.555,38.862],"ix":2},"a":{"a":0,"k":[0,0],"ix":1},"s":{"a":0,"k":[100,100],"ix":3},"r":{"a":0,"k":0,"ix":6},"o":{"a":0,"k":100,"ix":7},"sk":{"a":0,"k":0,"ix":4},"sa":{"a":0,"k":0,"ix":5},"nm":"Transform"}],"nm":"Group 1","np":2,"cix":2,"bm":0,"ix":1,"mn":"ADBE Vector Group","hd":false}],"ip":0,"op":107,"st":-60,"bm":0},{"ddd":0,"ind":8,"ty":4,"nm":"shadow","parent":9,"sr":1,"ks":{"o":{"a":0,"k":100,"ix":11},"r":{"a":0,"k":0,"ix":10},"p":{"a":0,"k":[124.113,141.809,0],"ix":2,"l":2},"a":{"a":0,"k":[124.113,124.115,0],"ix":1,"l":2},"s":{"a":0,"k":[100,100,100],"ix":6,"l":2}},"ao":0,"shapes":[{"ty":"gr","it":[{"ind":0,"ty":"sh","ix":1,"ks":{"a":0,"k":{"i":[[73.177,0],[22.974,-19.031],[0,-32.094],[-73.176,0],[-22.973,19.03],[0,32.093]],"o":[[-32.089,0],[-19.031,22.973],[0,73.176],[32.093,0],[19.029,-22.975],[0,-73.18]],"v":[[-8.848,-123.865],[-93.376,-93.376],[-123.864,-8.848],[8.849,123.865],[93.375,93.376],[123.863,8.846]],"c":true},"ix":2},"nm":"Path 1","mn":"ADBE Vector Shape - Group","hd":false},{"ty":"fl","c":{"a":0,"k":[0.4,0.395999983245,0.39199999641,1],"ix":4},"o":{"a":0,"k":100,"ix":5},"r":1,"bm":0,"nm":"Fill 1","mn":"ADBE Vector Graphic - Fill","hd":false},{"ty":"tr","p":{"a":0,"k":[124.113,124.115],"ix":2},"a":{"a":0,"k":[0,0],"ix":1},"s":{"a":0,"k":[100,100],"ix":3},"r":{"a":0,"k":0,"ix":6},"o":{"a":0,"k":100,"ix":7},"sk":{"a":0,"k":0,"ix":4},"sa":{"a":0,"k":0,"ix":5},"nm":"Transform"}],"nm":"Group 1","np":2,"cix":2,"bm":0,"ix":1,"mn":"ADBE Vector Group","hd":false}],"ip":0,"op":107,"st":-60,"bm":0},{"ddd":0,"ind":9,"ty":4,"nm":"BOMB","parent":5,"sr":1,"ks":{"o":{"a":0,"k":100,"ix":11},"r":{"a":0,"k":0,"ix":10},"p":{"a":0,"k":[65.221,-70.109,0],"ix":2,"l":2},"a":{"a":0,"k":[132.962,132.962,0],"ix":1,"l":2},"s":{"a":1,"k":[{"i":{"x":[0.54,0.54,0.54],"y":[1,1,1]},"o":{"x":[0.46,0.46,0.46],"y":[0,0,0]},"t":53,"s":[102,98,100]},{"i":{"x":[0.54,0.54,0.54],"y":[1,1,1]},"o":{"x":[0.46,0.46,0.46],"y":[0,0,0]},"t":60,"s":[80,80,100]},{"i":{"x":[0.833,0.833,0.833],"y":[1,1,1]},"o":{"x":[0.167,0.167,0.167],"y":[0,0,0]},"t":69,"s":[135,135,100]},{"t":75,"s":[100,100,100]}],"ix":6,"l":2}},"ao":0,"shapes":[{"ty":"gr","it":[{"ind":0,"ty":"sh","ix":1,"ks":{"a":0,"k":{"i":[[-3.145,0.455],[3.073,-0.673]],"o":[[-3.146,0.455],[3.07,-0.672]],"v":[[4.677,-0.805],[-4.677,0.805]],"c":true},"ix":2},"nm":"Path 1","mn":"ADBE Vector Shape - Group","hd":false},{"ty":"fl","c":{"a":0,"k":[0.294000004787,0.282000014361,0.277999997606,1],"ix":4},"o":{"a":0,"k":100,"ix":5},"r":1,"bm":0,"nm":"Fill 1","mn":"ADBE Vector Graphic - Fill","hd":false},{"ty":"tr","p":{"a":0,"k":[109.223,2.586],"ix":2},"a":{"a":0,"k":[0,0],"ix":1},"s":{"a":0,"k":[100,100],"ix":3},"r":{"a":0,"k":0,"ix":6},"o":{"a":0,"k":100,"ix":7},"sk":{"a":0,"k":0,"ix":4},"sa":{"a":0,"k":0,"ix":5},"nm":"Transform"}],"nm":"Group 1","np":2,"cix":2,"bm":0,"ix":1,"mn":"ADBE Vector Group","hd":false},{"ty":"gr","it":[{"ind":0,"ty":"sh","ix":1,"ks":{"a":0,"k":{"i":[[-0.457,3.149],[0.674,-3.071]],"o":[[-0.455,3.147],[0.674,-3.072]],"v":[[0.805,-4.68],[-0.805,4.68]],"c":true},"ix":2},"nm":"Path 1","mn":"ADBE Vector Shape - Group","hd":false},{"ty":"fl","c":{"a":0,"k":[0.294000004787,0.282000014361,0.277999997606,1],"ix":4},"o":{"a":0,"k":100,"ix":5},"r":1,"bm":0,"nm":"Fill 1","mn":"ADBE Vector Graphic - Fill","hd":false},{"ty":"tr","p":{"a":0,"k":[263.338,156.7],"ix":2},"a":{"a":0,"k":[0,0],"ix":1},"s":{"a":0,"k":[100,100],"ix":3},"r":{"a":0,"k":0,"ix":6},"o":{"a":0,"k":100,"ix":7},"sk":{"a":0,"k":0,"ix":4},"sa":{"a":0,"k":0,"ix":5},"nm":"Transform"}],"nm":"Group 2","np":2,"cix":2,"bm":0,"ix":2,"mn":"ADBE Vector Group","hd":false},{"ty":"gr","it":[{"ind":0,"ty":"sh","ix":1,"ks":{"a":0,"k":{"i":[[-0.733,2.789],[0.907,-2.712]],"o":[[-0.733,2.787],[0.907,-2.713]],"v":[[1.203,-4.136],[-1.203,4.136]],"c":true},"ix":2},"nm":"Path 1","mn":"ADBE Vector Shape - Group","hd":false},{"ty":"fl","c":{"a":0,"k":[0.294000004787,0.282000014361,0.277999997606,1],"ix":4},"o":{"a":0,"k":100,"ix":5},"r":1,"bm":0,"nm":"Fill 1","mn":"ADBE Vector Graphic - Fill","hd":false},{"ty":"tr","p":{"a":0,"k":[259.978,170.756],"ix":2},"a":{"a":0,"k":[0,0],"ix":1},"s":{"a":0,"k":[100,100],"ix":3},"r":{"a":0,"k":0,"ix":6},"o":{"a":0,"k":100,"ix":7},"sk":{"a":0,"k":0,"ix":4},"sa":{"a":0,"k":0,"ix":5},"nm":"Transform"}],"nm":"Group 3","np":2,"cix":2,"bm":0,"ix":3,"mn":"ADBE Vector Group","hd":false},{"ty":"gr","it":[{"ind":0,"ty":"sh","ix":1,"ks":{"a":0,"k":{"i":[[-3.172,3.224],[3.485,-2.886]],"o":[[-3.172,3.223],[3.486,-2.887]],"v":[[4.984,-4.598],[-4.984,4.597]],"c":true},"ix":2},"nm":"Path 1","mn":"ADBE Vector Shape - Group","hd":false},{"ty":"fl","c":{"a":0,"k":[0.294000004787,0.282000014361,0.277999997606,1],"ix":4},"o":{"a":0,"k":100,"ix":5},"r":1,"bm":0,"nm":"Fill 1","mn":"ADBE Vector Graphic - Fill","hd":false},{"ty":"tr","p":{"a":0,"k":[222.483,230.577],"ix":2},"a":{"a":0,"k":[0,0],"ix":1},"s":{"a":0,"k":[100,100],"ix":3},"r":{"a":0,"k":0,"ix":6},"o":{"a":0,"k":100,"ix":7},"sk":{"a":0,"k":0,"ix":4},"sa":{"a":0,"k":0,"ix":5},"nm":"Transform"}],"nm":"Group 4","np":2,"cix":2,"bm":0,"ix":4,"mn":"ADBE Vector Group","hd":false},{"ty":"gr","it":[{"ind":0,"ty":"sh","ix":1,"ks":{"a":0,"k":{"i":[[0,4.877],[0.515,-4.74]],"o":[[0,4.877],[0.515,-4.741]],"v":[[0.41,-7.211],[-0.41,7.211]],"c":true},"ix":2},"nm":"Path 1","mn":"ADBE Vector Shape - Group","hd":false},{"ty":"fl","c":{"a":0,"k":[0.294000004787,0.282000014361,0.277999997606,1],"ix":4},"o":{"a":0,"k":100,"ix":5},"r":1,"bm":0,"nm":"Fill 1","mn":"ADBE Vector Graphic - Fill","hd":false},{"ty":"tr","p":{"a":0,"k":[265.263,140.173],"ix":2},"a":{"a":0,"k":[0,0],"ix":1},"s":{"a":0,"k":[100,100],"ix":3},"r":{"a":0,"k":0,"ix":6},"o":{"a":0,"k":100,"ix":7},"sk":{"a":0,"k":0,"ix":4},"sa":{"a":0,"k":0,"ix":5},"nm":"Transform"}],"nm":"Group 5","np":2,"cix":2,"bm":0,"ix":5,"mn":"ADBE Vector Group","hd":false},{"ty":"gr","it":[{"ind":0,"ty":"sh","ix":1,"ks":{"a":0,"k":{"i":[[2.852,-3.435],[-3.179,3.13]],"o":[[2.854,-3.435],[-3.18,3.132]],"v":[[-4.536,4.916],[4.536,-4.916]],"c":true},"ix":2},"nm":"Path 1","mn":"ADBE Vector Shape - Group","hd":false},{"ty":"fl","c":{"a":0,"k":[0.294000004787,0.282000014361,0.277999997606,1],"ix":4},"o":{"a":0,"k":100,"ix":5},"r":1,"bm":0,"nm":"Fill 1","mn":"ADBE Vector Graphic - Fill","hd":false},{"ty":"tr","p":{"a":0,"k":[35.397,43.382],"ix":2},"a":{"a":0,"k":[0,0],"ix":1},"s":{"a":0,"k":[100,100],"ix":3},"r":{"a":0,"k":0,"ix":6},"o":{"a":0,"k":100,"ix":7},"sk":{"a":0,"k":0,"ix":4},"sa":{"a":0,"k":0,"ix":5},"nm":"Transform"}],"nm":"Group 6","np":2,"cix":2,"bm":0,"ix":6,"mn":"ADBE Vector Group","hd":false},{"ty":"gr","it":[{"ind":0,"ty":"sh","ix":1,"ks":{"a":0,"k":{"i":[[2.311,-1.714],[-2.42,1.565]],"o":[[2.311,-1.714],[-2.422,1.565]],"v":[[-3.534,2.477],[3.534,-2.477]],"c":true},"ix":2},"nm":"Path 1","mn":"ADBE Vector Shape - Group","hd":false},{"ty":"fl","c":{"a":0,"k":[0.294000004787,0.282000014361,0.277999997606,1],"ix":4},"o":{"a":0,"k":100,"ix":5},"r":1,"bm":0,"nm":"Fill 1","mn":"ADBE Vector Graphic - Fill","hd":false},{"ty":"tr","p":{"a":0,"k":[57.656,23.978],"ix":2},"a":{"a":0,"k":[0,0],"ix":1},"s":{"a":0,"k":[100,100],"ix":3},"r":{"a":0,"k":0,"ix":6},"o":{"a":0,"k":100,"ix":7},"sk":{"a":0,"k":0,"ix":4},"sa":{"a":0,"k":0,"ix":5},"nm":"Transform"}],"nm":"Group 7","np":2,"cix":2,"bm":0,"ix":7,"mn":"ADBE Vector Group","hd":false},{"ty":"gr","it":[{"ind":0,"ty":"sh","ix":1,"ks":{"a":0,"k":{"i":[[2.708,-0.905],[-2.78,0.732]],"o":[[2.707,-0.905],[-2.781,0.732]],"v":[[-4.127,1.2],[4.127,-1.2]],"c":true},"ix":2},"nm":"Path 1","mn":"ADBE Vector Shape - Group","hd":false},{"ty":"fl","c":{"a":0,"k":[0.294000004787,0.282000014361,0.277999997606,1],"ix":4},"o":{"a":0,"k":100,"ix":5},"r":1,"bm":0,"nm":"Fill 1","mn":"ADBE Vector Graphic - Fill","hd":false},{"ty":"tr","p":{"a":0,"k":[95.163,5.946],"ix":2},"a":{"a":0,"k":[0,0],"ix":1},"s":{"a":0,"k":[100,100],"ix":3},"r":{"a":0,"k":0,"ix":6},"o":{"a":0,"k":100,"ix":7},"sk":{"a":0,"k":0,"ix":4},"sa":{"a":0,"k":0,"ix":5},"nm":"Transform"}],"nm":"Group 8","np":2,"cix":2,"bm":0,"ix":8,"mn":"ADBE Vector Group","hd":false},{"ty":"gr","it":[{"ind":0,"ty":"sh","ix":1,"ks":{"a":0,"k":{"i":[[2.324,-2.15],[-2.471,1.982]],"o":[[2.322,-2.15],[-2.473,1.982]],"v":[[-3.573,3.125],[3.573,-3.125]],"c":true},"ix":2},"nm":"Path 1","mn":"ADBE Vector Shape - Group","hd":false},{"ty":"fl","c":{"a":0,"k":[0.294000004787,0.282000014361,0.277999997606,1],"ix":4},"o":{"a":0,"k":100,"ix":5},"r":1,"bm":0,"nm":"Fill 1","mn":"ADBE Vector Graphic - Fill","hd":false},{"ty":"tr","p":{"a":0,"k":[46.55,32.572],"ix":2},"a":{"a":0,"k":[0,0],"ix":1},"s":{"a":0,"k":[100,100],"ix":3},"r":{"a":0,"k":0,"ix":6},"o":{"a":0,"k":100,"ix":7},"sk":{"a":0,"k":0,"ix":4},"sa":{"a":0,"k":0,"ix":5},"nm":"Transform"}],"nm":"Group 9","np":2,"cix":2,"bm":0,"ix":9,"mn":"ADBE Vector Group","hd":false},{"ty":"gr","it":[{"ind":0,"ty":"sh","ix":1,"ks":{"a":0,"k":{"i":[[-1.56,2.414],[1.709,-2.302]],"o":[[-1.56,2.412],[1.709,-2.303]],"v":[[2.469,-3.521],[-2.469,3.522]],"c":true},"ix":2},"nm":"Path 1","mn":"ADBE Vector Shape - Group","hd":false},{"ty":"fl","c":{"a":0,"k":[0.294000004787,0.282000014361,0.277999997606,1],"ix":4},"o":{"a":0,"k":100,"ix":5},"r":1,"bm":0,"nm":"Fill 1","mn":"ADBE Vector Graphic - Fill","hd":false},{"ty":"tr","p":{"a":0,"k":[241.949,208.262],"ix":2},"a":{"a":0,"k":[0,0],"ix":1},"s":{"a":0,"k":[100,100],"ix":3},"r":{"a":0,"k":0,"ix":6},"o":{"a":0,"k":100,"ix":7},"sk":{"a":0,"k":0,"ix":4},"sa":{"a":0,"k":0,"ix":5},"nm":"Transform"}],"nm":"Group 10","np":2,"cix":2,"bm":0,"ix":10,"mn":"ADBE Vector Group","hd":false},{"ty":"gr","it":[{"ind":0,"ty":"sh","ix":1,"ks":{"a":0,"k":{"i":[[2.517,-1.149],[-2.595,0.993]],"o":[[2.516,-1.147],[-2.597,0.993]],"v":[[-3.838,1.595],[3.838,-1.595]],"c":true},"ix":2},"nm":"Path 1","mn":"ADBE Vector Shape - Group","hd":false},{"ty":"fl","c":{"a":0,"k":[0.294000004787,0.282000014361,0.277999997606,1],"ix":4},"o":{"a":0,"k":100,"ix":5},"r":1,"bm":0,"nm":"Fill 1","mn":"ADBE Vector Graphic - Fill","hd":false},{"ty":"tr","p":{"a":0,"k":[81.954,10.663],"ix":2},"a":{"a":0,"k":[0,0],"ix":1},"s":{"a":0,"k":[100,100],"ix":3},"r":{"a":0,"k":0,"ix":6},"o":{"a":0,"k":100,"ix":7},"sk":{"a":0,"k":0,"ix":4},"sa":{"a":0,"k":0,"ix":5},"nm":"Transform"}],"nm":"Group 11","np":2,"cix":2,"bm":0,"ix":11,"mn":"ADBE Vector Group","hd":false},{"ty":"gr","it":[{"ind":0,"ty":"sh","ix":1,"ks":{"a":0,"k":{"i":[[-1.988,2.479],[2.157,-2.326]],"o":[[-1.986,2.478],[2.157,-2.328]],"v":[[3.133,-3.581],[-3.133,3.581]],"c":true},"ix":2},"nm":"Path 1","mn":"ADBE Vector Shape - Group","hd":false},{"ty":"fl","c":{"a":0,"k":[0.294000004787,0.282000014361,0.277999997606,1],"ix":4},"o":{"a":0,"k":100,"ix":5},"r":1,"bm":0,"nm":"Fill 1","mn":"ADBE Vector Graphic - Fill","hd":false},{"ty":"tr","p":{"a":0,"k":[233.34,219.383],"ix":2},"a":{"a":0,"k":[0,0],"ix":1},"s":{"a":0,"k":[100,100],"ix":3},"r":{"a":0,"k":0,"ix":6},"o":{"a":0,"k":100,"ix":7},"sk":{"a":0,"k":0,"ix":4},"sa":{"a":0,"k":0,"ix":5},"nm":"Transform"}],"nm":"Group 12","np":2,"cix":2,"bm":0,"ix":12,"mn":"ADBE Vector Group","hd":false},{"ty":"gr","it":[{"ind":0,"ty":"sh","ix":1,"ks":{"a":0,"k":{"i":[[2.388,-1.408],[-2.477,1.259]],"o":[[2.383,-1.408],[-2.478,1.26]],"v":[[-3.643,2.005],[3.643,-2.005]],"c":true},"ix":2},"nm":"Path 1","mn":"ADBE Vector Shape - Group","hd":false},{"ty":"fl","c":{"a":0,"k":[0.294000004787,0.282000014361,0.277999997606,1],"ix":4},"o":{"a":0,"k":100,"ix":5},"r":1,"bm":0,"nm":"Fill 1","mn":"ADBE Vector Graphic - Fill","hd":false},{"ty":"tr","p":{"a":0,"k":[69.444,16.69],"ix":2},"a":{"a":0,"k":[0,0],"ix":1},"s":{"a":0,"k":[100,100],"ix":3},"r":{"a":0,"k":0,"ix":6},"o":{"a":0,"k":100,"ix":7},"sk":{"a":0,"k":0,"ix":4},"sa":{"a":0,"k":0,"ix":5},"nm":"Transform"}],"nm":"Group 13","np":2,"cix":2,"bm":0,"ix":13,"mn":"ADBE Vector Group","hd":false},{"ty":"gr","it":[{"ind":0,"ty":"sh","ix":1,"ks":{"a":0,"k":{"i":[[-1.262,2.485],[1.412,-2.391]],"o":[[-1.262,2.482],[1.412,-2.393]],"v":[[2.01,-3.652],[-2.01,3.652]],"c":true},"ix":2},"nm":"Path 1","mn":"ADBE Vector Shape - Group","hd":false},{"ty":"fl","c":{"a":0,"k":[0.294000004787,0.282000014361,0.277999997606,1],"ix":4},"o":{"a":0,"k":100,"ix":5},"r":1,"bm":0,"nm":"Fill 1","mn":"ADBE Vector Graphic - Fill","hd":false},{"ty":"tr","p":{"a":0,"k":[249.237,196.47],"ix":2},"a":{"a":0,"k":[0,0],"ix":1},"s":{"a":0,"k":[100,100],"ix":3},"r":{"a":0,"k":0,"ix":6},"o":{"a":0,"k":100,"ix":7},"sk":{"a":0,"k":0,"ix":4},"sa":{"a":0,"k":0,"ix":5},"nm":"Transform"}],"nm":"Group 14","np":2,"cix":2,"bm":0,"ix":14,"mn":"ADBE Vector Group","hd":false},{"ty":"gr","it":[{"ind":0,"ty":"sh","ix":1,"ks":{"a":0,"k":{"i":[[-0.996,2.609],[1.153,-2.524]],"o":[[-0.996,2.606],[1.153,-2.527]],"v":[[1.601,-3.854],[-1.601,3.854]],"c":true},"ix":2},"nm":"Path 1","mn":"ADBE Vector Shape - Group","hd":false},{"ty":"fl","c":{"a":0,"k":[0.294000004787,0.282000014361,0.277999997606,1],"ix":4},"o":{"a":0,"k":100,"ix":5},"r":1,"bm":0,"nm":"Fill 1","mn":"ADBE Vector Graphic - Fill","hd":false},{"ty":"tr","p":{"a":0,"k":[255.258,183.97],"ix":2},"a":{"a":0,"k":[0,0],"ix":1},"s":{"a":0,"k":[100,100],"ix":3},"r":{"a":0,"k":0,"ix":6},"o":{"a":0,"k":100,"ix":7},"sk":{"a":0,"k":0,"ix":4},"sa":{"a":0,"k":0,"ix":5},"nm":"Transform"}],"nm":"Group 15","np":2,"cix":2,"bm":0,"ix":15,"mn":"ADBE Vector Group","hd":false},{"ty":"gr","it":[{"ind":0,"ty":"sh","ix":1,"ks":{"a":0,"k":{"i":[[0,-73.295],[73.295,0],[0,73.295],[-73.294,0]],"o":[[0,73.295],[-73.294,0],[0,-73.295],[73.295,0]],"v":[[132.712,0],[-0.001,132.712],[-132.712,0],[-0.001,-132.712]],"c":true},"ix":2},"nm":"Path 1","mn":"ADBE Vector Shape - Group","hd":false},{"ty":"fl","c":{"a":0,"k":[0.545000023935,0.536999990426,0.528999956916,1],"ix":4},"o":{"a":0,"k":100,"ix":5},"r":1,"bm":0,"nm":"Fill 1","mn":"ADBE Vector Graphic - Fill","hd":false},{"ty":"tr","p":{"a":0,"k":[132.962,132.962],"ix":2},"a":{"a":0,"k":[0,0],"ix":1},"s":{"a":0,"k":[100,100],"ix":3},"r":{"a":0,"k":0,"ix":6},"o":{"a":0,"k":100,"ix":7},"sk":{"a":0,"k":0,"ix":4},"sa":{"a":0,"k":0,"ix":5},"nm":"Transform"}],"nm":"Group 16","np":2,"cix":2,"bm":0,"ix":16,"mn":"ADBE Vector Group","hd":false}],"ip":0,"op":107,"st":-60,"bm":0},{"ddd":0,"ind":10,"ty":4,"nm":"back","parent":5,"sr":1,"ks":{"o":{"a":0,"k":100,"ix":11},"r":{"a":0,"k":0,"ix":10},"p":{"a":1,"k":[{"i":{"x":0.4,"y":1},"o":{"x":0.6,"y":0},"t":0,"s":[82.746,-197.955,0],"to":[0.006,-1.031,0],"ti":[0,0,0]},{"i":{"x":0.4,"y":1},"o":{"x":0.167,"y":0},"t":8,"s":[82.783,-204.142,0],"to":[0,0,0],"ti":[0,0,0]},{"i":{"x":0.4,"y":1},"o":{"x":0.6,"y":0},"t":15,"s":[82.746,-197.955,0],"to":[0,0,0],"ti":[0,0,0]},{"i":{"x":0.4,"y":1},"o":{"x":0.167,"y":0},"t":23,"s":[82.783,-204.142,0],"to":[0,0,0],"ti":[0,0,0]},{"i":{"x":0.4,"y":1},"o":{"x":0.6,"y":0},"t":30,"s":[82.746,-197.955,0],"to":[0,0,0],"ti":[0,0,0]},{"i":{"x":0.4,"y":1},"o":{"x":0.167,"y":0},"t":38,"s":[82.783,-204.142,0],"to":[0,0,0],"ti":[0,0,0]},{"i":{"x":0.4,"y":1},"o":{"x":0.6,"y":0},"t":45,"s":[82.746,-197.955,0],"to":[0,0,0],"ti":[0,0,0]},{"i":{"x":0.4,"y":1},"o":{"x":0.167,"y":0},"t":53,"s":[82.783,-204.142,0],"to":[0,0,0],"ti":[0.006,-1.031,0]},{"t":60,"s":[82.746,-197.955,0]}],"ix":2,"l":2},"a":{"a":0,"k":[33.82,34.132,0],"ix":1,"l":2},"s":{"a":0,"k":[90,90,100],"ix":6,"l":2}},"ao":0,"shapes":[{"ty":"gr","it":[{"ind":0,"ty":"sh","ix":1,"ks":{"a":0,"k":{"i":[[-4.877,0],[-12.459,-3.884],[-1.826,6.029],[0,0],[15.874,3.675],[3.651,-15.875],[0,0],[0.003,0.187]],"o":[[13.721,0],[1.893,0.589],[0,0],[3.709,-15.795],[-15.874,-3.663],[0,0],[-0.186,0.019],[0.091,5.744]],"v":[[-23.848,27.317],[15.572,33.293],[25.459,24.227],[29.861,5.149],[7.765,-30.219],[-27.601,-8.111],[-33.384,16.95],[-33.495,19.859]],"c":true},"ix":2},"nm":"Path 1","mn":"ADBE Vector Shape - Group","hd":false},{"ty":"fl","c":{"a":0,"k":[0.4,0.395999983245,0.39199999641,1],"ix":4},"o":{"a":0,"k":100,"ix":5},"r":1,"bm":0,"nm":"Fill 1","mn":"ADBE Vector Graphic - Fill","hd":false},{"ty":"tr","p":{"a":0,"k":[33.82,34.132],"ix":2},"a":{"a":0,"k":[0,0],"ix":1},"s":{"a":0,"k":[100,100],"ix":3},"r":{"a":0,"k":0,"ix":6},"o":{"a":0,"k":100,"ix":7},"sk":{"a":0,"k":0,"ix":4},"sa":{"a":0,"k":0,"ix":5},"nm":"Transform"}],"nm":"Group 1","np":2,"cix":2,"bm":0,"ix":1,"mn":"ADBE Vector Group","hd":false}],"ip":0,"op":107,"st":-60,"bm":0},{"ddd":0,"ind":11,"ty":4,"nm":"mecha","parent":10,"sr":1,"ks":{"o":{"a":0,"k":100,"ix":11},"r":{"a":0,"k":-1.3,"ix":10},"p":{"a":0,"k":[38.321,16.399,0],"ix":2,"l":2},"a":{"a":0,"k":[-13.5,-126.53,0],"ix":1,"l":2},"s":{"a":0,"k":[100.971,99.047,100],"ix":6,"l":2}},"ao":0,"shapes":[{"ty":"gr","it":[{"ind":0,"ty":"sh","ix":1,"ks":{"a":0,"k":{"i":[[0,0],[-31.742,-14.019],[-20.025,-12.369],[0,0]],"o":[[0,0],[30,13.25],[8.5,5.25],[0,0]],"v":[[-13.5,-126],[41,-140],[79.25,-88.25],[97.25,-85.75]],"c":false},"ix":2},"nm":"Path 1","mn":"ADBE Vector Shape - Group","hd":false},{"ty":"tm","s":{"a":0,"k":0,"ix":1},"e":{"a":1,"k":[{"i":{"x":[0.833],"y":[0.833]},"o":{"x":[0.167],"y":[0.167]},"t":0,"s":[100]},{"i":{"x":[0.833],"y":[0.833]},"o":{"x":[0.167],"y":[0.167]},"t":60,"s":[36]},{"t":75,"s":[100]}],"ix":2},"o":{"a":0,"k":0,"ix":3},"m":1,"ix":2,"nm":"Trim Paths 1","mn":"ADBE Vector Filter - Trim","hd":false},{"ty":"st","c":{"a":0,"k":[0.658823549747,0.533333361149,0.396078467369,1],"ix":3},"o":{"a":0,"k":100,"ix":4},"w":{"a":0,"k":24,"ix":5},"lc":2,"lj":1,"ml":4,"bm":0,"nm":"Stroke 1","mn":"ADBE Vector Graphic - Stroke","hd":false},{"ty":"tr","p":{"a":0,"k":[0,0],"ix":2},"a":{"a":0,"k":[0,0],"ix":1},"s":{"a":0,"k":[100,100],"ix":3},"r":{"a":0,"k":0,"ix":6},"o":{"a":0,"k":100,"ix":7},"sk":{"a":0,"k":0,"ix":4},"sa":{"a":0,"k":0,"ix":5},"nm":"Transform"}],"nm":"Shape 1","np":4,"cix":2,"bm":0,"ix":1,"mn":"ADBE Vector Group","hd":false}],"ip":0,"op":107,"st":-60,"bm":0},{"ddd":0,"ind":12,"ty":4,"nm":"fire5","parent":13,"sr":1,"ks":{"o":{"a":0,"k":100,"ix":11},"r":{"a":0,"k":-10,"ix":10},"p":{"a":0,"k":[81.28,87.702,0],"ix":2,"l":2},"a":{"a":0,"k":[51.25,51.25,0],"ix":1,"l":2},"s":{"a":1,"k":[{"i":{"x":[0,0,0],"y":[1,1,1]},"o":{"x":[0.167,0.167,0.167],"y":[0,0,0]},"t":98,"s":[116.279,116.279,100]},{"t":102,"s":[116.279,116.279,100]}],"ix":6,"l":2}},"ao":0,"shapes":[{"ty":"gr","it":[{"ind":0,"ty":"sh","ix":1,"ks":{"a":0,"k":{"i":[[0,0],[0,0],[0,0],[0,0],[0,0],[0,0],[0,0],[0,0],[0,0],[0,0],[0,0],[0,0],[0,0],[0,0],[0,0],[0,0]],"o":[[0,0],[0,0],[0,0],[0,0],[0,0],[0,0],[0,0],[0,0],[0,0],[0,0],[0,0],[0,0],[0,0],[0,0],[0,0],[0,0]],"v":[[0,-51],[11.71,-28.271],[36.063,-36.062],[28.271,-11.71],[51,0],[28.271,11.71],[36.063,36.063],[11.71,28.271],[0,51],[-11.71,28.271],[-36.063,36.063],[-28.271,11.71],[-51,0],[-28.271,-11.71],[-36.063,-36.062],[-11.71,-28.271]],"c":true},"ix":2},"nm":"Path 1","mn":"ADBE Vector Shape - Group","hd":false},{"ty":"fl","c":{"a":0,"k":[0.984000052658,0.819999964097,0.337000020345,1],"ix":4},"o":{"a":0,"k":100,"ix":5},"r":1,"bm":0,"nm":"Fill 1","mn":"ADBE Vector Graphic - Fill","hd":false},{"ty":"tr","p":{"a":0,"k":[51.25,51.25],"ix":2},"a":{"a":0,"k":[0,0],"ix":1},"s":{"a":0,"k":[100,100],"ix":3},"r":{"a":0,"k":0,"ix":6},"o":{"a":0,"k":100,"ix":7},"sk":{"a":0,"k":0,"ix":4},"sa":{"a":0,"k":0,"ix":5},"nm":"Transform"}],"nm":"Group 1","np":2,"cix":2,"bm":0,"ix":1,"mn":"ADBE Vector Group","hd":false}],"ip":98,"op":104,"st":40,"bm":0},{"ddd":0,"ind":13,"ty":4,"nm":"fire4","parent":10,"sr":1,"ks":{"o":{"a":0,"k":100,"ix":11},"r":{"a":0,"k":10,"ix":10},"p":{"a":0,"k":[149.543,53.769,0],"ix":2,"l":2},"a":{"a":0,"k":[86.25,86.25,0],"ix":1,"l":2},"s":{"a":1,"k":[{"i":{"x":[0,0,0],"y":[1,1,1]},"o":{"x":[0.167,0.167,0.167],"y":[0,0,0]},"t":98,"s":[140,140,100]},{"t":102,"s":[86,86,100]}],"ix":6,"l":2}},"ao":0,"shapes":[{"ty":"gr","it":[{"ind":0,"ty":"sh","ix":1,"ks":{"a":0,"k":{"i":[[0,0],[0,0],[0,0],[0,0],[0,0],[0,0],[0,0],[0,0],[0,0],[0,0],[0,0],[0,0],[0,0],[0,0],[0,0],[0,0]],"o":[[0,0],[0,0],[0,0],[0,0],[0,0],[0,0],[0,0],[0,0],[0,0],[0,0],[0,0],[0,0],[0,0],[0,0],[0,0],[0,0]],"v":[[0,-86],[19.746,-47.672],[60.812,-60.811],[47.672,-19.747],[86,0],[47.672,19.747],[60.812,60.811],[19.746,47.672],[0,86],[-19.746,47.672],[-60.812,60.811],[-47.672,19.747],[-86,0],[-47.672,-19.747],[-60.812,-60.811],[-19.746,-47.672]],"c":true},"ix":2},"nm":"Path 1","mn":"ADBE Vector Shape - Group","hd":false},{"ty":"fl","c":{"a":0,"k":[0.936999990426,0.352999997606,0.165000002992,1],"ix":4},"o":{"a":0,"k":100,"ix":5},"r":1,"bm":0,"nm":"Fill 1","mn":"ADBE Vector Graphic - Fill","hd":false},{"ty":"tr","p":{"a":0,"k":[86.25,86.25],"ix":2},"a":{"a":0,"k":[0,0],"ix":1},"s":{"a":0,"k":[100,100],"ix":3},"r":{"a":0,"k":0,"ix":6},"o":{"a":0,"k":100,"ix":7},"sk":{"a":0,"k":0,"ix":4},"sa":{"a":0,"k":0,"ix":5},"nm":"Transform"}],"nm":"Group 1","np":2,"cix":2,"bm":0,"ix":1,"mn":"ADBE Vector Group","hd":false}],"ip":98,"op":104,"st":40,"bm":0},{"ddd":0,"ind":14,"ty":4,"nm":"fire1","parent":15,"sr":1,"ks":{"o":{"a":0,"k":100,"ix":11},"r":{"a":1,"k":[{"i":{"x":[0.39],"y":[1]},"o":{"x":[0.61],"y":[0]},"t":0,"s":[-10]},{"i":{"x":[0.39],"y":[1]},"o":{"x":[0.61],"y":[0]},"t":7,"s":[0]},{"i":{"x":[0.39],"y":[1]},"o":{"x":[0.61],"y":[0]},"t":15,"s":[-10]},{"i":{"x":[0.833],"y":[1]},"o":{"x":[0.61],"y":[0]},"t":23,"s":[-20]},{"i":{"x":[0.39],"y":[1]},"o":{"x":[0.61],"y":[0]},"t":30,"s":[-10]},{"i":{"x":[0.39],"y":[1]},"o":{"x":[0.61],"y":[0]},"t":37,"s":[0]},{"i":{"x":[0.39],"y":[1]},"o":{"x":[0.61],"y":[0]},"t":45,"s":[-10]},{"i":{"x":[0.39],"y":[1]},"o":{"x":[0.61],"y":[0]},"t":53,"s":[-20]},{"i":{"x":[0.39],"y":[1]},"o":{"x":[0.167],"y":[0]},"t":60,"s":[-10]},{"i":{"x":[0.39],"y":[1]},"o":{"x":[0.61],"y":[0]},"t":67,"s":[0]},{"t":74,"s":[-10]}],"ix":10},"p":{"a":0,"k":[81.28,87.702,0],"ix":2,"l":2},"a":{"a":0,"k":[51.25,51.25,0],"ix":1,"l":2},"s":{"a":1,"k":[{"i":{"x":[0.39,0.39,0.39],"y":[1,1,1]},"o":{"x":[0.61,0.61,0.61],"y":[0,0,0]},"t":0,"s":[116.279,116.279,100]},{"i":{"x":[0.39,0.39,0.39],"y":[1,1,1]},"o":{"x":[0.61,0.61,0.61],"y":[0,0,0]},"t":7,"s":[100,100,100]},{"i":{"x":[0.39,0.39,0.39],"y":[1,1,1]},"o":{"x":[0.61,0.61,0.61],"y":[0,0,0]},"t":15,"s":[116.279,116.279,100]},{"i":{"x":[0.833,0.833,0.833],"y":[1,1,1]},"o":{"x":[0.61,0.61,0.61],"y":[0,0,0]},"t":23,"s":[100,100,100]},{"i":{"x":[0.39,0.39,0.39],"y":[1,1,1]},"o":{"x":[0.61,0.61,0.61],"y":[0,0,0]},"t":30,"s":[116.279,116.279,100]},{"i":{"x":[0.39,0.39,0.39],"y":[1,1,1]},"o":{"x":[0.61,0.61,0.61],"y":[0,0,0]},"t":37,"s":[100,100,100]},{"i":{"x":[0.39,0.39,0.39],"y":[1,1,1]},"o":{"x":[0.61,0.61,0.61],"y":[0,0,0]},"t":45,"s":[116.279,116.279,100]},{"i":{"x":[0.39,0.39,0.39],"y":[1,1,1]},"o":{"x":[0.61,0.61,0.61],"y":[0,0,0]},"t":53,"s":[100,100,100]},{"i":{"x":[0.39,0.39,0.39],"y":[1,1,1]},"o":{"x":[0.167,0.167,0.167],"y":[0,0,0]},"t":60,"s":[116.279,116.279,100]},{"i":{"x":[0.39,0.39,0.39],"y":[1,1,1]},"o":{"x":[0.61,0.61,0.61],"y":[0,0,0]},"t":67,"s":[100,100,100]},{"t":74,"s":[116.279,116.279,100]}],"ix":6,"l":2}},"ao":0,"shapes":[{"ty":"gr","it":[{"ind":0,"ty":"sh","ix":1,"ks":{"a":0,"k":{"i":[[0,0],[0,0],[0,0],[0,0],[0,0],[0,0],[0,0],[0,0],[0,0],[0,0],[0,0],[0,0],[0,0],[0,0],[0,0],[0,0]],"o":[[0,0],[0,0],[0,0],[0,0],[0,0],[0,0],[0,0],[0,0],[0,0],[0,0],[0,0],[0,0],[0,0],[0,0],[0,0],[0,0]],"v":[[0,-51],[11.71,-28.271],[36.063,-36.062],[28.271,-11.71],[51,0],[28.271,11.71],[36.063,36.063],[11.71,28.271],[0,51],[-11.71,28.271],[-36.063,36.063],[-28.271,11.71],[-51,0],[-28.271,-11.71],[-36.063,-36.062],[-11.71,-28.271]],"c":true},"ix":2},"nm":"Path 1","mn":"ADBE Vector Shape - Group","hd":false},{"ty":"fl","c":{"a":0,"k":[0.984000052658,0.819999964097,0.337000020345,1],"ix":4},"o":{"a":0,"k":100,"ix":5},"r":1,"bm":0,"nm":"Fill 1","mn":"ADBE Vector Graphic - Fill","hd":false},{"ty":"tr","p":{"a":0,"k":[51.25,51.25],"ix":2},"a":{"a":0,"k":[0,0],"ix":1},"s":{"a":0,"k":[100,100],"ix":3},"r":{"a":0,"k":0,"ix":6},"o":{"a":0,"k":100,"ix":7},"sk":{"a":0,"k":0,"ix":4},"sa":{"a":0,"k":0,"ix":5},"nm":"Transform"}],"nm":"Group 1","np":2,"cix":2,"bm":0,"ix":1,"mn":"ADBE Vector Group","hd":false}],"ip":0,"op":74,"st":-60,"bm":0},{"ddd":0,"ind":15,"ty":4,"nm":"fire2","parent":10,"sr":1,"ks":{"o":{"a":0,"k":100,"ix":11},"r":{"a":1,"k":[{"i":{"x":[0.39],"y":[1]},"o":{"x":[0.61],"y":[0]},"t":0,"s":[10]},{"i":{"x":[0.39],"y":[1]},"o":{"x":[0.61],"y":[0]},"t":8,"s":[0]},{"i":{"x":[0.39],"y":[1]},"o":{"x":[0.61],"y":[0]},"t":16,"s":[-10]},{"i":{"x":[0.833],"y":[1]},"o":{"x":[0.167],"y":[0]},"t":23,"s":[0]},{"i":{"x":[0.39],"y":[1]},"o":{"x":[0.61],"y":[0]},"t":30,"s":[10]},{"i":{"x":[0.39],"y":[1]},"o":{"x":[0.61],"y":[0]},"t":38,"s":[0]},{"i":{"x":[0.39],"y":[1]},"o":{"x":[0.61],"y":[0]},"t":46,"s":[-10]},{"i":{"x":[0.833],"y":[1]},"o":{"x":[0.167],"y":[0]},"t":53,"s":[0]},{"i":{"x":[0.39],"y":[1]},"o":{"x":[0.61],"y":[0]},"t":60,"s":[10]},{"i":{"x":[0.39],"y":[1]},"o":{"x":[0.61],"y":[0]},"t":67,"s":[0]},{"t":74,"s":[-10]}],"ix":10},"p":{"a":1,"k":[{"i":{"x":0.833,"y":0.83},"o":{"x":0.46,"y":0},"t":0,"s":[149.543,53.769,0],"to":[-3.646,-0.983,0],"ti":[7.434,7.46,0]},{"i":{"x":0.833,"y":0.815},"o":{"x":0.167,"y":0.165},"t":16,"s":[127.669,47.869,0],"to":[-7.434,-7.46,0],"ti":[7.039,8.15,0]},{"i":{"x":0.54,"y":1},"o":{"x":0.167,"y":0.138},"t":46,"s":[104.939,9.01,0],"to":[-7.039,-8.15,0],"ti":[-7.434,-7.46,0]},{"i":{"x":0.54,"y":1},"o":{"x":0.46,"y":0},"t":60,"s":[85.438,-1.03,0],"to":[7.434,7.46,0],"ti":[-10.684,-9.133,0]},{"t":75,"s":[149.543,53.769,0]}],"ix":2,"l":2},"a":{"a":0,"k":[86.25,86.25,0],"ix":1,"l":2},"s":{"a":1,"k":[{"i":{"x":[0.39,0.39,0.39],"y":[1,1,1]},"o":{"x":[0.61,0.61,0.61],"y":[0,0,0]},"t":0,"s":[86,86,100]},{"i":{"x":[0.39,0.39,0.39],"y":[1,1,1]},"o":{"x":[0.61,0.61,0.61],"y":[0,0,0]},"t":8,"s":[100,100,100]},{"i":{"x":[0.39,0.39,0.39],"y":[1,1,1]},"o":{"x":[0.61,0.61,0.61],"y":[0,0,0]},"t":16,"s":[86,86,100]},{"i":{"x":[0.833,0.833,0.833],"y":[1,1,1]},"o":{"x":[0.167,0.167,0.167],"y":[0,0,0]},"t":23,"s":[100,100,100]},{"i":{"x":[0.39,0.39,0.39],"y":[1,1,1]},"o":{"x":[0.61,0.61,0.61],"y":[0,0,0]},"t":30,"s":[86,86,100]},{"i":{"x":[0.39,0.39,0.39],"y":[1,1,1]},"o":{"x":[0.61,0.61,0.61],"y":[0,0,0]},"t":38,"s":[100,100,100]},{"i":{"x":[0.39,0.39,0.39],"y":[1,1,1]},"o":{"x":[0.61,0.61,0.61],"y":[0,0,0]},"t":46,"s":[86,86,100]},{"i":{"x":[0.39,0.39,0.39],"y":[1,1,1]},"o":{"x":[0.167,0.167,0.167],"y":[0,0,0]},"t":53,"s":[100,100,100]},{"i":{"x":[0.39,0.39,0.39],"y":[1,1,1]},"o":{"x":[0.61,0.61,0.61],"y":[0,0,0]},"t":60,"s":[86,86,100]},{"i":{"x":[0.39,0.39,0.39],"y":[1,1,1]},"o":{"x":[0.167,0.167,0.167],"y":[0,0,0]},"t":67,"s":[100,100,100]},{"t":74,"s":[86,86,100]}],"ix":6,"l":2}},"ao":0,"shapes":[{"ty":"gr","it":[{"ind":0,"ty":"sh","ix":1,"ks":{"a":0,"k":{"i":[[0,0],[0,0],[0,0],[0,0],[0,0],[0,0],[0,0],[0,0],[0,0],[0,0],[0,0],[0,0],[0,0],[0,0],[0,0],[0,0]],"o":[[0,0],[0,0],[0,0],[0,0],[0,0],[0,0],[0,0],[0,0],[0,0],[0,0],[0,0],[0,0],[0,0],[0,0],[0,0],[0,0]],"v":[[0,-86],[19.746,-47.672],[60.812,-60.811],[47.672,-19.747],[86,0],[47.672,19.747],[60.812,60.811],[19.746,47.672],[0,86],[-19.746,47.672],[-60.812,60.811],[-47.672,19.747],[-86,0],[-47.672,-19.747],[-60.812,-60.811],[-19.746,-47.672]],"c":true},"ix":2},"nm":"Path 1","mn":"ADBE Vector Shape - Group","hd":false},{"ty":"fl","c":{"a":0,"k":[0.936999990426,0.352999997606,0.165000002992,1],"ix":4},"o":{"a":0,"k":100,"ix":5},"r":1,"bm":0,"nm":"Fill 1","mn":"ADBE Vector Graphic - Fill","hd":false},{"ty":"tr","p":{"a":0,"k":[86.25,86.25],"ix":2},"a":{"a":0,"k":[0,0],"ix":1},"s":{"a":0,"k":[100,100],"ix":3},"r":{"a":0,"k":0,"ix":6},"o":{"a":0,"k":100,"ix":7},"sk":{"a":0,"k":0,"ix":4},"sa":{"a":0,"k":0,"ix":5},"nm":"Transform"}],"nm":"Group 1","np":2,"cix":2,"bm":0,"ix":1,"mn":"ADBE Vector Group","hd":false}],"ip":0,"op":74,"st":-60,"bm":0}],"markers":[]}