{"v":"5.7.4","fr":30,"ip":0,"op":61,"w":500,"h":500,"nm":"dunkey_20210305","ddd":0,"assets":[],"layers":[{"ddd":0,"ind":1,"ty":4,"nm":"dunkey_sombranariz","sr":1,"ks":{"o":{"a":0,"k":100,"ix":11},"r":{"a":1,"k":[{"i":{"x":[0.4],"y":[1]},"o":{"x":[0.6],"y":[0]},"t":10,"s":[0]},{"i":{"x":[0.4],"y":[1]},"o":{"x":[0.6],"y":[0]},"t":20,"s":[-6]},{"i":{"x":[0.4],"y":[1]},"o":{"x":[0.6],"y":[0]},"t":30,"s":[11]},{"t":40,"s":[0]}],"ix":10},"p":{"a":0,"k":[295.769,181.165,0],"ix":2,"l":2},"a":{"a":0,"k":[148.916,-68.585,0],"ix":1,"l":2},"s":{"a":0,"k":[100,100,100],"ix":6,"l":2}},"ao":0,"shapes":[{"ty":"gr","it":[{"ind":0,"ty":"sh","ix":1,"ks":{"a":0,"k":{"i":[[7.226,0],[0,-11.714],[-5.519,-3.83],[0,4.487],[-11.712,0],[-3.429,-2.378]],"o":[[-11.715,0],[0,7.226],[-2.377,-3.426],[0,-11.713],[4.486,0],[-3.83,-5.521]],"v":[[2.043,-19.165],[-19.166,2.043],[-9.801,19.165],[-13.884,7.324],[7.323,-13.884],[19.166,-9.798]],"c":true},"ix":2},"nm":"Path 1","mn":"ADBE Vector Shape - Group","hd":false},{"ty":"mm","mm":4,"nm":"Merge Paths 1","mn":"ADBE Vector Filter - Merge","hd":false},{"ty":"fl","c":{"a":0,"k":[0.541000007181,0.532999973671,0.525,1],"ix":4},"o":{"a":0,"k":100,"ix":5},"r":1,"bm":0,"nm":"Fill 1","mn":"ADBE Vector Graphic - Fill","hd":false},{"ty":"tr","p":{"a":0,"k":[19.416,19.415],"ix":2},"a":{"a":0,"k":[0,0],"ix":1},"s":{"a":0,"k":[100,100],"ix":3},"r":{"a":0,"k":0,"ix":6},"o":{"a":0,"k":100,"ix":7},"sk":{"a":0,"k":0,"ix":4},"sa":{"a":0,"k":0,"ix":5},"nm":"Transform"}],"nm":"Group 1","np":3,"cix":2,"bm":0,"ix":1,"mn":"ADBE Vector Group","hd":false},{"ty":"gr","it":[{"ind":0,"ty":"sh","ix":1,"ks":{"a":0,"k":{"i":[[-2.434,-2.241],[-2.246,2.429],[2.436,2.24]],"o":[[2.436,2.24],[2.246,-2.429],[-2.434,-2.241]],"v":[[-4.143,4.397],[4.331,4.057],[3.99,-4.396]],"c":true},"ix":2},"nm":"Path 1","mn":"ADBE Vector Shape - Group","hd":false},{"ty":"mm","mm":4,"nm":"Merge Paths 1","mn":"ADBE Vector Filter - Merge","hd":false},{"ty":"fl","c":{"a":0,"k":[0.19199999641,0.180000005984,0.169000004787,1],"ix":4},"o":{"a":0,"k":100,"ix":5},"r":1,"bm":0,"nm":"Fill 1","mn":"ADBE Vector Graphic - Fill","hd":false},{"ty":"tr","p":{"a":0,"k":[21.134,23.156],"ix":2},"a":{"a":0,"k":[0,0],"ix":1},"s":{"a":0,"k":[100,100],"ix":3},"r":{"a":0,"k":0,"ix":6},"o":{"a":0,"k":100,"ix":7},"sk":{"a":0,"k":0,"ix":4},"sa":{"a":0,"k":0,"ix":5},"nm":"Transform"}],"nm":"Group 2","np":3,"cix":2,"bm":0,"ix":2,"mn":"ADBE Vector Group","hd":false}],"ip":0,"op":65,"st":0,"bm":0},{"ddd":0,"ind":2,"ty":4,"nm":"dunkey_oreja","sr":1,"ks":{"o":{"a":0,"k":100,"ix":11},"r":{"a":1,"k":[{"i":{"x":[0.4],"y":[1]},"o":{"x":[0.6],"y":[0]},"t":10,"s":[0]},{"i":{"x":[0.4],"y":[1]},"o":{"x":[0.6],"y":[0]},"t":20,"s":[-14]},{"i":{"x":[0.4],"y":[1]},"o":{"x":[0.6],"y":[0]},"t":30,"s":[16]},{"t":40,"s":[0]}],"ix":10},"p":{"a":0,"k":[295.063,182.171,0],"ix":2,"l":2},"a":{"a":0,"k":[39.282,83.641,0],"ix":1,"l":2},"s":{"a":0,"k":[100,100,100],"ix":6,"l":2}},"ao":0,"shapes":[{"ty":"gr","it":[{"ind":0,"ty":"sh","ix":1,"ks":{"a":0,"k":{"i":[[1.323,-1.467],[0,0],[0,0],[-3.119,4.398],[-0.234,14.459]],"o":[[-34.771,38.486],[0,0],[4.1,3.502],[21.824,-30.773],[0.032,-1.978]],"v":[[17.267,-45.424],[-21.031,40.146],[-17.237,43.389],[-3.768,41.759],[20.999,-43.945]],"c":true},"ix":2},"nm":"Path 1","mn":"ADBE Vector Shape - Group","hd":false},{"ty":"mm","mm":4,"nm":"Merge Paths 1","mn":"ADBE Vector Filter - Merge","hd":false},{"ty":"fl","c":{"a":0,"k":[0.859000052658,0.620000023935,0.620000023935,1],"ix":4},"o":{"a":0,"k":100,"ix":5},"r":1,"bm":0,"nm":"Fill 1","mn":"ADBE Vector Graphic - Fill","hd":false},{"ty":"tr","p":{"a":0,"k":[21.281,47.141],"ix":2},"a":{"a":0,"k":[0,0],"ix":1},"s":{"a":0,"k":[100,100],"ix":3},"r":{"a":0,"k":0,"ix":6},"o":{"a":0,"k":100,"ix":7},"sk":{"a":0,"k":0,"ix":4},"sa":{"a":0,"k":0,"ix":5},"nm":"Transform"}],"nm":"Group 1","np":3,"cix":2,"bm":0,"ix":1,"mn":"ADBE Vector Group","hd":false}],"ip":0,"op":65,"st":0,"bm":0},{"ddd":0,"ind":3,"ty":4,"nm":"Shape Layer 5","parent":4,"sr":1,"ks":{"o":{"a":1,"k":[{"i":{"x":[0],"y":[1]},"o":{"x":[0.167],"y":[0.167]},"t":36,"s":[100]},{"t":39,"s":[0]}],"ix":11},"r":{"a":1,"k":[{"i":{"x":[0],"y":[1]},"o":{"x":[0.167],"y":[0.167]},"t":26,"s":[10.115]},{"t":39,"s":[100.115]}],"ix":10},"p":{"a":0,"k":[29.483,12.558,0],"ix":2,"l":2},"a":{"a":0,"k":[-216,29.5,0],"ix":1,"l":2},"s":{"a":1,"k":[{"i":{"x":[0,0,0],"y":[1,1,1]},"o":{"x":[0.167,0.167,0.167],"y":[0.167,0.167,0]},"t":26,"s":[0,0,100]},{"t":39,"s":[84.12,84.12,100]}],"ix":6,"l":2}},"ao":0,"shapes":[{"ty":"gr","it":[{"ty":"sr","sy":1,"d":1,"pt":{"a":0,"k":4,"ix":3},"p":{"a":0,"k":[0,0],"ix":4},"r":{"a":0,"k":0,"ix":5},"ir":{"a":0,"k":10.008,"ix":6},"is":{"a":0,"k":0,"ix":8},"or":{"a":0,"k":20.016,"ix":7},"os":{"a":0,"k":0,"ix":9},"ix":1,"nm":"Polystar Path 1","mn":"ADBE Vector Shape - Star","hd":false},{"ty":"fl","c":{"a":0,"k":[1,1,1,1],"ix":4},"o":{"a":0,"k":100,"ix":5},"r":1,"bm":0,"nm":"Fill 1","mn":"ADBE Vector Graphic - Fill","hd":false},{"ty":"tr","p":{"a":0,"k":[-216,29.5],"ix":2},"a":{"a":0,"k":[0,0],"ix":1},"s":{"a":0,"k":[100,100],"ix":3},"r":{"a":0,"k":0,"ix":6},"o":{"a":0,"k":100,"ix":7},"sk":{"a":0,"k":0,"ix":4},"sa":{"a":0,"k":0,"ix":5},"nm":"Transform"}],"nm":"Polystar 1","np":3,"cix":2,"bm":0,"ix":1,"mn":"ADBE Vector Group","hd":false}],"ip":26,"op":39,"st":-4,"bm":0},{"ddd":0,"ind":4,"ty":4,"nm":"dunkey_ojo","parent":1,"sr":1,"ks":{"o":{"a":0,"k":100,"ix":11},"r":{"a":0,"k":-21,"ix":10},"p":{"a":0,"k":[85.523,-31.872,0],"ix":2,"l":2},"a":{"a":0,"k":[15.379,15.379,0],"ix":1,"l":2},"s":{"a":1,"k":[{"i":{"x":[0.4,0.4,0.4],"y":[1,1,1]},"o":{"x":[0.6,0.6,0.6],"y":[0,0,0]},"t":16,"s":[100,100,100]},{"i":{"x":[0.4,0.4,0.4],"y":[1,1,1]},"o":{"x":[0.6,0.6,0.6],"y":[0,0,0]},"t":20,"s":[100,20,100]},{"i":{"x":[0.833,0.833,0.833],"y":[1,1,1]},"o":{"x":[0.167,0.167,0.167],"y":[0,0,0]},"t":24,"s":[100,100,100]},{"i":{"x":[0.833,0.833,0.833],"y":[1,1,1]},"o":{"x":[0.167,0.167,0.167],"y":[0,0,0]},"t":30,"s":[120,120,100]},{"t":40,"s":[100,100,100]}],"ix":6,"l":2}},"ao":0,"shapes":[{"ty":"gr","it":[{"ind":0,"ty":"sh","ix":1,"ks":{"a":0,"k":{"i":[[8.356,0],[0,8.356],[-8.354,0],[0,-8.356]],"o":[[-8.354,0],[0,-8.356],[8.356,0],[0,8.356]],"v":[[-0.001,15.129],[-15.129,0],[-0.001,-15.129],[15.129,0]],"c":true},"ix":2},"nm":"Path 1","mn":"ADBE Vector Shape - Group","hd":false},{"ty":"mm","mm":4,"nm":"Merge Paths 1","mn":"ADBE Vector Filter - Merge","hd":false},{"ty":"fl","c":{"a":0,"k":[0.19199999641,0.180000005984,0.169000004787,1],"ix":4},"o":{"a":0,"k":100,"ix":5},"r":1,"bm":0,"nm":"Fill 1","mn":"ADBE Vector Graphic - Fill","hd":false},{"ty":"tr","p":{"a":0,"k":[15.379,15.38],"ix":2},"a":{"a":0,"k":[0,0],"ix":1},"s":{"a":0,"k":[100,100],"ix":3},"r":{"a":0,"k":0,"ix":6},"o":{"a":0,"k":100,"ix":7},"sk":{"a":0,"k":0,"ix":4},"sa":{"a":0,"k":0,"ix":5},"nm":"Transform"}],"nm":"Group 1","np":3,"cix":2,"bm":0,"ix":1,"mn":"ADBE Vector Group","hd":false}],"ip":0,"op":65,"st":0,"bm":0},{"ddd":0,"ind":5,"ty":4,"nm":"dunkey_claro","sr":1,"ks":{"o":{"a":0,"k":100,"ix":11},"r":{"a":0,"k":0,"ix":10},"p":{"a":0,"k":[211.979,291.221,0],"ix":2,"l":2},"a":{"a":0,"k":[89.154,122.545,0],"ix":1,"l":2},"s":{"a":0,"k":[100,100,100],"ix":6,"l":2}},"ao":0,"shapes":[{"ty":"gr","it":[{"ind":0,"ty":"sh","ix":1,"ks":{"a":1,"k":[{"i":{"x":0.4,"y":1},"o":{"x":0.6,"y":0},"t":10,"s":[{"i":[[-10.516,-5.484],[4.909,-16.082],[3.354,-2.681],[14.473,0],[7.426,14.834],[-3.204,8.074],[-0.406,1.157],[0,1.45],[-11.713,0],[-1.798,-0.641],[-0.155,0.132],[0,0],[-0.967,-9.847]],"o":[[10.516,5.484],[-10.943,-5.427],[-11.698,10.83],[-15.426,0],[-3.013,-6.022],[0.47,-1.182],[-0.034,-0.666],[0,-11.711],[2.904,0],[0.164,-0.12],[0,0],[5.18,7.754],[1.391,14.163]],"v":[[-6.245,-44.662],[11.112,-8.846],[-13.969,-3.241],[-48.584,13.736],[-84.715,-6.404],[-85.699,-33.053],[-84.412,-36.557],[-84.46,-39.389],[-63.252,-60.596],[-56.492,-59.606],[-55.967,-59.911],[-23.76,-95.152],[-24.972,-67.186]],"c":true}]},{"i":{"x":0.4,"y":1},"o":{"x":0.6,"y":0},"t":20,"s":[{"i":[[-10.969,-4.51],[3.433,-16.46],[3.097,-2.974],[14.414,-1.31],[8.735,14.103],[-2.466,8.329],[-0.3,1.189],[0.131,1.444],[-11.665,1.06],[-1.849,-0.476],[-0.142,0.145],[0,0],[-1.855,-9.719]],"o":[[10.969,4.51],[-11.389,-4.414],[-10.669,11.845],[-15.363,1.397],[-3.546,-5.724],[0.361,-1.22],[-0.094,-0.66],[-1.06,-11.663],[2.892,-0.263],[0.152,-0.134],[0,0],[5.861,7.253],[2.668,13.979]],"v":[[0.222,-36.82],[20.751,-2.723],[-3.721,5.13],[-36.656,25.171],[-74.462,8.385],[-77.855,-18.065],[-76.891,-21.672],[-77.195,-24.488],[-57.994,-47.528],[-51.172,-47.154],[-50.677,-47.506],[-21.793,-85.517],[-20.467,-57.556]],"c":true}]},{"i":{"x":0.4,"y":1},"o":{"x":0.6,"y":0},"t":30,"s":[{"i":[[-9.279,-7.387],[7.882,-14.852],[8.603,-2.271],[14.208,2.756],[4.461,15.978],[-4.688,7.313],[-0.619,1.058],[-0.276,1.423],[-11.499,-2.231],[-1.643,-0.972],[-0.177,0.1],[0,0],[0.926,-9.851]],"o":[[9.279,7.387],[-10.352,-5.322],[-15.381,2.071],[-15.144,-2.938],[-1.811,-6.486],[0.687,-1.071],[0.093,-0.66],[2.23,-11.497],[2.851,0.553],[0.184,-0.087],[0,0],[3.609,8.598],[-1.332,14.169]],"v":[[-17.462,-63.166],[3.306,-11.74],[-31.635,-11.229],[-69.89,-11.401],[-101.783,-40.553],[-97.674,-66.901],[-95.743,-70.097],[-95.251,-72.886],[-70.392,-89.666],[-63.944,-87.407],[-63.371,-87.606],[-25.042,-116.068],[-31.557,-88.844]],"c":true}]},{"t":40,"s":[{"i":[[-10.516,-5.484],[4.909,-16.082],[3.354,-2.681],[14.473,0],[7.426,14.834],[-3.204,8.074],[-0.406,1.157],[0,1.45],[-11.713,0],[-1.798,-0.641],[-0.155,0.132],[0,0],[-0.967,-9.847]],"o":[[10.516,5.484],[-10.943,-5.427],[-11.698,10.83],[-15.426,0],[-3.013,-6.022],[0.47,-1.182],[-0.034,-0.666],[0,-11.711],[2.904,0],[0.164,-0.12],[0,0],[5.18,7.754],[1.391,14.163]],"v":[[-6.245,-44.662],[11.112,-8.846],[-13.969,-3.241],[-48.584,13.737],[-84.715,-6.404],[-85.699,-33.053],[-84.412,-36.557],[-84.46,-39.389],[-63.252,-60.596],[-56.492,-59.606],[-55.967,-59.911],[-23.76,-95.152],[-24.972,-67.186]],"c":true}]}],"ix":2},"nm":"Path 1","mn":"ADBE Vector Shape - Group","hd":false},{"ty":"mm","mm":4,"nm":"Merge Paths 1","mn":"ADBE Vector Filter - Merge","hd":false},{"ty":"fl","c":{"a":0,"k":[0.741000007181,0.736999990426,0.722000002394,1],"ix":4},"o":{"a":0,"k":100,"ix":5},"r":1,"bm":0,"nm":"Fill 1","mn":"ADBE Vector Graphic - Fill","hd":false},{"ty":"tr","p":{"a":0,"k":[172.997,13.053],"ix":2},"a":{"a":0,"k":[83.742,-111.794],"ix":1},"s":{"a":0,"k":[100,100],"ix":3},"r":{"a":0,"k":0.219,"ix":6},"o":{"a":0,"k":100,"ix":7},"sk":{"a":0,"k":0,"ix":4},"sa":{"a":0,"k":0,"ix":5},"nm":"Transform"}],"nm":"Group 1","np":3,"cix":2,"bm":0,"ix":1,"mn":"ADBE Vector Group","hd":false},{"ty":"gr","it":[{"ind":0,"ty":"sh","ix":1,"ks":{"a":0,"k":{"i":[[8.506,17.778],[0,0],[0.104,-0.057],[0,0],[0,0]],"o":[[-12.169,-25.432],[-0.103,0.056],[-63.21,34.652],[0,0],[0,0]],"v":[[46.748,-9.193],[8.247,-33.299],[7.956,-33.13],[-54.249,34.625],[30.026,34.625]],"c":true},"ix":2},"nm":"Path 1","mn":"ADBE Vector Shape - Group","hd":false},{"ty":"mm","mm":4,"nm":"Merge Paths 1","mn":"ADBE Vector Filter - Merge","hd":false},{"ty":"fl","c":{"a":0,"k":[0.741000007181,0.736999990426,0.722000002394,1],"ix":4},"o":{"a":0,"k":100,"ix":5},"r":1,"bm":0,"nm":"Fill 1","mn":"ADBE Vector Graphic - Fill","hd":false},{"ty":"tr","p":{"a":0,"k":[86.383,210.214],"ix":2},"a":{"a":0,"k":[0,0],"ix":1},"s":{"a":0,"k":[100,100],"ix":3},"r":{"a":0,"k":0,"ix":6},"o":{"a":0,"k":100,"ix":7},"sk":{"a":0,"k":0,"ix":4},"sa":{"a":0,"k":0,"ix":5},"nm":"Transform"}],"nm":"Group 2","np":3,"cix":2,"bm":0,"ix":2,"mn":"ADBE Vector Group","hd":false}],"ip":0,"op":65,"st":0,"bm":0},{"ddd":0,"ind":6,"ty":4,"nm":"dunkey_sombra","sr":1,"ks":{"o":{"a":0,"k":100,"ix":11},"r":{"a":0,"k":0,"ix":10},"p":{"a":0,"k":[250.963,298.159,0],"ix":2,"l":2},"a":{"a":0,"k":[29.067,17.183,0],"ix":1,"l":2},"s":{"a":0,"k":[100,100,100],"ix":6,"l":2}},"ao":0,"shapes":[{"ty":"gr","it":[{"ind":0,"ty":"sh","ix":1,"ks":{"a":0,"k":{"i":[[-4.245,0.371],[-0.479,0.057],[-0.136,0.017],[0,0],[5.673,3.874],[0.17,0.121],[0,0],[-0.122,-0.102],[0.302,-4.759],[0,0]],"o":[[0.492,-0.043],[0.137,-0.017],[28.831,-3.726],[-26.728,21.604],[-0.232,-0.157],[-0.436,-0.315],[0.126,0.093],[6.522,5.503],[-0.046,0.736],[5.19,0.891]],"v":[[-8.891,16.562],[-7.524,16.318],[-7.148,16.229],[28.817,-16.933],[-27.53,-13.026],[-27.921,-13.303],[-28.817,-13.955],[-28.494,-13.577],[-22.911,14.707],[-22.995,15.899]],"c":true},"ix":2},"nm":"Path 1","mn":"ADBE Vector Shape - Group","hd":false},{"ty":"mm","mm":4,"nm":"Merge Paths 1","mn":"ADBE Vector Filter - Merge","hd":false},{"ty":"fl","c":{"a":0,"k":[0.4,0.39199999641,0.388000009574,1],"ix":4},"o":{"a":0,"k":100,"ix":5},"r":1,"bm":0,"nm":"Fill 1","mn":"ADBE Vector Graphic - Fill","hd":false},{"ty":"tr","p":{"a":0,"k":[29.067,17.183],"ix":2},"a":{"a":0,"k":[0,0],"ix":1},"s":{"a":0,"k":[100,100],"ix":3},"r":{"a":0,"k":0,"ix":6},"o":{"a":0,"k":100,"ix":7},"sk":{"a":0,"k":0,"ix":4},"sa":{"a":0,"k":0,"ix":5},"nm":"Transform"}],"nm":"Group 1","np":3,"cix":2,"bm":0,"ix":1,"mn":"ADBE Vector Group","hd":false}],"ip":0,"op":65,"st":0,"bm":0},{"ddd":0,"ind":7,"ty":4,"nm":"dunkey_cuerpo 2","sr":1,"ks":{"o":{"a":0,"k":100,"ix":11},"r":{"a":0,"k":0,"ix":10},"p":{"a":0,"k":[269.828,249.047,0],"ix":2,"l":2},"a":{"a":0,"k":[84.833,164.718,0],"ix":1,"l":2},"s":{"a":0,"k":[100,100,100],"ix":6,"l":2}},"ao":0,"shapes":[{"ty":"gr","it":[{"ind":0,"ty":"sh","ix":1,"ks":{"a":1,"k":[{"i":{"x":0.4,"y":1},"o":{"x":0.6,"y":0},"t":10,"s":[{"i":[[0.337,29.046],[13.946,23.592],[1.215,0.644],[-0.288,15.923],[9.15,1.406],[1.616,-1.789],[3.898,-18.81],[6.034,-0.164],[10.755,-10.502],[0,0],[0,0],[11.61,-9.794],[-2,-6.324],[-28.15,-2.81],[-15.579,-4.703],[1.448,-23.365],[13.267,-7.495],[0.131,-0.113],[0,0],[0,0]],"o":[[-0.328,-28.216],[-24.062,-40.705],[13.587,-30.267],[0.041,-2.271],[-13.043,-2.004],[-26.688,29.54],[-5.521,-0.619],[-5.886,0.403],[-5.567,5.436],[0,0],[-3.306,1.594],[-4.741,3.999],[-12.75,26.426],[41.538,4.147],[0.019,0.015],[-0.327,5.278],[-65.153,36.808],[0.104,-0.057],[-5.22,-22.129],[2.188,-6.264]],"v":[[88.5,63.654],[67.984,-19.857],[24.335,-67.545],[43.088,-152.749],[33.272,-167.968],[14.27,-161.145],[-24.988,-84.215],[-40.997,-84.454],[-75.583,-72.06],[-82.928,-57.162],[-117.022,-21.156],[-138.813,-15.018],[-146.078,3.762],[-117.241,62.791],[-53.874,38.641],[-46.776,62.068],[-62.675,96.63],[-119.286,169.963],[76.218,170.218],[77.244,118.713]],"c":true}]},{"i":{"x":0.4,"y":1},"o":{"x":0.6,"y":0},"t":20,"s":[{"i":[[1.172,23.534],[13.946,23.592],[1.266,0.537],[3.452,15.547],[9.225,-0.778],[1.152,-2.118],[2.267,-19.075],[5.998,-0.682],[9.813,-11.388],[0,0],[0,0],[10.725,-10.756],[-2.536,-6.129],[-28.288,-0.38],[-15.925,-3.347],[0.598,-4.465],[13.267,-7.495],[0.131,-0.113],[0,0],[-2.428,17.525]],"o":[[-1.404,-28.183],[-24.062,-40.705],[10.936,-31.323],[-0.492,-2.217],[-13.15,1.108],[-19.023,34.971],[-5.554,-0.142],[-5.83,0.907],[-5.079,5.895],[0,0],[-3.157,1.872],[-4.379,4.392],[-10.432,27.424],[41.741,0.561],[0.02,0.013],[-0.552,4.12],[-65.153,36.808],[0.104,-0.057],[-5.22,-22.129],[2.428,-17.525]],"v":[[87,54.154],[69.984,-23.857],[24.313,-67.601],[22.74,-155.087],[9.631,-167.582],[-7.243,-156.496],[-26.261,-79.97],[-42.231,-78.833],[-75.624,-63.512],[-81.661,-48.038],[-112.534,-9.235],[-133.717,-1.247],[-139.341,18.088],[-105.538,74.42],[-44.481,44.914],[-47.276,62.068],[-62.675,96.63],[-119.286,169.963],[76.218,170.218],[74.744,117.713]],"c":true}]},{"i":{"x":0.4,"y":1},"o":{"x":0.6,"y":0},"t":30,"s":[{"i":[[-1.328,22.034],[11.634,24.814],[1.063,0.872],[-4.572,15.255],[8.432,3.822],[2.039,-1.286],[7.547,-17.665],[5.947,1.035],[12.623,-8.163],[0,0],[0,0],[13.321,-7.3],[-0.707,-6.595],[-25.19,-12.877],[-24.454,-14.953],[1.448,-23.365],[13.267,-7.495],[0.131,-0.113],[0,0],[0,0]],"o":[[1.442,-23.932],[-21.312,-45.455],[19.315,-26.975],[0.652,-2.176],[-12.019,-5.448],[-33.667,21.246],[-5.289,-1.701],[-5.849,-0.771],[-6.534,4.225],[0,0],[-3.556,0.907],[-5.439,2.981],[-17.733,23.376],[37.709,19.276],[0.019,0.015],[-0.327,5.278],[-65.153,36.808],[0.104,-0.057],[-5.22,-22.129],[2.188,-6.264]],"v":[[87,64.154],[71.484,-11.857],[24.556,-67.29],[65.591,-144.29],[60.245,-161.592],[40.107,-160.148],[-20.486,-93.402],[-36.131,-96.808],[-72.486,-91.512],[-82.638,-78.365],[-123.19,-49.828],[-145.765,-48.129],[-156.607,-31.161],[-140.037,32.412],[-53.874,38.641],[-46.776,62.068],[-62.675,96.63],[-119.286,169.963],[76.218,170.218],[77.244,118.713]],"c":true}]},{"t":40,"s":[{"i":[[0.337,29.046],[13.946,23.592],[1.215,0.644],[-0.288,15.923],[9.15,1.406],[1.616,-1.789],[3.898,-18.81],[6.034,-0.164],[10.755,-10.502],[0,0],[0,0],[11.61,-9.794],[-2,-6.324],[-28.15,-2.81],[-15.579,-4.703],[1.448,-23.365],[13.267,-7.495],[0.131,-0.113],[0,0],[0,0]],"o":[[-0.328,-28.216],[-24.062,-40.705],[13.587,-30.267],[0.041,-2.271],[-13.043,-2.004],[-26.688,29.54],[-5.521,-0.619],[-5.886,0.403],[-5.567,5.436],[0,0],[-3.306,1.594],[-4.741,3.999],[-12.75,26.426],[41.538,4.147],[0.019,0.015],[-0.327,5.278],[-65.153,36.808],[0.104,-0.057],[-5.22,-22.129],[2.188,-6.264]],"v":[[88.5,63.654],[67.984,-19.857],[24.335,-67.545],[43.088,-152.749],[33.272,-167.968],[14.27,-161.145],[-24.988,-84.215],[-40.997,-84.454],[-75.583,-72.06],[-82.928,-57.162],[-117.022,-21.156],[-138.813,-15.018],[-146.078,3.762],[-117.241,62.791],[-53.874,38.641],[-46.776,62.068],[-62.675,96.63],[-119.286,169.963],[76.218,170.218],[77.244,118.713]],"c":true}]}],"ix":2},"nm":"Path 1","mn":"ADBE Vector Shape - Group","hd":false},{"ty":"mm","mm":4,"nm":"Merge Paths 1","mn":"ADBE Vector Filter - Merge","hd":false},{"ty":"st","c":{"a":0,"k":[0.294117647059,0.282352941176,0.278431372549,1],"ix":3},"o":{"a":0,"k":100,"ix":4},"w":{"a":0,"k":10,"ix":5},"lc":2,"lj":2,"bm":0,"nm":"Stroke 1","mn":"ADBE Vector Graphic - Stroke","hd":false},{"ty":"fl","c":{"a":0,"k":[0.541000007181,0.532999973671,0.525,1],"ix":4},"o":{"a":0,"k":100,"ix":5},"r":1,"bm":0,"nm":"Fill 1","mn":"ADBE Vector Graphic - Fill","hd":false},{"ty":"tr","p":{"a":0,"k":[85.333,164.983],"ix":2},"a":{"a":0,"k":[0,0],"ix":1},"s":{"a":0,"k":[100,100],"ix":3},"r":{"a":0,"k":0,"ix":6},"o":{"a":0,"k":100,"ix":7},"sk":{"a":0,"k":0,"ix":4},"sa":{"a":0,"k":0,"ix":5},"nm":"Transform"}],"nm":"Group 1","np":4,"cix":2,"bm":0,"ix":1,"mn":"ADBE Vector Group","hd":false}],"ip":0,"op":65,"st":0,"bm":0},{"ddd":0,"ind":9,"ty":4,"nm":"dunkey_oreja","sr":1,"ks":{"o":{"a":0,"k":100,"ix":11},"r":{"a":1,"k":[{"i":{"x":[0.4],"y":[1]},"o":{"x":[0.6],"y":[0]},"t":11,"s":[0]},{"i":{"x":[0.4],"y":[1]},"o":{"x":[0.6],"y":[0]},"t":21,"s":[-13]},{"i":{"x":[0.4],"y":[1]},"o":{"x":[0.6],"y":[0]},"t":31,"s":[34]},{"t":41,"s":[0]}],"ix":10},"p":{"a":0,"k":[253.643,169.106,0],"ix":2,"l":2},"a":{"a":0,"k":[70.506,87.144,0],"ix":1,"l":2},"s":{"a":0,"k":[100,100,100],"ix":6,"l":2}},"ao":0,"shapes":[{"ty":"gr","it":[{"ind":0,"ty":"sh","ix":1,"ks":{"a":0,"k":{"i":[[-0.01,-0.01],[-1.983,0.323],[-1.404,5.462],[-5.176,-4.861],[-1.87,7.27],[-4.307,-2.982],[0,0],[1.31,0.042],[0.687,-0.536],[0.157,-2.144],[-1.44,-9.787],[-9.946,-9.323]],"o":[[2.104,-0.472],[-1.369,-2.571],[0,0],[-3.211,-4.367],[0,0],[0,0],[-2.55,-5.374],[-0.804,0.288],[-1.69,1.323],[-0.806,11.285],[0.981,4.861],[0.01,0.01]],"v":[[-2.315,35.53],[3.614,34.547],[2.982,22.808],[15.083,30.492],[10.998,12.848],[19.545,17.558],[-6.396,-29.289],[-12.702,-35.53],[-15.081,-34.631],[-18.739,-27.729],[-17.352,3.862],[-2.329,35.5]],"c":true},"ix":2},"nm":"Path 1","mn":"ADBE Vector Shape - Group","hd":false},{"ty":"mm","mm":4,"nm":"Merge Paths 1","mn":"ADBE Vector Filter - Merge","hd":false},{"ty":"fl","c":{"a":0,"k":[0.541000007181,0.532999973671,0.525,1],"ix":4},"o":{"a":0,"k":100,"ix":5},"r":1,"bm":0,"nm":"Fill 1","mn":"ADBE Vector Graphic - Fill","hd":false},{"ty":"tr","p":{"a":0,"k":[28.824,45.316],"ix":2},"a":{"a":0,"k":[0,0],"ix":1},"s":{"a":0,"k":[100,100],"ix":3},"r":{"a":0,"k":0,"ix":6},"o":{"a":0,"k":100,"ix":7},"sk":{"a":0,"k":0,"ix":4},"sa":{"a":0,"k":0,"ix":5},"nm":"Transform"}],"nm":"Group 1","np":3,"cix":2,"bm":0,"ix":1,"mn":"ADBE Vector Group","hd":false},{"ty":"gr","it":[{"ind":0,"ty":"sh","ix":1,"ks":{"a":0,"k":{"i":[[0.899,-2.188],[7.501,12.998],[0,0.001],[1.481,0.228],[3.071,-2.405],[0.337,-4.816],[-0.112,-4.69],[-0.91,-6.417],[-16,-14]],"o":[[-7.008,-11.655],[0,-0.001],[-5.337,-10.299],[-3.862,0.234],[-3.804,2.989],[-0.334,4.635],[0.149,6.213],[1.269,6.681],[0,0]],"v":[[36.857,39.894],[-7.995,-36.886],[-7.997,-36.887],[-19.447,-48.894],[-30.152,-44.998],[-37.421,-31.295],[-37.596,-17.295],[-35.979,1.644],[-12.143,48.894]],"c":true},"ix":2},"nm":"Path 1","mn":"ADBE Vector Shape - Group","hd":false},{"ty":"mm","mm":4,"nm":"Merge Paths 1","mn":"ADBE Vector Filter - Merge","hd":false},{"ty":"fl","c":{"a":0,"k":[0.294000004787,0.282000014361,0.277999997606,1],"ix":4},"o":{"a":0,"k":100,"ix":5},"r":1,"bm":0,"nm":"Fill 1","mn":"ADBE Vector Graphic - Fill","hd":false},{"ty":"tr","p":{"a":0,"k":[38.005,49.144],"ix":2},"a":{"a":0,"k":[0,0],"ix":1},"s":{"a":0,"k":[100,100],"ix":3},"r":{"a":0,"k":0,"ix":6},"o":{"a":0,"k":100,"ix":7},"sk":{"a":0,"k":0,"ix":4},"sa":{"a":0,"k":0,"ix":5},"nm":"Transform"}],"nm":"Group 2","np":3,"cix":2,"bm":0,"ix":2,"mn":"ADBE Vector Group","hd":false}],"ip":0,"op":65,"st":1,"bm":0},{"ddd":0,"ind":11,"ty":4,"nm":"dunkey_unidadcresta","sr":1,"ks":{"o":{"a":0,"k":100,"ix":11},"r":{"a":0,"k":0,"ix":10},"p":{"a":0,"k":[352.859,215.233,0],"ix":2,"l":2},"a":{"a":0,"k":[15.793,12.653,0],"ix":1,"l":2},"s":{"a":0,"k":[100,100,100],"ix":6,"l":2}},"ao":0,"shapes":[{"ty":"gr","it":[{"ind":0,"ty":"sh","ix":1,"ks":{"a":0,"k":{"i":[[0,0],[8.584,-5.887],[0,0],[-8.584,5.887]],"o":[[0,0],[-8.585,5.887],[0,0],[8.585,-5.888]],"v":[[15.544,-10.66],[4.469,6.516],[-15.544,10.66],[-4.469,-6.515]],"c":true},"ix":2},"nm":"Path 1","mn":"ADBE Vector Shape - Group","hd":false},{"ty":"fl","c":{"a":0,"k":[0.294000004787,0.282000014361,0.277999997606,1],"ix":4},"o":{"a":0,"k":100,"ix":5},"r":1,"bm":0,"nm":"Fill 1","mn":"ADBE Vector Graphic - Fill","hd":false},{"ty":"tr","p":{"a":0,"k":[15.794,12.653],"ix":2},"a":{"a":0,"k":[0,0],"ix":1},"s":{"a":0,"k":[100,100],"ix":3},"r":{"a":0,"k":0,"ix":6},"o":{"a":0,"k":100,"ix":7},"sk":{"a":0,"k":0,"ix":4},"sa":{"a":0,"k":0,"ix":5},"nm":"Transform"}],"nm":"Group 1","np":4,"cix":2,"bm":0,"ix":1,"mn":"ADBE Vector Group","hd":false}],"ip":0,"op":65,"st":0,"bm":0},{"ddd":0,"ind":12,"ty":4,"nm":"dunkey_cresta","sr":1,"ks":{"o":{"a":0,"k":100,"ix":11},"r":{"a":0,"k":0,"ix":10},"p":{"a":0,"k":[249.113,250,0],"ix":2,"l":2},"a":{"a":0,"k":[136.293,174.25,0],"ix":1,"l":2},"s":{"a":0,"k":[100,100,100],"ix":6,"l":2}},"ao":0,"shapes":[{"ty":"gr","it":[{"ind":0,"ty":"sh","ix":1,"ks":{"a":0,"k":{"i":[[6.915,0.49],[-4.945,4.379],[7.736,0.006],[-4.453,4.96],[7.063,-0.396],[-4.104,5.808],[6.396,-0.742],[-2.323,5.382],[6.559,-2.613],[0.001,0.003],[-0.247,0.163],[-1.94,7.019],[6.206,-3.614],[0.153,0.242],[-0.34,0.34],[-0.506,7.265],[4.585,-2.921],[-0.425,6.095],[5.494,-5.285],[-0.457,6.563],[5.379,-4.838],[-0.452,6.486],[5.553,-5.553],[0.07,-0.071],[0,0],[7.655,-16.4],[-7.566,32.926],[-4.719,4.182],[4.04,0.873],[-0.024,0.21],[0,0],[-4.881,4.326],[5.649,0.658],[-4.867,4.312]],"o":[[6.962,-0.585],[-5.471,-4.672],[6.933,-1.344],[-5.537,-3.728],[7.375,-1.951],[-5.468,-2.821],[5.022,-3.46],[-6.423,-1.769],[-0.001,-0.002],[0.249,-0.154],[6.546,-4.337],[-6.702,-0.882],[-0.151,-0.245],[0.351,-0.318],[5.554,-5.553],[-5.264,0.367],[3.9,-5.06],[-7.09,0.494],[4.521,-5.284],[-6.785,0.471],[4.415,-5.25],[-7.265,0.506],[-0.07,0.07],[0,0],[-8.497,-19.661],[-0.054,-0.004],[6.276,-0.793],[-3.993,-3.409],[0.026,-0.209],[0,0],[6.853,-0.64],[-4.609,-3.936],[6.802,-0.656],[-4.988,-4.26]],"v":[[119.265,30.8],[136.043,22.866],[117.336,15.388],[134.706,5.604],[115.446,0.354],[132.812,-11.959],[114.684,-15.011],[126.047,-28.331],[106.151,-27.184],[106.15,-27.189],[106.933,-27.512],[119.48,-45.352],[99.652,-41.37],[99.238,-42.115],[100.38,-42.881],[109.127,-62.862],[94.293,-57.564],[101.022,-74.534],[81.49,-66.087],[89.026,-84.261],[70.277,-76.339],[77.678,-94.312],[57.698,-85.564],[57.54,-85.329],[63.884,-108.339],[-18.415,14.179],[115.818,75.053],[128.212,66.84],[118.419,60.702],[118.516,60.08],[118.524,60.583],[131.479,52.242],[119.571,45.784],[132.476,37.455]],"c":true},"ix":2},"nm":"Path 1","mn":"ADBE Vector Shape - Group","hd":false},{"ty":"mm","mm":4,"nm":"Merge Paths 1","mn":"ADBE Vector Filter - Merge","hd":false},{"ty":"fl","c":{"a":0,"k":[0.294000004787,0.282000014361,0.277999997606,1],"ix":4},"o":{"a":0,"k":100,"ix":5},"r":1,"bm":0,"nm":"Fill 1","mn":"ADBE Vector Graphic - Fill","hd":false},{"ty":"tr","p":{"a":0,"k":[136.293,174.25],"ix":2},"a":{"a":0,"k":[0,0],"ix":1},"s":{"a":0,"k":[100,100],"ix":3},"r":{"a":0,"k":0,"ix":6},"o":{"a":0,"k":100,"ix":7},"sk":{"a":0,"k":0,"ix":4},"sa":{"a":0,"k":0,"ix":5},"nm":"Transform"}],"nm":"Group 1","np":3,"cix":2,"bm":0,"ix":1,"mn":"ADBE Vector Group","hd":false}],"ip":0,"op":65,"st":0,"bm":0}],"markers":[]}