{"v":"5.7.6","fr":60,"ip":0,"op":120,"w":500,"h":500,"nm":"Ghost","ddd":0,"assets":[],"layers":[{"ddd":0,"ind":1,"ty":4,"nm":"Layer 5","parent":4,"sr":1,"ks":{"o":{"a":0,"k":100,"ix":11},"r":{"a":0,"k":0,"ix":10},"p":{"a":0,"k":[1,67.129,0],"ix":2,"l":2},"a":{"a":0,"k":[1,-48,0],"ix":1,"l":2},"s":{"a":1,"k":[{"i":{"x":[0.667,0.667,0.667],"y":[1,1,1]},"o":{"x":[0.333,0.333,0.333],"y":[0,0,0]},"t":35,"s":[34,34,100]},{"i":{"x":[0.667,0.667,0.667],"y":[1,1,1]},"o":{"x":[0.333,0.333,0.333],"y":[0,0,0]},"t":38,"s":[100,100,100]},{"i":{"x":[0.667,0.667,0.667],"y":[1,1,1]},"o":{"x":[0.333,0.333,0.333],"y":[0,0,0]},"t":71,"s":[95,95,100]},{"i":{"x":[0.667,0.667,0.667],"y":[1,1,1]},"o":{"x":[0.333,0.333,0.333],"y":[0,0,0]},"t":107,"s":[100,100,100]},{"t":110,"s":[34,34,100]}],"ix":6,"l":2}},"ao":0,"shapes":[{"ty":"gr","it":[{"ind":0,"ty":"sh","ix":1,"ks":{"a":1,"k":[{"i":{"x":0.667,"y":1},"o":{"x":0.333,"y":0},"t":40,"s":[{"i":[[0,0],[-3.429,-18.737],[-3.448,-8.417],[-3.419,-4.529],[-6.92,0],[-5.678,7.508],[-3.603,19.804],[8.371,0]],"o":[[-8.406,0],[2.009,11.014],[2.724,6.657],[5.677,7.508],[6.918,0],[7.756,-10.292],[3.397,-18.684],[0,0]],"v":[[-26.046,-48.971],[-36.65,-9.076],[-28.37,20.297],[-19.109,37.188],[-0.006,48.971],[19.097,37.188],[36.67,-9.249],[26.03,-48.971]],"c":true}]},{"i":{"x":0.667,"y":1},"o":{"x":0.333,"y":0},"t":70,"s":[{"i":[[0,0],[-3.429,-18.737],[-3.448,-8.417],[-3.419,-4.529],[-6.92,0],[-5.678,7.508],[-3.603,19.804],[8.371,0]],"o":[[-8.406,0],[2.009,11.014],[2.724,6.657],[5.677,7.508],[6.918,0],[7.756,-10.292],[3.397,-18.684],[0,0]],"v":[[-26.046,-48.971],[-36.65,-9.076],[-28.37,30.806],[-19.109,47.697],[-0.006,59.481],[19.097,47.697],[36.67,-9.249],[26.03,-48.971]],"c":true}]},{"t":105,"s":[{"i":[[0,0],[-3.429,-18.737],[-3.448,-8.417],[-3.419,-4.529],[-6.92,0],[-5.678,7.508],[-3.603,19.804],[8.371,0]],"o":[[-8.406,0],[2.009,11.014],[2.724,6.657],[5.677,7.508],[6.918,0],[7.756,-10.292],[3.397,-18.684],[0,0]],"v":[[-26.046,-48.971],[-36.65,-9.076],[-28.37,20.297],[-19.109,37.188],[-0.006,48.971],[19.097,37.188],[36.67,-9.249],[26.03,-48.971]],"c":true}]}],"ix":2},"nm":"Path 1","mn":"ADBE Vector Shape - Group","hd":false},{"ty":"fl","c":{"a":0,"k":[0.188235297799,0.176470592618,0.168627455831,1],"ix":4},"o":{"a":0,"k":100,"ix":5},"r":1,"bm":0,"nm":"Fill 1","mn":"ADBE Vector Graphic - Fill","hd":false},{"ty":"tr","p":{"a":0,"k":[0,0],"ix":2},"a":{"a":0,"k":[0,0],"ix":1},"s":{"a":0,"k":[100,100],"ix":3},"r":{"a":0,"k":0,"ix":6},"o":{"a":0,"k":100,"ix":7},"sk":{"a":0,"k":0,"ix":4},"sa":{"a":0,"k":0,"ix":5},"nm":"Transform"}],"nm":"Group 1","np":2,"cix":2,"bm":0,"ix":1,"mn":"ADBE Vector Group","hd":false}],"ip":36,"op":111,"st":0,"bm":0},{"ddd":0,"ind":2,"ty":4,"nm":"Layer 4","parent":4,"sr":1,"ks":{"o":{"a":1,"k":[{"i":{"x":[0.667],"y":[1]},"o":{"x":[0.333],"y":[0]},"t":35,"s":[100]},{"i":{"x":[0.667],"y":[1]},"o":{"x":[0.333],"y":[0]},"t":38,"s":[0]},{"i":{"x":[0.833],"y":[0.833]},"o":{"x":[0.333],"y":[0]},"t":109,"s":[0]},{"t":112,"s":[100]}],"ix":11},"r":{"a":0,"k":0,"ix":10},"p":{"a":0,"k":[0,74.191,0],"ix":2,"l":2},"a":{"a":0,"k":[0,0,0],"ix":1,"l":2},"s":{"a":0,"k":[100,100,100],"ix":6,"l":2}},"ao":0,"shapes":[{"ty":"gr","it":[{"ind":0,"ty":"sh","ix":1,"ks":{"a":1,"k":[{"i":{"x":0.667,"y":1},"o":{"x":0.167,"y":0.167},"t":0,"s":[{"i":[[0,0],[6.046,0],[0,0],[0,6.04],[0,0],[-6.045,0],[0,0],[0,-6.041]],"o":[[0,6.04],[0,0],[-6.045,0],[0,0],[0,-6.041],[0,0],[6.046,0],[0,0]],"v":[[76.562,0],[65.625,10.938],[-65.625,10.938],[-76.562,0],[-76.562,0],[-65.625,-10.938],[65.625,-10.938],[76.562,0]],"c":true}]},{"i":{"x":0.667,"y":1},"o":{"x":0.333,"y":0},"t":36,"s":[{"i":[[0,0],[6.046,0],[0,0],[0,6.04],[0,0],[-6.045,0],[0,0],[0,-6.041]],"o":[[0,6.04],[0,0],[-6.045,0],[0,0],[0,-6.041],[0,0],[6.046,0],[0,0]],"v":[[36.562,0],[25.625,10.938],[-25.625,10.938],[-36.562,0],[-36.562,0],[-25.625,-10.938],[25.625,-10.938],[36.562,0]],"c":true}]},{"i":{"x":0.833,"y":0.833},"o":{"x":0.333,"y":0},"t":109,"s":[{"i":[[0,0],[6.046,0],[0,0],[0,6.04],[0,0],[-6.045,0],[0,0],[0,-6.041]],"o":[[0,6.04],[0,0],[-6.045,0],[0,0],[0,-6.041],[0,0],[6.046,0],[0,0]],"v":[[36.562,0],[25.625,10.938],[-25.625,10.938],[-36.562,0],[-36.562,0],[-25.625,-10.938],[25.625,-10.938],[36.562,0]],"c":true}]},{"i":{"x":0.833,"y":0.833},"o":{"x":0.167,"y":0.167},"t":113,"s":[{"i":[[0,0],[6.046,0],[0,0],[0,6.04],[0,0],[-6.045,0],[0,0],[0,-6.041]],"o":[[0,6.04],[0,0],[-6.045,0],[0,0],[0,-6.041],[0,0],[6.046,0],[0,0]],"v":[[76.562,0],[65.625,10.938],[-65.625,10.938],[-76.562,0],[-76.562,0],[-65.625,-10.938],[65.625,-10.938],[76.562,0]],"c":true}]},{"t":120,"s":[{"i":[[0,0],[6.046,0],[0,0],[0,6.04],[0,0],[-6.045,0],[0,0],[0,-6.041]],"o":[[0,6.04],[0,0],[-6.045,0],[0,0],[0,-6.041],[0,0],[6.046,0],[0,0]],"v":[[76.562,0],[65.625,10.938],[-65.625,10.938],[-76.562,0],[-76.562,0],[-65.625,-10.938],[65.625,-10.938],[76.562,0]],"c":true}]}],"ix":2},"nm":"Path 1","mn":"ADBE Vector Shape - Group","hd":false},{"ty":"fl","c":{"a":0,"k":[0.188235297799,0.176470592618,0.168627455831,1],"ix":4},"o":{"a":0,"k":100,"ix":5},"r":1,"bm":0,"nm":"Fill 1","mn":"ADBE Vector Graphic - Fill","hd":false},{"ty":"tr","p":{"a":0,"k":[0,0],"ix":2},"a":{"a":0,"k":[0,0],"ix":1},"s":{"a":0,"k":[100,100],"ix":3},"r":{"a":0,"k":0,"ix":6},"o":{"a":0,"k":100,"ix":7},"sk":{"a":0,"k":0,"ix":4},"sa":{"a":0,"k":0,"ix":5},"nm":"Transform"}],"nm":"Group 1","np":2,"cix":2,"bm":0,"ix":1,"mn":"ADBE Vector Group","hd":false}],"ip":0,"op":180,"st":0,"bm":0},{"ddd":0,"ind":3,"ty":4,"nm":"Layer 3","parent":4,"sr":1,"ks":{"o":{"a":0,"k":100,"ix":11},"r":{"a":0,"k":0,"ix":10},"p":{"a":0,"k":[0,-31.403,0],"ix":2,"l":2},"a":{"a":0,"k":[250.001,218.597,0],"ix":1,"l":2},"s":{"a":1,"k":[{"i":{"x":[0.667,0.667,0.667],"y":[1,1,1]},"o":{"x":[0.167,0.167,0.167],"y":[0.167,0,3.665]},"t":0,"s":[100,100,100]},{"i":{"x":[0.667,0.667,0.667],"y":[1,1,1]},"o":{"x":[0.333,0.333,0.333],"y":[0,0,0]},"t":30,"s":[121.989,100,100]},{"i":{"x":[0.667,0.667,0.667],"y":[1,1,1]},"o":{"x":[0.333,0.333,0.333],"y":[0,0,0]},"t":35,"s":[163.47,131,100]},{"i":{"x":[0.667,0.667,0.667],"y":[1,1,1]},"o":{"x":[0.333,0.333,0.333],"y":[0,0,0]},"t":101,"s":[163.47,131,100]},{"t":107,"s":[100,100,100]}],"ix":6,"l":2}},"ao":0,"shapes":[{"ty":"gr","it":[{"ind":0,"ty":"sh","ix":1,"ks":{"a":1,"k":[{"i":{"x":0.667,"y":1},"o":{"x":0.167,"y":0.167},"t":0,"s":[{"i":[[0,0],[12.08,0],[0,18.11],[-12.08,0],[0,-18.131]],"o":[[0,18.11],[-12.08,0],[0,-18.131],[12.08,0],[0,0]],"v":[[21.875,0],[0,32.812],[-21.875,0],[0,-32.812],[21.875,0]],"c":false}]},{"i":{"x":0.667,"y":1},"o":{"x":0.333,"y":0},"t":30,"s":[{"i":[[0,0],[12.08,0],[0,18.11],[-12.08,0],[0,-18.131]],"o":[[0,18.11],[-12.08,0],[0,-18.131],[12.08,0],[0,0]],"v":[[-0.354,0],[-22.229,12.812],[-44.104,0],[-22.229,-32.812],[-0.354,0]],"c":false}]},{"i":{"x":0.667,"y":1},"o":{"x":0.333,"y":0},"t":35,"s":[{"i":[[0,0],[12.08,0],[0,18.11],[-12.08,0],[0,-18.131]],"o":[[0,18.11],[-12.08,0],[0,-18.131],[12.08,0],[0,0]],"v":[[-4.058,0],[-25.933,32.812],[-47.808,0],[-25.933,-32.812],[-4.058,0]],"c":false}]},{"i":{"x":0.667,"y":1},"o":{"x":0.333,"y":0},"t":101,"s":[{"i":[[0,0],[12.08,0],[0,18.11],[-12.08,0],[0,-18.131]],"o":[[0,18.11],[-12.08,0],[0,-18.131],[12.08,0],[0,0]],"v":[[-4.058,0],[-25.933,32.812],[-47.808,0],[-25.933,-32.812],[-4.058,0]],"c":false}]},{"t":107,"s":[{"i":[[0,0],[12.08,0],[0,18.11],[-12.08,0],[0,-18.131]],"o":[[0,18.11],[-12.08,0],[0,-18.131],[12.08,0],[0,0]],"v":[[21.875,0],[0,32.812],[-21.875,0],[0,-32.812],[21.875,0]],"c":false}]}],"ix":2},"nm":"Path 1","mn":"ADBE Vector Shape - Group","hd":false},{"ty":"fl","c":{"a":0,"k":[0.188235297799,0.176470592618,0.168627455831,1],"ix":4},"o":{"a":0,"k":100,"ix":5},"r":1,"bm":0,"nm":"Fill 1","mn":"ADBE Vector Graphic - Fill","hd":false},{"ty":"tr","p":{"a":0,"k":[319.606,219.172],"ix":2},"a":{"a":0,"k":[0,0],"ix":1},"s":{"a":0,"k":[100,100],"ix":3},"r":{"a":0,"k":0,"ix":6},"o":{"a":0,"k":100,"ix":7},"sk":{"a":0,"k":0,"ix":4},"sa":{"a":0,"k":0,"ix":5},"nm":"Transform"}],"nm":"Group 1","np":2,"cix":2,"bm":0,"ix":1,"mn":"ADBE Vector Group","hd":false},{"ty":"gr","it":[{"ind":0,"ty":"sh","ix":1,"ks":{"a":1,"k":[{"i":{"x":0.667,"y":1},"o":{"x":0.167,"y":0.167},"t":0,"s":[{"i":[[0,0],[12.07,0],[0,18.11],[-12.101,0],[0,-18.131]],"o":[[0,18.11],[-12.101,0],[0,-18.131],[12.07,0],[0,0]],"v":[[21.875,0],[0.021,32.812],[-21.875,0],[0.021,-32.812],[21.875,0]],"c":false}]},{"i":{"x":0.667,"y":1},"o":{"x":0.333,"y":0},"t":30,"s":[{"i":[[0,0],[12.07,0],[0,18.11],[-12.101,0],[0,-18.131]],"o":[[0,18.11],[-12.101,0],[0,-18.131],[12.07,0],[0,0]],"v":[[44.103,0],[22.249,12.812],[0.353,0],[22.249,-32.812],[44.103,0]],"c":false}]},{"i":{"x":0.667,"y":1},"o":{"x":0.333,"y":0},"t":35,"s":[{"i":[[0,0],[12.07,0],[0,18.11],[-12.101,0],[0,-18.131]],"o":[[0,18.11],[-12.101,0],[0,-18.131],[12.07,0],[0,0]],"v":[[47.808,0],[25.954,32.812],[4.058,0],[25.954,-32.812],[47.808,0]],"c":false}]},{"i":{"x":0.667,"y":1},"o":{"x":0.333,"y":0},"t":101,"s":[{"i":[[0,0],[12.07,0],[0,18.11],[-12.101,0],[0,-18.131]],"o":[[0,18.11],[-12.101,0],[0,-18.131],[12.07,0],[0,0]],"v":[[47.808,0],[25.954,32.812],[4.058,0],[25.954,-32.812],[47.808,0]],"c":false}]},{"t":107,"s":[{"i":[[0,0],[12.07,0],[0,18.11],[-12.101,0],[0,-18.131]],"o":[[0,18.11],[-12.101,0],[0,-18.131],[12.07,0],[0,0]],"v":[[21.875,0],[0.021,32.812],[-21.875,0],[0.021,-32.812],[21.875,0]],"c":false}]}],"ix":2},"nm":"Path 1","mn":"ADBE Vector Shape - Group","hd":false},{"ty":"fl","c":{"a":0,"k":[0.188235297799,0.176470592618,0.168627455831,1],"ix":4},"o":{"a":0,"k":100,"ix":5},"r":1,"bm":0,"nm":"Fill 1","mn":"ADBE Vector Graphic - Fill","hd":false},{"ty":"tr","p":{"a":0,"k":[181.297,218.597],"ix":2},"a":{"a":0,"k":[0,0],"ix":1},"s":{"a":0,"k":[100,100],"ix":3},"r":{"a":0,"k":0,"ix":6},"o":{"a":0,"k":100,"ix":7},"sk":{"a":0,"k":0,"ix":4},"sa":{"a":0,"k":0,"ix":5},"nm":"Transform"}],"nm":"Group 2","np":2,"cix":2,"bm":0,"ix":2,"mn":"ADBE Vector Group","hd":false}],"ip":0,"op":180,"st":0,"bm":0},{"ddd":0,"ind":4,"ty":4,"nm":"Layer 2","sr":1,"ks":{"o":{"a":0,"k":100,"ix":11},"r":{"a":0,"k":0,"ix":10},"p":{"a":1,"k":[{"i":{"x":0.667,"y":1},"o":{"x":0.167,"y":0.167},"t":0,"s":[251,428,0],"to":[0,0,0],"ti":[0,0,0]},{"i":{"x":0.667,"y":1},"o":{"x":0.333,"y":0},"t":19,"s":[251,418,0],"to":[0,0,0],"ti":[0,0,0]},{"i":{"x":0.667,"y":1},"o":{"x":0.333,"y":0},"t":31,"s":[251,431,0],"to":[0,0,0],"ti":[0,0,0]},{"i":{"x":0.667,"y":1},"o":{"x":0.333,"y":0},"t":38,"s":[251,428,0],"to":[0,0,0],"ti":[0,0,0]},{"i":{"x":0.833,"y":0.833},"o":{"x":0.333,"y":0},"t":85,"s":[251,398,0],"to":[0,0,0],"ti":[0,0,0]},{"t":120,"s":[251,428,0]}],"ix":2,"l":2},"a":{"a":0,"k":[1,178,0],"ix":1,"l":2},"s":{"a":1,"k":[{"i":{"x":[0.667,0.667,0.667],"y":[1,1,1]},"o":{"x":[0.167,0.167,0.167],"y":[0.167,0,0]},"t":12,"s":[100,100,100]},{"i":{"x":[0.667,0.667,0.667],"y":[1,1,1]},"o":{"x":[0.333,0.333,0.333],"y":[0,0,0]},"t":24,"s":[91,100,100]},{"i":{"x":[0.667,0.667,0.667],"y":[1,1,1]},"o":{"x":[0.333,0.333,0.333],"y":[0,0,0]},"t":35,"s":[92.031,109,100]},{"i":{"x":[0.833,0.833,0.833],"y":[1,1,1]},"o":{"x":[0.333,0.333,0.333],"y":[0,0,0]},"t":50,"s":[100,100,100]},{"t":120,"s":[100,100,100]}],"ix":6,"l":2}},"ao":0,"shapes":[{"ty":"gr","it":[{"ind":0,"ty":"sh","ix":1,"ks":{"a":0,"k":{"i":[[96.494,0],[0,-96.494],[-96.493,0],[0,96.493]],"o":[[-96.493,0],[0,96.493],[96.494,0],[0,-96.494]],"v":[[0,-175],[-175,0],[0,175],[175,0]],"c":true},"ix":2},"nm":"Path 1","mn":"ADBE Vector Shape - Group","hd":false},{"ty":"fl","c":{"a":0,"k":[0.929411768913,0.929411768913,0.929411768913,1],"ix":4},"o":{"a":0,"k":100,"ix":5},"r":1,"bm":0,"nm":"Fill 1","mn":"ADBE Vector Graphic - Fill","hd":false},{"ty":"tr","p":{"a":0,"k":[0,0],"ix":2},"a":{"a":0,"k":[0,0],"ix":1},"s":{"a":0,"k":[100,100],"ix":3},"r":{"a":0,"k":0,"ix":6},"o":{"a":0,"k":100,"ix":7},"sk":{"a":0,"k":0,"ix":4},"sa":{"a":0,"k":0,"ix":5},"nm":"Transform"}],"nm":"Group 1","np":2,"cix":2,"bm":0,"ix":1,"mn":"ADBE Vector Group","hd":false}],"ip":0,"op":180,"st":0,"bm":0},{"ddd":0,"ind":5,"ty":4,"nm":"Layer 1","parent":4,"sr":1,"ks":{"o":{"a":0,"k":100,"ix":11},"r":{"a":0,"k":0,"ix":10},"p":{"a":1,"k":[{"i":{"x":0.667,"y":0.667},"o":{"x":0.167,"y":0.167},"t":0,"s":[1,19.404,0],"to":[0,0,0],"ti":[0,0,0]},{"i":{"x":0.667,"y":0.667},"o":{"x":0.333,"y":0.333},"t":31,"s":[1,19.404,0],"to":[0,0,0],"ti":[0,0,0]},{"i":{"x":0.833,"y":0.833},"o":{"x":0.333,"y":0.333},"t":38,"s":[1,19.404,0],"to":[0,0,0],"ti":[0,0,0]},{"t":120,"s":[1,19.404,0]}],"ix":2,"l":2},"a":{"a":0,"k":[1,-90,0],"ix":1,"l":2},"s":{"a":1,"k":[{"i":{"x":[0.667,0.667,0.667],"y":[1,1,1]},"o":{"x":[0.167,0.167,0.167],"y":[0,0,0]},"t":0,"s":[57,57,100]},{"i":{"x":[0.667,0.667,0.667],"y":[1,1,1]},"o":{"x":[0.333,0.333,0.333],"y":[0,0,0]},"t":24,"s":[57,57,100]},{"i":{"x":[0.667,0.667,0.667],"y":[1,1,1]},"o":{"x":[0.333,0.333,0.333],"y":[0,0,0]},"t":31,"s":[100,104,100]},{"i":{"x":[0.667,0.667,0.667],"y":[1,1,1]},"o":{"x":[0.333,0.333,0.333],"y":[0,0,0]},"t":38,"s":[100,100,100]},{"i":{"x":[0.833,0.833,0.833],"y":[0.833,0.833,1.287]},"o":{"x":[0.333,0.333,0.333],"y":[0,0,0]},"t":107,"s":[100,100,100]},{"t":120,"s":[57,57,100]}],"ix":6,"l":2}},"ao":0,"shapes":[{"ty":"gr","it":[{"ind":0,"ty":"sh","ix":1,"ks":{"a":0,"k":{"i":[[-7.188,26.525],[0,0],[-15.973,-14.539],[0,0],[-16.477,22.742],[0,0],[2.511,14.622],[0,0],[0,0],[0,0],[0,0],[-8.705,-12.014],[0,0],[-20.769,18.905],[0,0],[-19.108,-10.07],[0,0],[-27.481,0],[0,0]],"o":[[0,0],[19.108,-10.07],[0,0],[20.769,18.905],[0,0],[8.705,-12.014],[0,0],[0,0],[0,0],[0,0],[-2.511,14.622],[0,0],[16.477,22.742],[0,0],[15.973,-14.539],[0,0],[7.188,26.525],[0,0],[27.481,0]],"v":[[58.741,80.363],[58.741,80.363],[117.191,87.809],[117.191,87.809],[187.03,80.613],[192.281,73.366],[201.966,31.712],[175,-125.305],[0,-92.197],[-175,-125.305],[-201.966,31.712],[-192.281,73.366],[-187.03,80.613],[-117.191,87.809],[-117.191,87.809],[-58.741,80.363],[-58.741,80.363],[0,125.305],[0,125.305]],"c":true},"ix":2},"nm":"Path 1","mn":"ADBE Vector Shape - Group","hd":false},{"ty":"fl","c":{"a":0,"k":[0.929411768913,0.929411768913,0.929411768913,1],"ix":4},"o":{"a":0,"k":100,"ix":5},"r":1,"bm":0,"nm":"Fill 1","mn":"ADBE Vector Graphic - Fill","hd":false},{"ty":"tr","p":{"a":0,"k":[0,0],"ix":2},"a":{"a":0,"k":[0,0],"ix":1},"s":{"a":0,"k":[100,100],"ix":3},"r":{"a":0,"k":0,"ix":6},"o":{"a":0,"k":100,"ix":7},"sk":{"a":0,"k":0,"ix":4},"sa":{"a":0,"k":0,"ix":5},"nm":"Transform"}],"nm":"Group 1","np":2,"cix":2,"bm":0,"ix":1,"mn":"ADBE Vector Group","hd":false}],"ip":0,"op":180,"st":0,"bm":0}],"markers":[]}