{"v":"5.7.6","fr":60,"ip":0,"op":120,"w":500,"h":500,"nm":"HandHi","ddd":0,"assets":[],"layers":[{"ddd":0,"ind":1,"ty":4,"nm":"Layer 4","parent":4,"sr":1,"ks":{"o":{"a":0,"k":100,"ix":11},"r":{"a":0,"k":0,"ix":10},"p":{"a":1,"k":[{"i":{"x":0.667,"y":1},"o":{"x":0.167,"y":0.167},"t":0,"s":[30.286,-136.461,0],"to":[1.926,-3.78,0],"ti":[1.667,-1.667,0]},{"i":{"x":0.667,"y":1},"o":{"x":0.333,"y":0},"t":17,"s":[41.843,-159.142,0],"to":[-1.667,1.667,0],"ti":[0,0,0]},{"i":{"x":0.667,"y":1},"o":{"x":0.333,"y":0},"t":38,"s":[20.286,-126.461,0],"to":[0,0,0],"ti":[-1.667,1.667,0]},{"i":{"x":0.667,"y":1},"o":{"x":0.3,"y":0},"t":60,"s":[41.843,-159.142,0],"to":[0.613,-0.613,0],"ti":[1.169,-2.358,0]},{"i":{"x":0.694,"y":0.861},"o":{"x":0.333,"y":0},"t":83,"s":[20.286,-126.461,0],"to":[-1.169,2.358,0],"ti":[1.614,-3.018,0]},{"i":{"x":0.833,"y":0.833},"o":{"x":0.437,"y":0.426},"t":103,"s":[34.83,-144.992,0],"to":[-2.026,3.789,0],"ti":[0.678,-1.331,0]},{"t":120,"s":[30.286,-136.461,0]}],"ix":2,"l":2},"a":{"a":0,"k":[0,0,0],"ix":1,"l":2},"s":{"a":0,"k":[100,100,100],"ix":6,"l":2}},"ao":0,"shapes":[{"ty":"gr","it":[{"ind":0,"ty":"sh","ix":1,"ks":{"a":0,"k":{"i":[[0,0],[-7.613,-73.468]],"o":[[0,0],[0,0]],"v":[[-43.639,-36.928],[43.639,36.928]],"c":true},"ix":2},"nm":"Path 1","mn":"ADBE Vector Shape - Group","hd":false},{"ty":"fl","c":{"a":0,"k":[0,0.588235318661,0.776470601559,1],"ix":4},"o":{"a":0,"k":100,"ix":5},"r":1,"bm":0,"nm":"Fill 1","mn":"ADBE Vector Graphic - Fill","hd":false},{"ty":"tr","p":{"a":0,"k":[0,0],"ix":2},"a":{"a":0,"k":[0,0],"ix":1},"s":{"a":0,"k":[100,100],"ix":3},"r":{"a":0,"k":0,"ix":6},"o":{"a":0,"k":100,"ix":7},"sk":{"a":0,"k":0,"ix":4},"sa":{"a":0,"k":0,"ix":5},"nm":"Transform"}],"nm":"Group 1","np":2,"cix":2,"bm":0,"ix":1,"mn":"ADBE Vector Group","hd":false}],"ip":0,"op":180,"st":0,"bm":0},{"ddd":0,"ind":2,"ty":4,"nm":"Layer 3","parent":4,"sr":1,"ks":{"o":{"a":0,"k":100,"ix":11},"r":{"a":0,"k":0,"ix":10},"p":{"a":1,"k":[{"i":{"x":0.667,"y":1},"o":{"x":0.167,"y":0.167},"t":0,"s":[-111.737,75.788,0],"to":[1.383,-1.676,0],"ti":[3.333,-5,0]},{"i":{"x":0.667,"y":1},"o":{"x":0.333,"y":0},"t":17,"s":[-103.439,65.731,0],"to":[-3.333,5,0],"ti":[0,0,0]},{"i":{"x":0.667,"y":1},"o":{"x":0.333,"y":0},"t":38,"s":[-131.737,105.788,0],"to":[0,0,0],"ti":[-1.667,1.667,0]},{"i":{"x":0.667,"y":1},"o":{"x":0.3,"y":0},"t":60,"s":[-103.439,65.731,0],"to":[0.637,-0.637,0],"ti":[0.836,-1.027,0]},{"i":{"x":0.694,"y":0.947},"o":{"x":0.333,"y":0},"t":83,"s":[-131.737,95.788,0],"to":[-0.836,1.027,0],"ti":[1.168,-1.384,0]},{"i":{"x":0.833,"y":0.833},"o":{"x":0.437,"y":0.426},"t":103,"s":[-108.457,71.895,0],"to":[-1.472,1.744,0],"ti":[0.477,-0.578,0]},{"t":120,"s":[-111.737,75.788,0]}],"ix":2,"l":2},"a":{"a":0,"k":[0,0,0],"ix":1,"l":2},"s":{"a":0,"k":[100,100,100],"ix":6,"l":2}},"ao":0,"shapes":[{"ty":"gr","it":[{"ind":0,"ty":"sh","ix":1,"ks":{"a":0,"k":{"i":[[0,0],[-67.032,0.337]],"o":[[0,0],[0,0]],"v":[[-46.606,-40.209],[46.606,40.208]],"c":true},"ix":2},"nm":"Path 1","mn":"ADBE Vector Shape - Group","hd":false},{"ty":"fl","c":{"a":0,"k":[0,0.588235318661,0.776470601559,1],"ix":4},"o":{"a":0,"k":100,"ix":5},"r":1,"bm":0,"nm":"Fill 1","mn":"ADBE Vector Graphic - Fill","hd":false},{"ty":"tr","p":{"a":0,"k":[0,0],"ix":2},"a":{"a":0,"k":[0,0],"ix":1},"s":{"a":0,"k":[100,100],"ix":3},"r":{"a":0,"k":0,"ix":6},"o":{"a":0,"k":100,"ix":7},"sk":{"a":0,"k":0,"ix":4},"sa":{"a":0,"k":0,"ix":5},"nm":"Transform"}],"nm":"Group 1","np":2,"cix":2,"bm":0,"ix":1,"mn":"ADBE Vector Group","hd":false}],"ip":0,"op":180,"st":0,"bm":0},{"ddd":0,"ind":3,"ty":4,"nm":"Layer 2","parent":4,"sr":1,"ks":{"o":{"a":0,"k":100,"ix":11},"r":{"a":0,"k":0,"ix":10},"p":{"a":1,"k":[{"i":{"x":0.667,"y":1},"o":{"x":0.167,"y":0.167},"t":0,"s":[-122.441,133.347,0],"to":[2.453,-3.776,0],"ti":[1.667,-1.667,0]},{"i":{"x":0.667,"y":1},"o":{"x":0.333,"y":0},"t":17,"s":[-107.722,110.689,0],"to":[-1.667,1.667,0],"ti":[0.495,1.592,0]},{"i":{"x":0.667,"y":1},"o":{"x":0.333,"y":0},"t":38,"s":[-132.441,143.347,0],"to":[-0.495,-1.592,0],"ti":[-1.667,1.667,0]},{"i":{"x":0.667,"y":1},"o":{"x":0.3,"y":0},"t":60,"s":[-110.691,101.14,0],"to":[0.613,-0.613,0],"ti":[-0.084,-1.861,0]},{"i":{"x":0.694,"y":0.907},"o":{"x":0.333,"y":0},"t":83,"s":[-132.441,143.347,0],"to":[0.084,1.861,0],"ti":[2.012,-3.013,0]},{"i":{"x":0.833,"y":0.833},"o":{"x":0.437,"y":0.179},"t":103,"s":[-110.184,112.307,0],"to":[-2.527,3.785,0],"ti":[0.864,-1.329,0]},{"t":120,"s":[-122.441,133.347,0]}],"ix":2,"l":2},"a":{"a":0,"k":[0,0,0],"ix":1,"l":2},"s":{"a":0,"k":[100,100,100],"ix":6,"l":2}},"ao":0,"shapes":[{"ty":"gr","it":[{"ind":0,"ty":"sh","ix":1,"ks":{"a":0,"k":{"i":[[0,0],[-89.444,0]],"o":[[0,0],[0,0]],"v":[[-56.389,-43.264],[56.389,43.264]],"c":true},"ix":2},"nm":"Path 1","mn":"ADBE Vector Shape - Group","hd":false},{"ty":"fl","c":{"a":0,"k":[0,0.588235318661,0.776470601559,1],"ix":4},"o":{"a":0,"k":100,"ix":5},"r":1,"bm":0,"nm":"Fill 1","mn":"ADBE Vector Graphic - Fill","hd":false},{"ty":"tr","p":{"a":0,"k":[0,0],"ix":2},"a":{"a":0,"k":[0,0],"ix":1},"s":{"a":0,"k":[100,100],"ix":3},"r":{"a":0,"k":0,"ix":6},"o":{"a":0,"k":100,"ix":7},"sk":{"a":0,"k":0,"ix":4},"sa":{"a":0,"k":0,"ix":5},"nm":"Transform"}],"nm":"Group 1","np":2,"cix":2,"bm":0,"ix":1,"mn":"ADBE Vector Group","hd":false}],"ip":0,"op":180,"st":0,"bm":0},{"ddd":0,"ind":4,"ty":4,"nm":"Layer 1","sr":1,"ks":{"o":{"a":0,"k":100,"ix":11},"r":{"a":1,"k":[{"i":{"x":[0.667],"y":[1]},"o":{"x":[0.547],"y":[0.006]},"t":0,"s":[0]},{"i":{"x":[0.667],"y":[1]},"o":{"x":[0.333],"y":[0]},"t":17,"s":[17.822]},{"i":{"x":[0.667],"y":[1]},"o":{"x":[0.333],"y":[0]},"t":38,"s":[-4]},{"i":{"x":[0.667],"y":[1]},"o":{"x":[0.333],"y":[0]},"t":60,"s":[17.271]},{"i":{"x":[0.667],"y":[1]},"o":{"x":[0.333],"y":[0]},"t":83,"s":[0]},{"i":{"x":[0.667],"y":[1]},"o":{"x":[0.333],"y":[0]},"t":103,"s":[17.271]},{"t":120,"s":[0]}],"ix":10},"p":{"a":1,"k":[{"i":{"x":0.667,"y":1},"o":{"x":0.167,"y":0.167},"t":0,"s":[426.829,422.389,0],"to":[0,0,0],"ti":[0,0,0]},{"i":{"x":0.667,"y":0.988},"o":{"x":0.333,"y":0},"t":26,"s":[415.496,431.056,0],"to":[0,0,0],"ti":[0,0,0]},{"i":{"x":0.667,"y":1},"o":{"x":0.333,"y":0.012},"t":60,"s":[415.333,440.893,0],"to":[0,0,0],"ti":[0,0,0]},{"i":{"x":0.833,"y":0.833},"o":{"x":0.333,"y":0},"t":95,"s":[415.163,430.723,0],"to":[0,0,0],"ti":[0,0,0]},{"t":120,"s":[426.829,422.389,0]}],"ix":2,"l":2},"a":{"a":0,"k":[173,174,0],"ix":1,"l":2},"s":{"a":0,"k":[100,100,100],"ix":6,"l":2}},"ao":0,"shapes":[{"ty":"gr","it":[{"ind":0,"ty":"sh","ix":1,"ks":{"a":0,"k":{"i":[[3.37,17.769],[0,0],[0,0],[0,0],[1.944,11.438],[0,0],[2.549,12.956],[1.943,14.522],[0.454,3.821],[0.814,1.382],[5.246,0.614],[4.632,-7.506],[-0.974,-9.432],[0,0],[-0.498,-3.523],[0.423,-13.246],[2.23,-1.928],[3.907,0.43],[0.673,0.454],[0.267,0.246],[12.638,12.457],[12.989,13.338],[0,0],[5.206,0.609],[5.02,-5.027],[0,0],[-8.814,-8.817],[0,0],[0.522,-0.609],[0,0],[0.379,0.044],[0.088,0.065],[0,0],[0,0],[0,0],[5.206,0.609],[4.991,-4.989],[0.646,-0.811],[-8.142,-8.147],[0,0],[0.027,-0.7],[0.851,-0.629],[0,0],[0.638,0.634],[0,0],[5.176,0.606],[5.045,-5.038],[0.517,-0.609],[-8.406,-8.418],[0,0],[0.995,-0.805],[0.323,0.038],[0.273,0.264],[0,0],[5.207,0.609],[4.574,-3.129],[0.001,-7.578],[-6.98,-6.479],[-1.287,-1.285],[0,0],[0,0],[0,0],[-15.087,-6.941],[-11.006,-1.288],[-4.015,-0.007],[-17.827,12.998],[-5.812,26.334]],"o":[[0,0],[0,0],[-0.286,-1.375],[-2.124,-11.403],[0,0],[-2.235,-13.389],[-2.746,-14.001],[-0.644,-4.874],[-1.165,-9.696],[-2.852,-4.892],[-7.878,-0.922],[-6.451,10.448],[0,0],[0.448,3.479],[1.88,13.348],[-0.169,5.188],[-1.765,1.515],[-0.934,-0.251],[-0.295,-0.209],[-7.781,-7.265],[-36.265,-35.778],[0,0],[-3.717,-3.717],[-7.067,-0.827],[0,0],[-8.663,9],[0,0],[0.628,0.639],[0,0],[-0.329,0.217],[-0.354,-0.041],[0,0],[0,0],[0,0],[-3.71,-3.716],[-7.067,-0.827],[-0.748,0.727],[-7.425,9.328],[0,0],[0.501,0.498],[-0.028,0.634],[0,0],[-0.495,-0.058],[0,0],[-3.632,-3.635],[-7.121,-0.833],[-0.57,0.557],[-7.659,9.078],[0,0],[0.66,0.666],[-0.294,0.155],[-0.37,-0.043],[0,0],[-3.717,-3.717],[-5.538,-0.648],[-6.411,4.362],[-0.002,10.868],[1.411,1.307],[0,0],[0,0],[0,0],[8.442,8.446],[10.009,4.612],[3.978,0.465],[22.267,0.042],[24.41,-17.801],[4.042,-18.355]],"v":[[166.999,28.707],[167.166,28.811],[165.611,21.419],[164.487,15.473],[158.444,-18.803],[156.027,-33.22],[148.611,-72.96],[141.081,-115.963],[139.441,-129.169],[137.191,-142.354],[124.809,-150.773],[103.553,-139.599],[96.915,-105.041],[97.737,-97.799],[99.173,-87.281],[102.568,-46.885],[98.95,-36.178],[90.646,-34.517],[88.216,-35.55],[87.362,-36.232],[56.6,-65.966],[-37.862,-161.392],[-42.951,-166.619],[-56.591,-173.229],[-75.609,-166.631],[-76.208,-166.03],[-75.917,-133.704],[14.993,-41.49],[15.129,-39.288],[14.815,-39.083],[13.714,-38.82],[12.961,-39.075],[12.182,-39.99],[11.97,-40.087],[-94.497,-146.882],[-108.129,-153.492],[-127.121,-146.923],[-129.211,-144.62],[-127.938,-113.456],[-22.629,-8.089],[-21.905,-6.232],[-23.109,-4.383],[-23.677,-4.188],[-25.45,-5.274],[-118.307,-98.18],[-131.77,-104.665],[-151.21,-97.942],[-152.844,-96.192],[-151.511,-64.997],[-50.311,36.382],[-50.613,38.88],[-51.569,39.07],[-52.528,38.599],[-131.459,-40.38],[-145.099,-46.99],[-160.784,-43.15],[-171.171,-23.786],[-156.283,0.89],[-152.186,4.779],[-71.104,85.91],[-71.102,85.908],[-19.213,137.825],[15.935,163.787],[47.602,172.673],[59.648,173.389],[120.928,153.585],[169.19,83.101]],"c":true},"ix":2},"nm":"Path 1","mn":"ADBE Vector Shape - Group","hd":false},{"ty":"fl","c":{"a":0,"k":[0.984313726425,0.819607853889,0.337254911661,1],"ix":4},"o":{"a":0,"k":100,"ix":5},"r":1,"bm":0,"nm":"Fill 1","mn":"ADBE Vector Graphic - Fill","hd":false},{"ty":"tr","p":{"a":0,"k":[0,0],"ix":2},"a":{"a":0,"k":[0,0],"ix":1},"s":{"a":0,"k":[100,100],"ix":3},"r":{"a":0,"k":0,"ix":6},"o":{"a":0,"k":100,"ix":7},"sk":{"a":0,"k":0,"ix":4},"sa":{"a":0,"k":0,"ix":5},"nm":"Transform"}],"nm":"Group 1","np":2,"cix":2,"bm":0,"ix":1,"mn":"ADBE Vector Group","hd":false}],"ip":0,"op":180,"st":0,"bm":0}],"markers":[]}