{"v":"5.7.6","fr":60,"ip":0,"op":120,"w":500,"h":500,"nm":"Happy","ddd":0,"assets":[],"layers":[{"ddd":0,"ind":1,"ty":4,"nm":"Layer 2","sr":1,"ks":{"o":{"a":0,"k":100,"ix":11},"r":{"a":1,"k":[{"i":{"x":[0.162],"y":[1.01]},"o":{"x":[0.83],"y":[0.025]},"t":0,"s":[0]},{"i":{"x":[0.167],"y":[0.983]},"o":{"x":[0.824],"y":[0.037]},"t":60,"s":[180]},{"t":120,"s":[360]}],"ix":10},"p":{"a":1,"k":[{"i":{"x":0.667,"y":1},"o":{"x":0.333,"y":0},"t":10,"s":[250.001,270.083,0],"to":[0,0,0],"ti":[0,0,0]},{"i":{"x":0.667,"y":1},"o":{"x":0.333,"y":0},"t":60,"s":[250.001,250.083,0],"to":[0,0,0],"ti":[0,0,0]},{"t":110,"s":[250.001,270.918,0]}],"ix":2,"l":2},"a":{"a":0,"k":[250.001,270.083,0],"ix":1,"l":2},"s":{"a":0,"k":[100,100,100],"ix":6,"l":2}},"ao":0,"shapes":[{"ty":"gr","it":[{"ind":0,"ty":"sh","ix":1,"ks":{"a":0,"k":{"i":[[0,0],[12.086,0],[0,18.109],[-12.075,0],[0,-18.131]],"o":[[0,18.109],[-12.075,0],[0,-18.131],[12.086,0],[0,0]],"v":[[21.875,0],[-0.005,32.812],[-21.875,0],[-0.005,-32.812],[21.875,0]],"c":false},"ix":2},"nm":"Path 1","mn":"ADBE Vector Shape - Group","hd":false},{"ty":"fl","c":{"a":0,"k":[0.188235297799,0.176470592618,0.168627455831,1],"ix":4},"o":{"a":0,"k":100,"ix":5},"r":1,"bm":0,"nm":"Fill 1","mn":"ADBE Vector Graphic - Fill","hd":false},{"ty":"tr","p":{"a":0,"k":[308.704,219.473],"ix":2},"a":{"a":0,"k":[0,0],"ix":1},"s":{"a":0,"k":[100,100],"ix":3},"r":{"a":0,"k":0,"ix":6},"o":{"a":0,"k":100,"ix":7},"sk":{"a":0,"k":0,"ix":4},"sa":{"a":0,"k":0,"ix":5},"nm":"Transform"}],"nm":"Group 1","np":2,"cix":2,"bm":0,"ix":1,"mn":"ADBE Vector Group","hd":false},{"ty":"gr","it":[{"ind":0,"ty":"sh","ix":1,"ks":{"a":0,"k":{"i":[[0,0],[12.071,0],[0,18.109],[-12.085,0],[0,-18.131]],"o":[[0,18.109],[-12.085,0],[0,-18.131],[12.071,0],[0,0]],"v":[[21.875,0],[0.01,32.812],[-21.875,0],[0.01,-32.812],[21.875,0]],"c":false},"ix":2},"nm":"Path 1","mn":"ADBE Vector Shape - Group","hd":false},{"ty":"fl","c":{"a":0,"k":[0.188235297799,0.176470592618,0.168627455831,1],"ix":4},"o":{"a":0,"k":100,"ix":5},"r":1,"bm":0,"nm":"Fill 1","mn":"ADBE Vector Graphic - Fill","hd":false},{"ty":"tr","p":{"a":0,"k":[191.297,219.473],"ix":2},"a":{"a":0,"k":[0,0],"ix":1},"s":{"a":0,"k":[100,100],"ix":3},"r":{"a":0,"k":0,"ix":6},"o":{"a":0,"k":100,"ix":7},"sk":{"a":0,"k":0,"ix":4},"sa":{"a":0,"k":0,"ix":5},"nm":"Transform"}],"nm":"Group 2","np":2,"cix":2,"bm":0,"ix":2,"mn":"ADBE Vector Group","hd":false},{"ty":"gr","it":[{"ind":0,"ty":"sh","ix":1,"ks":{"a":0,"k":{"i":[[0,0],[0.769,-0.908],[1.784,-1.682],[2.488,-2.104],[1.436,-1.159],[1.667,-1.117],[4.139,-1.96],[4.737,-1.512],[1.212,-0.374],[1.234,-0.304],[2.568,-0.439],[5.293,-0.085],[0,0],[1.383,0.102],[2.585,0.347],[2.477,0.624],[1.223,0.299],[1.186,0.363],[4.118,2.008],[3.364,2.168],[1.474,1.063],[1.276,1.004],[1.64,1.666],[0.849,0.913],[0,0],[-2.126,2.142],[-1.913,-1.041],[0,0],[-3.653,-2.008],[-2.494,-1.309],[-1.432,-0.667],[-1.581,-0.673],[-3.695,-1.132],[-4.064,-0.897],[-4.304,-0.55],[-2.051,-0.106],[-1.282,0],[0,0],[-4.331,0.448],[-4.064,0.93],[-3.674,1.191],[-3.183,1.255],[-1.442,0.604],[-1.271,0.598],[-1.736,0.961],[-0.999,0.576],[0,0],[-1.345,-2.809],[1.436,-1.714]],"o":[[0,0],[-0.833,0.902],[-1.715,1.719],[-1.271,1.004],[-1.48,1.063],[-3.353,2.157],[-4.107,2.019],[-1.206,0.363],[-1.223,0.293],[-2.489,0.641],[-5.165,0.822],[0,0],[-1.137,-0.027],[-2.783,-0.155],[-2.575,-0.439],[-1.25,-0.311],[-1.217,-0.385],[-4.758,-1.512],[-4.139,-1.971],[-1.667,-1.117],[-1.426,-1.143],[-2.494,-2.104],[-1.692,-1.619],[-0.817,-0.961],[-1.987,-2.302],[1.666,-1.666],[0,0],[0,0],[1.795,1.01],[1.287,0.598],[1.447,0.604],[3.188,1.255],[3.691,1.191],[4.07,0.93],[2.173,0.203],[1.03,0.075],[0,0],[4.412,-0.022],[4.304,-0.539],[4.085,-0.897],[3.707,-1.132],[1.597,-0.683],[1.437,-0.667],[2.525,-1.319],[1.73,-0.882],[1.026,-0.567],[2.617,-1.437],[1.032,2.184],[0,0]],"v":[[75.175,-12.236],[73.978,-10.826],[70.347,-6.895],[64.067,-1.116],[60.002,2.125],[55.292,5.426],[44.066,11.792],[30.725,17.122],[27.104,18.217],[23.409,19.124],[15.798,20.641],[0.048,21.875],[-3.818,21.774],[-7.743,21.544],[-15.69,20.641],[-23.3,19.141],[-27.007,18.228],[-30.612,17.122],[-43.968,11.803],[-55.194,5.426],[-59.904,2.125],[-63.963,-1.116],[-70.18,-6.841],[-73.891,-10.837],[-75.151,-12.299],[-74.879,-20.353],[-68.908,-21.267],[-68.658,-21.122],[-62.911,-17.977],[-56.364,-14.59],[-52.278,-12.7],[-47.739,-10.772],[-37.416,-7.045],[-25.736,-3.942],[-13.105,-1.885],[-6.68,-1.394],[-3.353,-1.244],[0.048,-1.191],[13.203,-1.896],[25.828,-3.942],[37.513,-7.045],[47.831,-10.772],[52.381,-12.7],[56.456,-14.59],[62.966,-17.929],[67.265,-20.326],[68.841,-21.202],[75.986,-18.714],[75.175,-12.236]],"c":false},"ix":2},"nm":"Path 1","mn":"ADBE Vector Shape - Group","hd":false},{"ty":"fl","c":{"a":0,"k":[0.188235297799,0.176470592618,0.168627455831,1],"ix":4},"o":{"a":0,"k":100,"ix":5},"r":1,"bm":0,"nm":"Fill 1","mn":"ADBE Vector Graphic - Fill","hd":false},{"ty":"tr","p":{"a":0,"k":[250,331.631],"ix":2},"a":{"a":0,"k":[0,0],"ix":1},"s":{"a":0,"k":[100,100],"ix":3},"r":{"a":0,"k":0,"ix":6},"o":{"a":0,"k":100,"ix":7},"sk":{"a":0,"k":0,"ix":4},"sa":{"a":0,"k":0,"ix":5},"nm":"Transform"}],"nm":"Group 3","np":2,"cix":2,"bm":0,"ix":3,"mn":"ADBE Vector Group","hd":false}],"ip":0,"op":180,"st":0,"bm":0},{"ddd":0,"ind":2,"ty":4,"nm":"Layer 1","sr":1,"ks":{"o":{"a":0,"k":100,"ix":11},"r":{"a":0,"k":0,"ix":10},"p":{"a":0,"k":[250,250,0],"ix":2,"l":2},"a":{"a":0,"k":[0,0,0],"ix":1,"l":2},"s":{"a":0,"k":[100,100,100],"ix":6,"l":2}},"ao":0,"shapes":[{"ty":"gr","it":[{"ind":0,"ty":"sh","ix":1,"ks":{"a":0,"k":{"i":[[96.499,0],[0,-96.494],[-96.493,0],[0,96.493]],"o":[[-96.493,0],[0,96.493],[96.499,0],[0,-96.494]],"v":[[0,-175],[-175,0],[0,175],[175,0]],"c":true},"ix":2},"nm":"Path 1","mn":"ADBE Vector Shape - Group","hd":false},{"ty":"fl","c":{"a":0,"k":[0.984313726425,0.819607853889,0.337254911661,1],"ix":4},"o":{"a":0,"k":100,"ix":5},"r":1,"bm":0,"nm":"Fill 1","mn":"ADBE Vector Graphic - Fill","hd":false},{"ty":"tr","p":{"a":0,"k":[0,0],"ix":2},"a":{"a":0,"k":[0,0],"ix":1},"s":{"a":0,"k":[100,100],"ix":3},"r":{"a":0,"k":0,"ix":6},"o":{"a":0,"k":100,"ix":7},"sk":{"a":0,"k":0,"ix":4},"sa":{"a":0,"k":0,"ix":5},"nm":"Transform"}],"nm":"Group 1","np":2,"cix":2,"bm":0,"ix":1,"mn":"ADBE Vector Group","hd":false}],"ip":0,"op":180,"st":0,"bm":0}],"markers":[]}