{"v":"5.7.6","fr":60,"ip":0,"op":120,"w":500,"h":500,"nm":"HappyAngel","ddd":0,"assets":[],"layers":[{"ddd":0,"ind":1,"ty":4,"nm":"Layer 3","sr":1,"ks":{"o":{"a":1,"k":[{"i":{"x":[0.667],"y":[1]},"o":{"x":[0.333],"y":[0]},"t":91,"s":[100]},{"t":115,"s":[0]}],"ix":11},"r":{"a":0,"k":0,"ix":10},"p":{"a":1,"k":[{"i":{"x":0.667,"y":1},"o":{"x":0.333,"y":0},"t":23,"s":[250,89.286,0],"to":[0,0.833,0],"ti":[0,-38.895,0]},{"i":{"x":0.667,"y":1},"o":{"x":0.333,"y":0},"t":47,"s":[250,174.286,0],"to":[0,36.04,0],"ti":[0,-0.833,0]},{"t":115,"s":[250,300,0]}],"ix":2,"l":2},"a":{"a":0,"k":[0,0,0],"ix":1,"l":2},"s":{"a":1,"k":[{"i":{"x":[0.667,0.667,0.667],"y":[1,1,1]},"o":{"x":[0.333,0.333,0.333],"y":[0,0,0]},"t":23,"s":[0,0,100]},{"i":{"x":[0.667,0.667,0.667],"y":[1,1,1]},"o":{"x":[0.333,0.333,0.333],"y":[0,0,0]},"t":47,"s":[75,75,100]},{"t":115,"s":[100,100,100]}],"ix":6,"l":2}},"ao":0,"shapes":[{"ty":"gr","it":[{"ind":0,"ty":"sh","ix":1,"ks":{"a":0,"k":{"i":[[0,0],[-90.851,0],[0,22.411],[0,0],[74.579,0],[0,11.723]],"o":[[0,22.411],[90.851,0],[0,0],[0,11.723],[-74.579,0],[0,0]],"v":[[-164.5,-166.921],[0,-126.342],[164.5,-166.921],[135.037,-167.546],[0,-146.32],[-135.037,-167.546]],"c":true},"ix":2},"nm":"Path 1","mn":"ADBE Vector Shape - Group","hd":false},{"ty":"fl","c":{"a":0,"k":[0.321568638086,0.694117665291,0.86274510622,1],"ix":4},"o":{"a":0,"k":100,"ix":5},"r":1,"bm":0,"nm":"Fill 1","mn":"ADBE Vector Graphic - Fill","hd":false},{"ty":"tr","p":{"a":0,"k":[0,0],"ix":2},"a":{"a":0,"k":[0,0],"ix":1},"s":{"a":0,"k":[100,100],"ix":3},"r":{"a":0,"k":0,"ix":6},"o":{"a":0,"k":100,"ix":7},"sk":{"a":0,"k":0,"ix":4},"sa":{"a":0,"k":0,"ix":5},"nm":"Transform"}],"nm":"Group 1","np":2,"cix":2,"bm":0,"ix":1,"mn":"ADBE Vector Group","hd":false}],"ip":0,"op":180,"st":0,"bm":0},{"ddd":0,"ind":2,"ty":4,"nm":"Layer 4","sr":1,"ks":{"o":{"a":0,"k":100,"ix":11},"r":{"a":0,"k":0,"ix":10},"p":{"a":0,"k":[250,303.161,0],"ix":2,"l":2},"a":{"a":0,"k":[0,0,0],"ix":1,"l":2},"s":{"a":0,"k":[100,100,100],"ix":6,"l":2}},"ao":0,"shapes":[{"ty":"gr","it":[{"ind":0,"ty":"sh","ix":1,"ks":{"a":1,"k":[{"i":{"x":0.667,"y":1},"o":{"x":0.333,"y":0},"t":0,"s":[{"i":[[0,0],[29.128,42.885],[-2.436,1.597],[-1.612,-2.377],[-48.974,0],[-27.162,40.001],[-2.429,-1.591],[1.613,-2.388],[52.508,0]],"o":[[-52.52,0],[-1.612,-2.388],[2.419,-1.591],[27.162,40.001],[48.951,0],[1.624,-2.388],[2.425,1.597],[-29.128,42.885],[0,0]],"v":[[0.011,38.279],[-130.369,-30.214],[-128.884,-37.408],[-121.563,-35.96],[0.011,27.918],[121.562,-35.96],[128.894,-37.408],[130.368,-30.214],[0.011,38.279]],"c":false}]},{"i":{"x":0.667,"y":1},"o":{"x":0.333,"y":0},"t":23,"s":[{"i":[[0,0],[29.128,42.885],[-2.436,1.597],[-1.612,-2.377],[-48.974,0],[-27.162,40.001],[-2.429,-1.591],[1.613,-2.388],[52.508,0]],"o":[[-52.52,0],[-1.612,-2.388],[2.419,-1.591],[27.162,40.001],[48.951,0],[1.624,-2.388],[2.425,1.597],[-29.128,42.885],[0,0]],"v":[[0.011,-14.721],[-120.369,-93.214],[-118.884,-100.408],[-111.563,-98.96],[0.011,-45.082],[111.562,-98.96],[118.894,-100.408],[120.368,-93.214],[0.011,-14.721]],"c":false}]},{"i":{"x":0.833,"y":0.833},"o":{"x":0.333,"y":0},"t":47,"s":[{"i":[[0,0],[29.128,42.885],[-2.436,1.597],[-1.612,-2.377],[-48.974,0],[-27.162,40.001],[-2.429,-1.591],[1.613,-2.388],[52.508,0]],"o":[[-52.52,0],[-1.612,-2.388],[2.419,-1.591],[27.162,40.001],[48.951,0],[1.624,-2.388],[2.425,1.597],[-29.128,42.885],[0,0]],"v":[[0.011,-24.721],[-120.369,-103.214],[-118.884,-110.408],[-111.563,-108.96],[0.011,-55.082],[111.562,-108.96],[118.894,-110.408],[120.368,-103.214],[0.011,-24.721]],"c":false}]},{"i":{"x":0.667,"y":1},"o":{"x":0.167,"y":0.167},"t":60,"s":[{"i":[[0,0],[29.128,42.885],[-2.436,1.597],[-1.612,-2.377],[-48.974,0],[-27.162,40.001],[-2.429,-1.591],[1.613,-2.388],[52.508,0]],"o":[[-52.52,0],[-1.612,-2.388],[2.419,-1.591],[27.162,40.001],[48.951,0],[1.624,-2.388],[2.425,1.597],[-29.128,42.885],[0,0]],"v":[[0.011,-26.826],[-121.132,-104.557],[-119.647,-111.751],[-112.325,-110.303],[0.011,-55.662],[112.324,-110.303],[119.657,-111.751],[121.131,-104.557],[0.011,-26.826]],"c":false}]},{"t":120,"s":[{"i":[[0,0],[29.128,42.885],[-2.436,1.597],[-1.612,-2.377],[-48.974,0],[-27.162,40.001],[-2.429,-1.591],[1.613,-2.388],[52.508,0]],"o":[[-52.52,0],[-1.612,-2.388],[2.419,-1.591],[27.162,40.001],[48.951,0],[1.624,-2.388],[2.425,1.597],[-29.128,42.885],[0,0]],"v":[[0.011,38.279],[-130.369,-30.214],[-128.884,-37.408],[-121.563,-35.96],[0.011,27.918],[121.562,-35.96],[128.894,-37.408],[130.368,-30.214],[0.011,38.279]],"c":false}]}],"ix":2},"nm":"Path 1","mn":"ADBE Vector Shape - Group","hd":false},{"ty":"fl","c":{"a":0,"k":[0.188235297799,0.176470592618,0.168627455831,1],"ix":4},"o":{"a":0,"k":100,"ix":5},"r":1,"bm":0,"nm":"Fill 1","mn":"ADBE Vector Graphic - Fill","hd":false},{"ty":"tr","p":{"a":0,"k":[0,0],"ix":2},"a":{"a":0,"k":[0,0],"ix":1},"s":{"a":0,"k":[100,100],"ix":3},"r":{"a":0,"k":0,"ix":6},"o":{"a":0,"k":100,"ix":7},"sk":{"a":0,"k":0,"ix":4},"sa":{"a":0,"k":0,"ix":5},"nm":"Transform"}],"nm":"Group 1","np":2,"cix":2,"bm":0,"ix":1,"mn":"ADBE Vector Group","hd":false}],"ip":0,"op":180,"st":0,"bm":0},{"ddd":0,"ind":3,"ty":4,"nm":"Layer 5","sr":1,"ks":{"o":{"a":0,"k":100,"ix":11},"r":{"a":0,"k":0,"ix":10},"p":{"a":0,"k":[179.269,211.783,0],"ix":2,"l":2},"a":{"a":0,"k":[0,0,0],"ix":1,"l":2},"s":{"a":0,"k":[-100,100,100],"ix":6,"l":2}},"ao":0,"shapes":[{"ty":"gr","it":[{"ind":0,"ty":"sh","ix":1,"ks":{"a":1,"k":[{"i":{"x":0.667,"y":1},"o":{"x":0.333,"y":0},"t":0,"s":[{"i":[[0,0],[0,-14.559],[18.126,0],[0,14.532],[-18.126,0]],"o":[[18.126,0],[0,14.532],[-18.126,0],[0,-14.559],[0,0]],"v":[[-140,-16.407],[-107.188,9.949],[-140,9.949],[-172.812,9.949],[-140,-16.407]],"c":false}]},{"i":{"x":0.667,"y":1},"o":{"x":0.333,"y":0},"t":23,"s":[{"i":[[0,0],[0,-14.559],[18.126,0],[0,14.532],[-18.126,0]],"o":[[18.126,0],[0,14.532],[-18.126,0],[0,-14.559],[0,0]],"v":[[-130,-76.407],[-97.188,-30.051],[-130,-50.051],[-162.812,-30.051],[-130,-76.407]],"c":false}]},{"i":{"x":0.667,"y":1},"o":{"x":0.333,"y":0},"t":47,"s":[{"i":[[0,0],[0,-14.559],[18.126,0],[0,14.532],[-18.126,0]],"o":[[18.126,0],[0,14.532],[-18.126,0],[0,-14.559],[0,0]],"v":[[-130,-86.407],[-97.188,-40.051],[-130,-60.051],[-162.812,-40.051],[-130,-86.407]],"c":false}]},{"i":{"x":0.667,"y":1},"o":{"x":0.333,"y":0},"t":60,"s":[{"i":[[0,0],[0,-14.559],[18.126,0],[0,14.532],[-18.126,0]],"o":[[18.126,0],[0,14.532],[-18.126,0],[0,-14.559],[0,0]],"v":[[-130,-86.407],[-97.188,-40.051],[-130,-60.051],[-162.812,-40.051],[-130,-86.407]],"c":false}]},{"t":120,"s":[{"i":[[0,0],[0,-14.559],[18.126,0],[0,14.532],[-18.126,0]],"o":[[18.126,0],[0,14.532],[-18.126,0],[0,-14.559],[0,0]],"v":[[-140,-16.407],[-107.188,9.949],[-140,9.949],[-172.812,9.949],[-140,-16.407]],"c":false}]}],"ix":2},"nm":"Path 1","mn":"ADBE Vector Shape - Group","hd":false},{"ty":"fl","c":{"a":0,"k":[0.188235297799,0.176470592618,0.168627455831,1],"ix":4},"o":{"a":0,"k":100,"ix":5},"r":1,"bm":0,"nm":"Fill 1","mn":"ADBE Vector Graphic - Fill","hd":false},{"ty":"tr","p":{"a":0,"k":[0,-1],"ix":2},"a":{"a":0,"k":[0,0],"ix":1},"s":{"a":0,"k":[100,100],"ix":3},"r":{"a":0,"k":0,"ix":6},"o":{"a":0,"k":100,"ix":7},"sk":{"a":0,"k":0,"ix":4},"sa":{"a":0,"k":0,"ix":5},"nm":"Transform"}],"nm":"Group 1","np":2,"cix":2,"bm":0,"ix":1,"mn":"ADBE Vector Group","hd":false}],"ip":0,"op":180,"st":0,"bm":0},{"ddd":0,"ind":4,"ty":4,"nm":"Layer 2","sr":1,"ks":{"o":{"a":0,"k":100,"ix":11},"r":{"a":0,"k":0,"ix":10},"p":{"a":0,"k":[179.269,211.783,0],"ix":2,"l":2},"a":{"a":0,"k":[0,0,0],"ix":1,"l":2},"s":{"a":0,"k":[100,100,100],"ix":6,"l":2}},"ao":0,"shapes":[{"ty":"gr","it":[{"ind":0,"ty":"sh","ix":1,"ks":{"a":1,"k":[{"i":{"x":0.667,"y":1},"o":{"x":0.333,"y":0},"t":0,"s":[{"i":[[0,0],[0,-14.559],[18.126,0],[0,14.532],[-18.126,0]],"o":[[18.126,0],[0,14.532],[-18.126,0],[0,-14.559],[0,0]],"v":[[0,-16.407],[32.812,9.949],[0,9.949],[-32.812,9.949],[0,-16.407]],"c":false}]},{"i":{"x":0.667,"y":1},"o":{"x":0.333,"y":0},"t":23,"s":[{"i":[[0,0],[0,-14.559],[18.126,0],[0,14.532],[-18.126,0]],"o":[[18.126,0],[0,14.532],[-18.126,0],[0,-14.559],[0,0]],"v":[[13,-76.407],[45.812,-30.051],[13,-50.051],[-19.812,-30.051],[13,-76.407]],"c":false}]},{"i":{"x":0.667,"y":1},"o":{"x":0.333,"y":0},"t":47,"s":[{"i":[[0,0],[0,-14.559],[18.126,0],[0,14.532],[-18.126,0]],"o":[[18.126,0],[0,14.532],[-18.126,0],[0,-14.559],[0,0]],"v":[[13,-86.407],[45.812,-40.051],[13,-60.051],[-19.812,-40.051],[13,-86.407]],"c":false}]},{"i":{"x":0.667,"y":1},"o":{"x":0.333,"y":0},"t":60,"s":[{"i":[[0,0],[0,-14.559],[18.126,0],[0,14.532],[-18.126,0]],"o":[[18.126,0],[0,14.532],[-18.126,0],[0,-14.559],[0,0]],"v":[[13,-86.407],[45.812,-40.051],[13,-60.051],[-19.812,-40.051],[13,-86.407]],"c":false}]},{"t":120,"s":[{"i":[[0,0],[0,-14.559],[18.126,0],[0,14.532],[-18.126,0]],"o":[[18.126,0],[0,14.532],[-18.126,0],[0,-14.559],[0,0]],"v":[[0,-16.407],[32.812,9.949],[0,9.949],[-32.812,9.949],[0,-16.407]],"c":false}]}],"ix":2},"nm":"Path 1","mn":"ADBE Vector Shape - Group","hd":false},{"ty":"fl","c":{"a":0,"k":[0.188235297799,0.176470592618,0.168627455831,1],"ix":4},"o":{"a":0,"k":100,"ix":5},"r":1,"bm":0,"nm":"Fill 1","mn":"ADBE Vector Graphic - Fill","hd":false},{"ty":"tr","p":{"a":0,"k":[0,-1],"ix":2},"a":{"a":0,"k":[0,0],"ix":1},"s":{"a":0,"k":[100,100],"ix":3},"r":{"a":0,"k":0,"ix":6},"o":{"a":0,"k":100,"ix":7},"sk":{"a":0,"k":0,"ix":4},"sa":{"a":0,"k":0,"ix":5},"nm":"Transform"}],"nm":"Group 1","np":2,"cix":2,"bm":0,"ix":1,"mn":"ADBE Vector Group","hd":false}],"ip":0,"op":180,"st":0,"bm":0},{"ddd":0,"ind":5,"ty":4,"nm":"Layer 1","sr":1,"ks":{"o":{"a":0,"k":100,"ix":11},"r":{"a":0,"k":0,"ix":10},"p":{"a":0,"k":[250,250,0],"ix":2,"l":2},"a":{"a":0,"k":[0,0,0],"ix":1,"l":2},"s":{"a":1,"k":[{"i":{"x":[0.667,0.667,0.667],"y":[1,1,1]},"o":{"x":[0.333,0.333,0.333],"y":[0,0,0]},"t":0,"s":[100,100,100]},{"i":{"x":[0.667,0.667,0.667],"y":[1,1,1]},"o":{"x":[0.333,0.333,0.333],"y":[0,0,0]},"t":23,"s":[100,100,100]},{"i":{"x":[0.667,0.667,0.667],"y":[1,1,1]},"o":{"x":[0.333,0.333,0.333],"y":[0,0,0]},"t":47,"s":[96,100,100]},{"t":120,"s":[100,100,100]}],"ix":6,"l":2}},"ao":0,"shapes":[{"ty":"gr","it":[{"ind":0,"ty":"sh","ix":1,"ks":{"a":0,"k":{"i":[[96.493,0],[0,-96.494],[-96.494,0],[0,96.493]],"o":[[-96.494,0],[0,96.493],[96.493,0],[0,-96.494]],"v":[[0,-175],[-175,0],[0,175],[175,0]],"c":true},"ix":2},"nm":"Path 1","mn":"ADBE Vector Shape - Group","hd":false},{"ty":"fl","c":{"a":0,"k":[0.984313726425,0.819607853889,0.337254911661,1],"ix":4},"o":{"a":0,"k":100,"ix":5},"r":1,"bm":0,"nm":"Fill 1","mn":"ADBE Vector Graphic - Fill","hd":false},{"ty":"tr","p":{"a":0,"k":[0,0],"ix":2},"a":{"a":0,"k":[0,0],"ix":1},"s":{"a":0,"k":[100,100],"ix":3},"r":{"a":0,"k":0,"ix":6},"o":{"a":0,"k":100,"ix":7},"sk":{"a":0,"k":0,"ix":4},"sa":{"a":0,"k":0,"ix":5},"nm":"Transform"}],"nm":"Group 1","np":2,"cix":2,"bm":0,"ix":1,"mn":"ADBE Vector Group","hd":false}],"ip":0,"op":180,"st":0,"bm":0},{"ddd":0,"ind":6,"ty":4,"nm":"Layer 6","sr":1,"ks":{"o":{"a":1,"k":[{"i":{"x":[0.667],"y":[1]},"o":{"x":[0.333],"y":[0]},"t":91,"s":[100]},{"t":115,"s":[0]}],"ix":11},"r":{"a":0,"k":0,"ix":10},"p":{"a":1,"k":[{"i":{"x":0.667,"y":1},"o":{"x":0.333,"y":0},"t":23,"s":[250,89.286,0],"to":[0,0.833,0],"ti":[0,-38.895,0]},{"i":{"x":0.667,"y":1},"o":{"x":0.333,"y":0},"t":47,"s":[250,174.286,0],"to":[0,36.04,0],"ti":[0,-0.833,0]},{"t":115,"s":[250,300,0]}],"ix":2,"l":2},"a":{"a":0,"k":[0,0,0],"ix":1,"l":2},"s":{"a":1,"k":[{"i":{"x":[0.667,0.667,0.667],"y":[1,1,1]},"o":{"x":[0.333,0.333,0.333],"y":[0,0,0]},"t":23,"s":[0,0,100]},{"i":{"x":[0.667,0.667,0.667],"y":[1,1,1]},"o":{"x":[0.333,0.333,0.333],"y":[0,0,0]},"t":47,"s":[75,75,100]},{"t":115,"s":[100,100,100]}],"ix":6,"l":2}},"ao":0,"shapes":[{"ty":"gr","it":[{"ind":0,"ty":"sh","ix":1,"ks":{"a":0,"k":{"i":[[0,0],[-74.579,0],[0,-11.723],[0,0],[90.851,0],[0,-22.411]],"o":[[0,-11.723],[74.579,0],[0,0],[0,-22.411],[-90.851,0],[0,0]],"v":[[-135.037,-167.546],[0,-188.771],[135.037,-167.546],[164.5,-166.921],[0,-207.5],[-164.5,-166.921]],"c":true},"ix":2},"nm":"Path 1","mn":"ADBE Vector Shape - Group","hd":false},{"ty":"fl","c":{"a":0,"k":[0.254901975393,0.584313750267,0.819607853889,1],"ix":4},"o":{"a":0,"k":100,"ix":5},"r":1,"bm":0,"nm":"Fill 1","mn":"ADBE Vector Graphic - Fill","hd":false},{"ty":"tr","p":{"a":0,"k":[0,0],"ix":2},"a":{"a":0,"k":[0,0],"ix":1},"s":{"a":0,"k":[100,100],"ix":3},"r":{"a":0,"k":0,"ix":6},"o":{"a":0,"k":100,"ix":7},"sk":{"a":0,"k":0,"ix":4},"sa":{"a":0,"k":0,"ix":5},"nm":"Transform"}],"nm":"Group 1","np":2,"cix":2,"bm":0,"ix":1,"mn":"ADBE Vector Group","hd":false}],"ip":0,"op":180,"st":0,"bm":0}],"markers":[]}