{"v":"5.7.6","fr":60,"ip":0,"op":120,"w":500,"h":500,"nm":"Cold","ddd":0,"assets":[],"layers":[{"ddd":0,"ind":1,"ty":4,"nm":"Layer 9","parent":9,"sr":1,"ks":{"o":{"a":1,"k":[{"i":{"x":[0.667],"y":[1]},"o":{"x":[0.333],"y":[0]},"t":14,"s":[0]},{"i":{"x":[0.667],"y":[1]},"o":{"x":[0.333],"y":[0]},"t":36,"s":[100]},{"i":{"x":[0.833],"y":[0.833]},"o":{"x":[0.333],"y":[0]},"t":90,"s":[100]},{"t":109,"s":[0]}],"ix":11},"r":{"a":1,"k":[{"i":{"x":[0.667],"y":[1]},"o":{"x":[0.333],"y":[0]},"t":24,"s":[-14]},{"i":{"x":[0.667],"y":[1]},"o":{"x":[0.333],"y":[0]},"t":49,"s":[14]},{"i":{"x":[0.667],"y":[1]},"o":{"x":[0.333],"y":[0]},"t":76,"s":[-14]},{"t":104,"s":[14]}],"ix":10},"p":{"a":0,"k":[-28.854,-174.325,0],"ix":2,"l":2},"a":{"a":0,"k":[1.329,-43.991,0],"ix":1,"l":2},"s":{"a":0,"k":[100,100,100],"ix":6,"l":2}},"ao":0,"shapes":[{"ty":"gr","it":[{"ind":0,"ty":"sh","ix":1,"ks":{"a":0,"k":{"i":[[0,0],[11.354,-0.005],[0.003,-11.347],[0,0],[0.006,11.344]],"o":[[0.008,-11.351],[-11.341,-0.003],[0,11.348],[0,0],[0,0]],"v":[[20.544,-25.063],[-0.001,-45.609],[-20.544,-25.066],[0.001,45.609],[20.544,-25.063]],"c":false},"ix":2},"nm":"Path 1","mn":"ADBE Vector Shape - Group","hd":false},{"ty":"fl","c":{"a":0,"k":[0.964705884457,0.964705884457,0.964705884457,1],"ix":4},"o":{"a":0,"k":100,"ix":5},"r":1,"bm":0,"nm":"Fill 1","mn":"ADBE Vector Graphic - Fill","hd":false},{"ty":"tr","p":{"a":0,"k":[0,0],"ix":2},"a":{"a":0,"k":[0,0],"ix":1},"s":{"a":0,"k":[100,100],"ix":3},"r":{"a":0,"k":0,"ix":6},"o":{"a":0,"k":100,"ix":7},"sk":{"a":0,"k":0,"ix":4},"sa":{"a":0,"k":0,"ix":5},"nm":"Transform"}],"nm":"Group 1","np":2,"cix":2,"bm":0,"ix":1,"mn":"ADBE Vector Group","hd":false}],"ip":4,"op":184,"st":20,"bm":0},{"ddd":0,"ind":2,"ty":4,"nm":"Layer 8","parent":9,"sr":1,"ks":{"o":{"a":1,"k":[{"i":{"x":[0.667],"y":[1]},"o":{"x":[0.333],"y":[0]},"t":4,"s":[0]},{"i":{"x":[0.667],"y":[1]},"o":{"x":[0.333],"y":[0]},"t":26,"s":[100]},{"i":{"x":[0.667],"y":[1]},"o":{"x":[0.333],"y":[0]},"t":80,"s":[100]},{"t":99,"s":[0]}],"ix":11},"r":{"a":1,"k":[{"i":{"x":[0.667],"y":[1]},"o":{"x":[0.333],"y":[0]},"t":14,"s":[-14]},{"i":{"x":[0.667],"y":[1]},"o":{"x":[0.333],"y":[0]},"t":39,"s":[14]},{"i":{"x":[0.667],"y":[1]},"o":{"x":[0.333],"y":[0]},"t":66,"s":[-14]},{"t":94,"s":[14]}],"ix":10},"p":{"a":0,"k":[-150.42,-63.011,0],"ix":2,"l":2},"a":{"a":0,"k":[1.329,-43.991,0],"ix":1,"l":2},"s":{"a":0,"k":[100,100,100],"ix":6,"l":2}},"ao":0,"shapes":[{"ty":"gr","it":[{"ind":0,"ty":"sh","ix":1,"ks":{"a":0,"k":{"i":[[0,0],[11.354,-0.005],[0.003,-11.347],[0,0],[0.006,11.344]],"o":[[0.008,-11.351],[-11.341,-0.003],[0,11.348],[0,0],[0,0]],"v":[[20.544,-25.063],[-0.001,-45.609],[-20.544,-25.066],[0.001,45.609],[20.544,-25.063]],"c":false},"ix":2},"nm":"Path 1","mn":"ADBE Vector Shape - Group","hd":false},{"ty":"fl","c":{"a":0,"k":[0.964705884457,0.964705884457,0.964705884457,1],"ix":4},"o":{"a":0,"k":100,"ix":5},"r":1,"bm":0,"nm":"Fill 1","mn":"ADBE Vector Graphic - Fill","hd":false},{"ty":"tr","p":{"a":0,"k":[0,0],"ix":2},"a":{"a":0,"k":[0,0],"ix":1},"s":{"a":0,"k":[100,100],"ix":3},"r":{"a":0,"k":0,"ix":6},"o":{"a":0,"k":100,"ix":7},"sk":{"a":0,"k":0,"ix":4},"sa":{"a":0,"k":0,"ix":5},"nm":"Transform"}],"nm":"Group 1","np":2,"cix":2,"bm":0,"ix":1,"mn":"ADBE Vector Group","hd":false}],"ip":-6,"op":174,"st":-6,"bm":0},{"ddd":0,"ind":3,"ty":4,"nm":"Layer 7","parent":9,"sr":1,"ks":{"o":{"a":1,"k":[{"i":{"x":[0.667],"y":[1]},"o":{"x":[0.333],"y":[0]},"t":10,"s":[0]},{"i":{"x":[0.667],"y":[1]},"o":{"x":[0.333],"y":[0]},"t":32,"s":[100]},{"i":{"x":[0.667],"y":[1]},"o":{"x":[0.333],"y":[0]},"t":86,"s":[100]},{"t":105,"s":[0]}],"ix":11},"r":{"a":1,"k":[{"i":{"x":[0.667],"y":[1]},"o":{"x":[0.333],"y":[0]},"t":20,"s":[-14]},{"i":{"x":[0.667],"y":[1]},"o":{"x":[0.333],"y":[0]},"t":45,"s":[14]},{"i":{"x":[0.667],"y":[1]},"o":{"x":[0.333],"y":[0]},"t":72,"s":[-14]},{"t":100,"s":[14]}],"ix":10},"p":{"a":0,"k":[120.021,-120.99,0],"ix":2,"l":2},"a":{"a":0,"k":[1.329,-43.991,0],"ix":1,"l":2},"s":{"a":0,"k":[100,100,100],"ix":6,"l":2}},"ao":0,"shapes":[{"ty":"gr","it":[{"ind":0,"ty":"sh","ix":1,"ks":{"a":0,"k":{"i":[[0,0],[11.354,-0.005],[0.003,-11.347],[0,0],[0.006,11.344]],"o":[[0.008,-11.351],[-11.341,-0.003],[0,11.348],[0,0],[0,0]],"v":[[20.544,-25.063],[-0.001,-45.609],[-20.544,-25.066],[0.001,45.609],[20.544,-25.063]],"c":false},"ix":2},"nm":"Path 1","mn":"ADBE Vector Shape - Group","hd":false},{"ty":"fl","c":{"a":0,"k":[0.964705884457,0.964705884457,0.964705884457,1],"ix":4},"o":{"a":0,"k":100,"ix":5},"r":1,"bm":0,"nm":"Fill 1","mn":"ADBE Vector Graphic - Fill","hd":false},{"ty":"tr","p":{"a":0,"k":[0,0],"ix":2},"a":{"a":0,"k":[0,0],"ix":1},"s":{"a":0,"k":[100,100],"ix":3},"r":{"a":0,"k":0,"ix":6},"o":{"a":0,"k":100,"ix":7},"sk":{"a":0,"k":0,"ix":4},"sa":{"a":0,"k":0,"ix":5},"nm":"Transform"}],"nm":"Group 1","np":2,"cix":2,"bm":0,"ix":1,"mn":"ADBE Vector Group","hd":false}],"ip":0,"op":180,"st":0,"bm":0},{"ddd":0,"ind":4,"ty":4,"nm":"Layer 6","parent":9,"sr":1,"ks":{"o":{"a":0,"k":100,"ix":11},"r":{"a":0,"k":0,"ix":10},"p":{"a":0,"k":[0,83.676,0],"ix":2,"l":2},"a":{"a":0,"k":[0,0,0],"ix":1,"l":2},"s":{"a":0,"k":[100,100,100],"ix":6,"l":2}},"ao":0,"shapes":[{"ty":"gr","it":[{"ind":0,"ty":"sh","ix":1,"ks":{"a":1,"k":[{"i":{"x":0.667,"y":1},"o":{"x":0.167,"y":0.167},"t":0,"s":[{"i":[[0,0],[12.027,0],[0,0],[0.096,-12.097]],"o":[[-0.096,-12.097],[0,0],[-12.027,0],[0,0]],"v":[[76.562,10.938],[54.709,-10.938],[-54.708,-10.938],[-76.562,10.938]],"c":true}]},{"i":{"x":0.667,"y":1},"o":{"x":0.333,"y":0},"t":17,"s":[{"i":[[0,0],[12.027,0],[0,0],[0.096,-12.097]],"o":[[-0.096,-12.097],[0,0],[-12.027,0],[0,0]],"v":[[76.562,10.938],[54.709,-10.938],[-54.708,-10.938],[-76.562,10.938]],"c":true}]},{"i":{"x":0.667,"y":1},"o":{"x":0.333,"y":0},"t":26,"s":[{"i":[[0,0],[12.027,0],[0,0],[0.096,-12.097]],"o":[[-0.096,-12.097],[0,0],[-12.027,0],[0,0]],"v":[[76.562,10.938],[54.884,-15.934],[-54.534,-15.934],[-76.562,10.938]],"c":true}]},{"i":{"x":0.667,"y":1},"o":{"x":0.333,"y":0},"t":35,"s":[{"i":[[0,0],[12.027,0],[0,0],[0.096,-12.097]],"o":[[-0.096,-12.097],[0,0],[-12.027,0],[0,0]],"v":[[76.562,10.938],[54.709,-10.938],[-54.708,-10.938],[-76.562,10.938]],"c":true}]},{"i":{"x":0.667,"y":1},"o":{"x":0.333,"y":0},"t":44,"s":[{"i":[[0,0],[12.027,0],[0,0],[0.096,-12.097]],"o":[[-0.096,-12.097],[0,0],[-12.027,0],[0,0]],"v":[[76.562,10.938],[54.884,-15.934],[-54.534,-15.934],[-76.562,10.938]],"c":true}]},{"i":{"x":0.667,"y":1},"o":{"x":0.333,"y":0},"t":53,"s":[{"i":[[0,0],[12.027,0],[0,0],[0.096,-12.097]],"o":[[-0.096,-12.097],[0,0],[-12.027,0],[0,0]],"v":[[76.562,10.938],[54.709,-10.938],[-54.708,-10.938],[-76.562,10.938]],"c":true}]},{"i":{"x":0.667,"y":1},"o":{"x":0.333,"y":0},"t":62,"s":[{"i":[[0,0],[12.027,0],[0,0],[0.096,-12.097]],"o":[[-0.096,-12.097],[0,0],[-12.027,0],[0,0]],"v":[[76.562,10.938],[54.884,-15.934],[-54.534,-15.934],[-76.562,10.938]],"c":true}]},{"i":{"x":0.667,"y":1},"o":{"x":0.333,"y":0},"t":71,"s":[{"i":[[0,0],[12.027,0],[0,0],[0.096,-12.097]],"o":[[-0.096,-12.097],[0,0],[-12.027,0],[0,0]],"v":[[76.562,10.938],[54.709,-10.938],[-54.708,-10.938],[-76.562,10.938]],"c":true}]},{"i":{"x":0.667,"y":1},"o":{"x":0.333,"y":0},"t":80,"s":[{"i":[[0,0],[12.027,0],[0,0],[0.096,-12.097]],"o":[[-0.096,-12.097],[0,0],[-12.027,0],[0,0]],"v":[[76.562,10.938],[54.884,-15.934],[-54.534,-15.934],[-76.562,10.938]],"c":true}]},{"i":{"x":0.667,"y":1},"o":{"x":0.333,"y":0},"t":89,"s":[{"i":[[0,0],[12.027,0],[0,0],[0.096,-12.097]],"o":[[-0.096,-12.097],[0,0],[-12.027,0],[0,0]],"v":[[76.562,10.938],[54.709,-10.938],[-54.708,-10.938],[-76.562,10.938]],"c":true}]},{"i":{"x":0.833,"y":0.833},"o":{"x":0.333,"y":0},"t":98,"s":[{"i":[[0,0],[12.027,0],[0,0],[0.096,-12.097]],"o":[[-0.096,-12.097],[0,0],[-12.027,0],[0,0]],"v":[[76.562,10.938],[54.884,-15.934],[-54.534,-15.934],[-76.562,10.938]],"c":true}]},{"t":120,"s":[{"i":[[0,0],[12.027,0],[0,0],[0.096,-12.097]],"o":[[-0.096,-12.097],[0,0],[-12.027,0],[0,0]],"v":[[76.562,10.938],[54.709,-10.938],[-54.708,-10.938],[-76.562,10.938]],"c":true}]}],"ix":2},"nm":"Path 1","mn":"ADBE Vector Shape - Group","hd":false},{"ty":"fl","c":{"a":0,"k":[0.964705884457,0.964705884457,0.964705884457,1],"ix":4},"o":{"a":0,"k":100,"ix":5},"r":1,"bm":0,"nm":"Fill 1","mn":"ADBE Vector Graphic - Fill","hd":false},{"ty":"tr","p":{"a":0,"k":[0,0],"ix":2},"a":{"a":0,"k":[0,0],"ix":1},"s":{"a":0,"k":[100,100],"ix":3},"r":{"a":0,"k":0,"ix":6},"o":{"a":0,"k":100,"ix":7},"sk":{"a":0,"k":0,"ix":4},"sa":{"a":0,"k":0,"ix":5},"nm":"Transform"}],"nm":"Group 1","np":2,"cix":2,"bm":0,"ix":1,"mn":"ADBE Vector Group","hd":false}],"ip":0,"op":180,"st":0,"bm":0},{"ddd":0,"ind":5,"ty":4,"nm":"Layer 5","parent":9,"sr":1,"ks":{"o":{"a":0,"k":100,"ix":11},"r":{"a":0,"k":0,"ix":10},"p":{"a":0,"k":[0,39.926,0],"ix":2,"l":2},"a":{"a":0,"k":[0,0,0],"ix":1,"l":2},"s":{"a":0,"k":[100,100,100],"ix":6,"l":2}},"ao":0,"shapes":[{"ty":"gr","it":[{"ind":0,"ty":"sh","ix":1,"ks":{"a":1,"k":[{"i":{"x":0.667,"y":1},"o":{"x":0.167,"y":0.167},"t":0,"s":[{"i":[[0,0],[-12.027,0],[0,0],[-0.096,12.096]],"o":[[0.096,12.096],[0,0],[12.027,0],[0,0]],"v":[[-76.562,-10.938],[-54.708,10.938],[54.709,10.938],[76.562,-10.938]],"c":true}]},{"i":{"x":0.667,"y":1},"o":{"x":0.333,"y":0},"t":17,"s":[{"i":[[0,0],[-12.027,0],[0,0],[-0.096,12.096]],"o":[[0.096,12.096],[0,0],[12.027,0],[0,0]],"v":[[-76.562,-10.938],[-54.708,10.938],[54.709,10.938],[76.562,-10.938]],"c":true}]},{"i":{"x":0.667,"y":1},"o":{"x":0.333,"y":0},"t":25,"s":[{"i":[[0,0],[-12.027,0],[0,0],[-0.096,12.096]],"o":[[0.096,12.096],[0,0],[12.027,0],[0,0]],"v":[[-76.562,-10.938],[-54.708,17.938],[54.709,17.938],[76.562,-10.938]],"c":true}]},{"i":{"x":0.667,"y":1},"o":{"x":0.333,"y":0},"t":34,"s":[{"i":[[0,0],[-12.027,0],[0,0],[-0.096,12.096]],"o":[[0.096,12.096],[0,0],[12.027,0],[0,0]],"v":[[-76.562,-10.938],[-54.708,10.938],[54.709,10.938],[76.562,-10.938]],"c":true}]},{"i":{"x":0.667,"y":1},"o":{"x":0.333,"y":0},"t":42,"s":[{"i":[[0,0],[-12.027,0],[0,0],[-0.096,12.096]],"o":[[0.096,12.096],[0,0],[12.027,0],[0,0]],"v":[[-76.562,-10.938],[-54.708,17.938],[54.709,17.938],[76.562,-10.938]],"c":true}]},{"i":{"x":0.667,"y":1},"o":{"x":0.333,"y":0},"t":51,"s":[{"i":[[0,0],[-12.027,0],[0,0],[-0.096,12.096]],"o":[[0.096,12.096],[0,0],[12.027,0],[0,0]],"v":[[-76.562,-10.938],[-54.708,10.938],[54.709,10.938],[76.562,-10.938]],"c":true}]},{"i":{"x":0.667,"y":1},"o":{"x":0.333,"y":0},"t":59,"s":[{"i":[[0,0],[-12.027,0],[0,0],[-0.096,12.096]],"o":[[0.096,12.096],[0,0],[12.027,0],[0,0]],"v":[[-76.562,-10.938],[-54.708,17.938],[54.709,17.938],[76.562,-10.938]],"c":true}]},{"i":{"x":0.667,"y":1},"o":{"x":0.333,"y":0},"t":68,"s":[{"i":[[0,0],[-12.027,0],[0,0],[-0.096,12.096]],"o":[[0.096,12.096],[0,0],[12.027,0],[0,0]],"v":[[-76.562,-10.938],[-54.708,10.938],[54.709,10.938],[76.562,-10.938]],"c":true}]},{"i":{"x":0.667,"y":1},"o":{"x":0.333,"y":0},"t":76,"s":[{"i":[[0,0],[-12.027,0],[0,0],[-0.096,12.096]],"o":[[0.096,12.096],[0,0],[12.027,0],[0,0]],"v":[[-76.562,-10.938],[-54.708,17.938],[54.709,17.938],[76.562,-10.938]],"c":true}]},{"i":{"x":0.667,"y":1},"o":{"x":0.333,"y":0},"t":85,"s":[{"i":[[0,0],[-12.027,0],[0,0],[-0.096,12.096]],"o":[[0.096,12.096],[0,0],[12.027,0],[0,0]],"v":[[-76.562,-10.938],[-54.708,10.938],[54.709,10.938],[76.562,-10.938]],"c":true}]},{"i":{"x":0.667,"y":1},"o":{"x":0.333,"y":0},"t":93,"s":[{"i":[[0,0],[-12.027,0],[0,0],[-0.096,12.096]],"o":[[0.096,12.096],[0,0],[12.027,0],[0,0]],"v":[[-76.562,-10.938],[-54.708,17.938],[54.709,17.938],[76.562,-10.938]],"c":true}]},{"i":{"x":0.833,"y":0.833},"o":{"x":0.333,"y":0},"t":102,"s":[{"i":[[0,0],[-12.027,0],[0,0],[-0.096,12.096]],"o":[[0.096,12.096],[0,0],[12.027,0],[0,0]],"v":[[-76.562,-10.938],[-54.708,10.938],[54.709,10.938],[76.562,-10.938]],"c":true}]},{"t":120,"s":[{"i":[[0,0],[-12.027,0],[0,0],[-0.096,12.096]],"o":[[0.096,12.096],[0,0],[12.027,0],[0,0]],"v":[[-76.562,-10.938],[-54.708,10.938],[54.709,10.938],[76.562,-10.938]],"c":true}]}],"ix":2},"nm":"Path 1","mn":"ADBE Vector Shape - Group","hd":false},{"ty":"fl","c":{"a":0,"k":[0.964705884457,0.964705884457,0.964705884457,1],"ix":4},"o":{"a":0,"k":100,"ix":5},"r":1,"bm":0,"nm":"Fill 1","mn":"ADBE Vector Graphic - Fill","hd":false},{"ty":"tr","p":{"a":0,"k":[0,0],"ix":2},"a":{"a":0,"k":[0,0],"ix":1},"s":{"a":0,"k":[100,100],"ix":3},"r":{"a":0,"k":0,"ix":6},"o":{"a":0,"k":100,"ix":7},"sk":{"a":0,"k":0,"ix":4},"sa":{"a":0,"k":0,"ix":5},"nm":"Transform"}],"nm":"Group 1","np":2,"cix":2,"bm":0,"ix":1,"mn":"ADBE Vector Group","hd":false}],"ip":0,"op":180,"st":0,"bm":0},{"ddd":0,"ind":6,"ty":4,"nm":"Layer 4","parent":9,"sr":1,"ks":{"o":{"a":0,"k":100,"ix":11},"r":{"a":0,"k":0,"ix":10},"p":{"a":0,"k":[58.704,-53.641,0],"ix":2,"l":2},"a":{"a":0,"k":[0,0,0],"ix":1,"l":2},"s":{"a":0,"k":[100,100,100],"ix":6,"l":2}},"ao":0,"shapes":[{"ty":"gr","it":[{"ind":0,"ty":"sh","ix":1,"ks":{"a":1,"k":[{"i":{"x":0.667,"y":1},"o":{"x":0.167,"y":0.167},"t":17,"s":[{"i":[[0,0],[12.08,0],[0,18.109],[-12.08,0],[0,-18.137]],"o":[[0,18.109],[-12.08,0],[0,-18.137],[12.08,0],[0,0]],"v":[[21.875,0.005],[0,32.812],[-21.875,0.005],[0,-32.812],[21.875,0.005]],"c":false}]},{"i":{"x":0.667,"y":1},"o":{"x":0.333,"y":0},"t":30,"s":[{"i":[[0,0],[12.08,0],[0,18.109],[-12.08,0],[0,-18.137]],"o":[[0,18.109],[-12.08,0],[0,-18.137],[12.08,0],[0,0]],"v":[[21.576,20.003],[0.075,27.813],[-22.174,20.003],[-0.305,-10.315],[21.576,20.003]],"c":false}]},{"i":{"x":0.833,"y":0.833},"o":{"x":0.333,"y":0},"t":92,"s":[{"i":[[0,0],[12.08,0],[0,18.109],[-12.08,0],[0,-18.137]],"o":[[0,18.109],[-12.08,0],[0,-18.137],[12.08,0],[0,0]],"v":[[21.576,20.003],[0.075,27.813],[-22.174,20.003],[-0.305,-10.315],[21.576,20.003]],"c":false}]},{"t":102,"s":[{"i":[[0,0],[12.08,0],[0,18.109],[-12.08,0],[0,-18.137]],"o":[[0,18.109],[-12.08,0],[0,-18.137],[12.08,0],[0,0]],"v":[[21.875,0.005],[0,32.812],[-21.875,0.005],[0,-32.812],[21.875,0.005]],"c":false}]}],"ix":2},"nm":"Path 1","mn":"ADBE Vector Shape - Group","hd":false},{"ty":"fl","c":{"a":0,"k":[0.188235297799,0.176470592618,0.168627455831,1],"ix":4},"o":{"a":0,"k":100,"ix":5},"r":1,"bm":0,"nm":"Fill 1","mn":"ADBE Vector Graphic - Fill","hd":false},{"ty":"tr","p":{"a":0,"k":[0.237,-19.999],"ix":2},"a":{"a":0,"k":[0,0],"ix":1},"s":{"a":0,"k":[100,100],"ix":3},"r":{"a":0,"k":0,"ix":6},"o":{"a":0,"k":100,"ix":7},"sk":{"a":0,"k":0,"ix":4},"sa":{"a":0,"k":0,"ix":5},"nm":"Transform"}],"nm":"Group 1","np":2,"cix":2,"bm":0,"ix":1,"mn":"ADBE Vector Group","hd":false}],"ip":0,"op":180,"st":0,"bm":0},{"ddd":0,"ind":7,"ty":4,"nm":"Layer 3","parent":9,"sr":1,"ks":{"o":{"a":0,"k":100,"ix":11},"r":{"a":0,"k":0,"ix":10},"p":{"a":0,"k":[-58.704,-53.641,0],"ix":2,"l":2},"a":{"a":0,"k":[0,0,0],"ix":1,"l":2},"s":{"a":0,"k":[100,100,100],"ix":6,"l":2}},"ao":0,"shapes":[{"ty":"gr","it":[{"ind":0,"ty":"sh","ix":1,"ks":{"a":1,"k":[{"i":{"x":0.667,"y":1},"o":{"x":0.167,"y":0.167},"t":17,"s":[{"i":[[0,0],[12.07,0],[0,18.109],[-12.102,0],[0,-18.137]],"o":[[0,18.109],[-12.102,0],[0,-18.137],[12.07,0],[0,0]],"v":[[21.875,0.005],[0.022,32.812],[-21.875,0.005],[0.022,-32.812],[21.875,0.005]],"c":false}]},{"i":{"x":0.667,"y":1},"o":{"x":0.333,"y":0},"t":30,"s":[{"i":[[0,0],[12.08,0],[0,18.109],[-12.08,0],[0,-18.137]],"o":[[0,18.109],[-12.08,0],[0,-18.137],[12.08,0],[0,0]],"v":[[21.576,20.003],[0.075,27.813],[-22.174,20.003],[-0.305,-10.315],[21.576,20.003]],"c":false}]},{"i":{"x":0.833,"y":0.833},"o":{"x":0.333,"y":0},"t":92,"s":[{"i":[[0,0],[12.08,0],[0,18.109],[-12.08,0],[0,-18.137]],"o":[[0,18.109],[-12.08,0],[0,-18.137],[12.08,0],[0,0]],"v":[[21.576,20.003],[0.075,27.813],[-22.174,20.003],[-0.305,-10.315],[21.576,20.003]],"c":false}]},{"t":102,"s":[{"i":[[0,0],[12.07,0],[0,18.109],[-12.102,0],[0,-18.137]],"o":[[0,18.109],[-12.102,0],[0,-18.137],[12.07,0],[0,0]],"v":[[21.875,0.005],[0.022,32.812],[-21.875,0.005],[0.022,-32.812],[21.875,0.005]],"c":false}]}],"ix":2},"nm":"Path 1","mn":"ADBE Vector Shape - Group","hd":false},{"ty":"fl","c":{"a":0,"k":[0.188235297799,0.176470592618,0.168627455831,1],"ix":4},"o":{"a":0,"k":100,"ix":5},"r":1,"bm":0,"nm":"Fill 1","mn":"ADBE Vector Graphic - Fill","hd":false},{"ty":"tr","p":{"a":0,"k":[0.237,-19.999],"ix":2},"a":{"a":0,"k":[0,0],"ix":1},"s":{"a":0,"k":[100,100],"ix":3},"r":{"a":0,"k":0,"ix":6},"o":{"a":0,"k":100,"ix":7},"sk":{"a":0,"k":0,"ix":4},"sa":{"a":0,"k":0,"ix":5},"nm":"Transform"}],"nm":"Group 1","np":2,"cix":2,"bm":0,"ix":1,"mn":"ADBE Vector Group","hd":false}],"ip":0,"op":180,"st":0,"bm":0},{"ddd":0,"ind":8,"ty":4,"nm":"Layer 2","parent":9,"sr":1,"ks":{"o":{"a":0,"k":100,"ix":11},"r":{"a":0,"k":0,"ix":10},"p":{"a":0,"k":[0,61.801,0],"ix":2,"l":2},"a":{"a":0,"k":[0,0,0],"ix":1,"l":2},"s":{"a":0,"k":[100,100,100],"ix":6,"l":2}},"ao":0,"shapes":[{"ty":"gr","it":[{"ind":0,"ty":"sh","ix":1,"ks":{"a":0,"k":{"i":[[0,0],[0,0],[0,24.165],[-25.432,0],[0,0],[0,-24.161],[25.432,0]],"o":[[0,0],[-25.432,0],[0,-24.161],[0,0],[25.432,0],[0,24.165],[0,0]],"v":[[63.35,43.75],[-63.35,43.75],[-109.375,0],[-63.35,-43.75],[63.35,-43.75],[109.375,0],[63.35,43.75]],"c":false},"ix":2},"nm":"Path 1","mn":"ADBE Vector Shape - Group","hd":false},{"ty":"fl","c":{"a":0,"k":[0.188235297799,0.176470592618,0.168627455831,1],"ix":4},"o":{"a":0,"k":100,"ix":5},"r":1,"bm":0,"nm":"Fill 1","mn":"ADBE Vector Graphic - Fill","hd":false},{"ty":"tr","p":{"a":0,"k":[0,0],"ix":2},"a":{"a":0,"k":[0,0],"ix":1},"s":{"a":0,"k":[100,100],"ix":3},"r":{"a":0,"k":0,"ix":6},"o":{"a":0,"k":100,"ix":7},"sk":{"a":0,"k":0,"ix":4},"sa":{"a":0,"k":0,"ix":5},"nm":"Transform"}],"nm":"Group 1","np":2,"cix":2,"bm":0,"ix":1,"mn":"ADBE Vector Group","hd":false}],"ip":0,"op":180,"st":0,"bm":0},{"ddd":0,"ind":9,"ty":4,"nm":"Layer 1","sr":1,"ks":{"o":{"a":0,"k":100,"ix":11},"r":{"a":1,"k":[{"i":{"x":[0.667],"y":[1]},"o":{"x":[0.167],"y":[0.167]},"t":0,"s":[0]},{"i":{"x":[0.667],"y":[1]},"o":{"x":[0.333],"y":[0]},"t":4,"s":[-3]},{"i":{"x":[0.667],"y":[1]},"o":{"x":[0.333],"y":[0]},"t":8,"s":[0]},{"i":{"x":[0.667],"y":[1]},"o":{"x":[0.333],"y":[0]},"t":13,"s":[-2]},{"i":{"x":[0.667],"y":[1]},"o":{"x":[0.333],"y":[0]},"t":19,"s":[0]},{"i":{"x":[0.667],"y":[1]},"o":{"x":[0.333],"y":[0]},"t":26,"s":[-3]},{"i":{"x":[0.667],"y":[1]},"o":{"x":[0.333],"y":[0]},"t":33,"s":[0]},{"i":{"x":[0.667],"y":[1]},"o":{"x":[0.333],"y":[0]},"t":39,"s":[-2]},{"i":{"x":[0.667],"y":[1]},"o":{"x":[0.333],"y":[0]},"t":44,"s":[0]},{"i":{"x":[0.667],"y":[1]},"o":{"x":[0.333],"y":[0]},"t":49,"s":[-3]},{"i":{"x":[0.667],"y":[1]},"o":{"x":[0.333],"y":[0]},"t":55,"s":[0]},{"i":{"x":[0.667],"y":[1]},"o":{"x":[0.333],"y":[0]},"t":62,"s":[-2]},{"i":{"x":[0.667],"y":[1]},"o":{"x":[0.333],"y":[0]},"t":69,"s":[0]},{"i":{"x":[0.667],"y":[1]},"o":{"x":[0.333],"y":[0]},"t":78,"s":[-4]},{"i":{"x":[0.667],"y":[1]},"o":{"x":[0.333],"y":[0]},"t":88,"s":[0]},{"i":{"x":[0.667],"y":[1]},"o":{"x":[0.333],"y":[0]},"t":96,"s":[-2]},{"i":{"x":[0.667],"y":[1]},"o":{"x":[0.333],"y":[0]},"t":105,"s":[0]},{"i":{"x":[0.833],"y":[0.833]},"o":{"x":[0.333],"y":[0]},"t":113,"s":[-4]},{"t":120,"s":[0]}],"ix":10},"p":{"a":0,"k":[252,425,0],"ix":2,"l":2},"a":{"a":0,"k":[2,175,0],"ix":1,"l":2},"s":{"a":0,"k":[100,100,100],"ix":6,"l":2}},"ao":0,"shapes":[{"ty":"gr","it":[{"ind":0,"ty":"sh","ix":1,"ks":{"a":0,"k":{"i":[[96.494,0],[0,-96.494],[-96.493,0],[0,96.493]],"o":[[-96.493,0],[0,96.493],[96.494,0],[0,-96.494]],"v":[[0,-175],[-175,0],[0,175],[175,0]],"c":true},"ix":2},"nm":"Path 1","mn":"ADBE Vector Shape - Group","hd":false},{"ty":"fl","c":{"a":1,"k":[{"i":{"x":[0.667],"y":[1]},"o":{"x":[0.167],"y":[-0.187]},"t":0,"s":[0.984313726425,0.819607853889,0.337254911661,1]},{"i":{"x":[0.667],"y":[1]},"o":{"x":[0.333],"y":[0]},"t":20,"s":[0,0.588235318661,0.776470601559,1]},{"i":{"x":[0.833],"y":[0.813]},"o":{"x":[0.333],"y":[0]},"t":100,"s":[0,0.588235318661,0.776470601559,1]},{"t":120,"s":[0.984313726425,0.819607853889,0.337254911661,1]}],"ix":4},"o":{"a":0,"k":100,"ix":5},"r":1,"bm":0,"nm":"Fill 1","mn":"ADBE Vector Graphic - Fill","hd":false},{"ty":"tr","p":{"a":0,"k":[0,0],"ix":2},"a":{"a":0,"k":[0,0],"ix":1},"s":{"a":0,"k":[100,100],"ix":3},"r":{"a":0,"k":0,"ix":6},"o":{"a":0,"k":100,"ix":7},"sk":{"a":0,"k":0,"ix":4},"sa":{"a":0,"k":0,"ix":5},"nm":"Transform"}],"nm":"Group 1","np":2,"cix":2,"bm":0,"ix":1,"mn":"ADBE Vector Group","hd":false}],"ip":0,"op":180,"st":0,"bm":0}],"markers":[]}