{"v":"5.7.4","fr":60,"ip":0,"op":120,"w":500,"h":500,"nm":"emoji hurt","ddd":0,"assets":[],"layers":[{"ddd":0,"ind":1,"ty":3,"nm":"NULL CONTROL","parent":6,"sr":1,"ks":{"o":{"a":0,"k":0,"ix":11},"r":{"a":0,"k":0,"ix":10},"p":{"a":1,"k":[{"i":{"x":0.43,"y":1},"o":{"x":0.57,"y":0},"t":1,"s":[150.25,160.49,0],"to":[0,-5.667,0],"ti":[0,-5.263,0]},{"i":{"x":0.43,"y":1},"o":{"x":0.57,"y":0},"t":16,"s":[150.25,126.49,0],"to":[0,5.263,0],"ti":[0,-4.85,0]},{"i":{"x":0.43,"y":1},"o":{"x":0.57,"y":0},"t":37,"s":[150.25,192.069,0],"to":[0,4.85,0],"ti":[0,0,0]},{"i":{"x":0.43,"y":1},"o":{"x":0.57,"y":0},"t":78,"s":[150.25,155.588,0],"to":[0,0,0],"ti":[0,-0.817,0]},{"t":100,"s":[150.25,160.49,0]}],"ix":2,"l":2},"a":{"a":0,"k":[60,60,0],"ix":1,"l":2},"s":{"a":0,"k":[100,100,100],"ix":6,"l":2}},"ao":0,"ip":0,"op":123,"st":1,"bm":0},{"ddd":0,"ind":2,"ty":4,"nm":"Emoji_hurt_4 Outlines 2","parent":1,"sr":1,"ks":{"o":{"a":0,"k":100,"ix":11},"r":{"a":1,"k":[{"i":{"x":[0.39],"y":[1]},"o":{"x":[0.61],"y":[0]},"t":2,"s":[0]},{"i":{"x":[0.39],"y":[1]},"o":{"x":[0.61],"y":[0]},"t":17,"s":[0]},{"i":{"x":[0.39],"y":[1]},"o":{"x":[0.61],"y":[0]},"t":38,"s":[-18]},{"i":{"x":[0.833],"y":[1]},"o":{"x":[0.167],"y":[0]},"t":79,"s":[-10]},{"t":101,"s":[0]}],"ix":10},"p":{"a":1,"k":[{"i":{"x":0.39,"y":1},"o":{"x":0.61,"y":0},"t":2,"s":[-30.49,-26.523,0],"to":[0,-1.587,0],"ti":[0,0,0]},{"i":{"x":0.39,"y":1},"o":{"x":0.61,"y":0},"t":17,"s":[-30.49,-36.047,0],"to":[0,0,0],"ti":[0,0,0]},{"i":{"x":0.39,"y":1},"o":{"x":0.61,"y":0},"t":38,"s":[-30.49,-26.523,0],"to":[0,0,0],"ti":[0,0,0]},{"i":{"x":0.39,"y":1},"o":{"x":0.61,"y":0},"t":79,"s":[-30.49,-32.896,0],"to":[0,0,0],"ti":[0,-1.062,0]},{"t":101,"s":[-30.49,-26.523,0]}],"ix":2,"l":2},"a":{"a":0,"k":[0.602,0.592,0],"ix":1,"l":2},"s":{"a":0,"k":[100,100,100],"ix":6,"l":2}},"ao":0,"shapes":[{"ty":"gr","it":[{"ind":0,"ty":"sh","ix":1,"ks":{"a":0,"k":{"i":[[0.413,-1.464],[0.051,-0.705],[0.207,-1.286],[0.449,-1.745],[0.815,-2.038],[1.236,-2.202],[1.67,-2.16],[2.184,-1.803],[2.481,-1.359],[2.604,-0.774],[2.509,-0.265],[2.256,0.201],[1.044,0.174],[0.943,0.265],[2.028,1.007],[0,0],[-0.631,1.391],[-0.864,0.026],[0,0],[-2.033,-0.036],[-1.383,0.009],[-1.661,0.087],[-0.875,0.082],[-0.916,0.197],[-1.901,0.504],[-1.872,0.824],[-0.902,0.517],[-0.892,0.54],[-4.431,5.575],[-0.902,1.186],[-0.64,0.88],[-0.338,0.477],[-0.005,0.046],[-1.282,-0.481]],"o":[[0,-0.032],[-0.037,0.724],[-0.173,1.291],[-0.453,1.739],[-0.796,2.064],[-1.218,2.202],[-1.744,2.083],[-2.16,1.827],[-2.467,1.382],[-2.587,0.819],[-2.514,0.215],[-1.135,-0.06],[-1.038,-0.197],[-3.786,-0.975],[-2.023,-1.03],[-1.226,-0.723],[0.435,-0.953],[0,0],[0,0],[1.007,0.083],[1.387,0.059],[0.834,-0.018],[0.883,-0.078],[1.835,-0.26],[1.894,-0.549],[0.934,-0.408],[0.934,-0.431],[7.077,-4.381],[1.122,-1.396],[0.897,-1.204],[0.641,-0.888],[0.34,-0.481],[0.412,-1.455],[1.276,0.467]],"v":[[32.723,-19.648],[32.676,-18.507],[32.355,-15.463],[31.44,-10.872],[29.587,-5.149],[26.548,1.273],[22.139,7.814],[16.302,13.788],[9.303,18.618],[1.65,21.877],[-6.055,23.42],[-13.236,23.434],[-16.497,23.012],[-19.49,22.404],[-28.298,19.204],[-31.434,17.501],[-32.505,13.661],[-30.381,12.123],[-30.206,12.113],[-26.96,12.089],[-23.331,12.054],[-18.73,11.848],[-16.167,11.572],[-13.469,11.21],[-7.844,10.002],[-2.169,7.998],[0.605,6.662],[3.315,5.137],[20.757,-11.502],[23.76,-15.432],[26.076,-18.585],[27.559,-20.654],[28.085,-21.368],[31.158,-23.153]],"c":true},"ix":2},"nm":"Path 1","mn":"ADBE Vector Shape - Group","hd":false},{"ty":"fl","c":{"a":0,"k":[0.187999994615,0.176000004189,0.169000004787,1],"ix":4},"o":{"a":0,"k":100,"ix":5},"r":1,"bm":0,"nm":"Fill 1","mn":"ADBE Vector Graphic - Fill","hd":false},{"ty":"tr","p":{"a":0,"k":[33.385,23.885],"ix":2},"a":{"a":0,"k":[0,0],"ix":1},"s":{"a":0,"k":[100,100],"ix":3},"r":{"a":0,"k":0,"ix":6},"o":{"a":0,"k":100,"ix":7},"sk":{"a":0,"k":0,"ix":4},"sa":{"a":0,"k":0,"ix":5},"nm":"Transform"}],"nm":"Group 2","np":2,"cix":2,"bm":0,"ix":1,"mn":"ADBE Vector Group","hd":false}],"ip":0,"op":123,"st":2,"bm":0},{"ddd":0,"ind":3,"ty":4,"nm":"Emoji_hurt_4 Outlines","parent":1,"sr":1,"ks":{"o":{"a":0,"k":100,"ix":11},"r":{"a":1,"k":[{"i":{"x":[0.39],"y":[1]},"o":{"x":[0.61],"y":[0]},"t":2,"s":[0]},{"i":{"x":[0.39],"y":[1]},"o":{"x":[0.61],"y":[0]},"t":17,"s":[0]},{"i":{"x":[0.39],"y":[1]},"o":{"x":[0.61],"y":[0]},"t":38,"s":[18]},{"i":{"x":[0.833],"y":[1]},"o":{"x":[0.167],"y":[0]},"t":79,"s":[10]},{"t":101,"s":[0]}],"ix":10},"p":{"a":1,"k":[{"i":{"x":0.39,"y":1},"o":{"x":0.61,"y":0},"t":2,"s":[150.49,-26.523,0],"to":[0,-1.587,0],"ti":[0,0,0]},{"i":{"x":0.39,"y":1},"o":{"x":0.61,"y":0},"t":17,"s":[150.49,-36.047,0],"to":[0,0,0],"ti":[0,0,0]},{"i":{"x":0.39,"y":1},"o":{"x":0.61,"y":0},"t":38,"s":[150.49,-26.523,0],"to":[0,0,0],"ti":[0,0,0]},{"i":{"x":0.39,"y":1},"o":{"x":0.61,"y":0},"t":79,"s":[150.49,-32.896,0],"to":[0,0,0],"ti":[0,-1.062,0]},{"t":101,"s":[150.49,-26.523,0]}],"ix":2,"l":2},"a":{"a":0,"k":[181.583,0.592,0],"ix":1,"l":2},"s":{"a":0,"k":[100,100,100],"ix":6,"l":2}},"ao":0,"shapes":[{"ty":"gr","it":[{"ind":0,"ty":"sh","ix":1,"ks":{"a":0,"k":{"i":[[-0.416,-1.464],[-0.051,-0.705],[-0.197,-1.286],[-0.448,-1.745],[-0.816,-2.038],[-1.237,-2.202],[-1.676,-2.16],[-2.183,-1.803],[-2.481,-1.359],[-2.599,-0.774],[-2.512,-0.265],[-2.261,0.201],[-1.048,0.174],[-0.934,0.265],[-2.028,1.007],[0,0],[0.631,1.391],[0.874,0.026],[0,0],[2.033,-0.036],[1.386,0.009],[1.661,0.087],[0.875,0.082],[0.903,0.197],[1.901,0.504],[1.872,0.824],[0.902,0.517],[0.888,0.54],[4.434,5.575],[0.906,1.186],[0.641,0.88],[0.338,0.477],[0.005,0.046],[1.282,-0.481]],"o":[[-0.005,-0.032],[0.036,0.724],[0.178,1.291],[0.453,1.739],[0.787,2.064],[1.214,2.202],[1.748,2.083],[2.161,1.827],[2.463,1.382],[2.592,0.819],[2.509,0.215],[1.126,-0.06],[1.039,-0.197],[3.79,-0.975],[2.023,-1.03],[1.227,-0.723],[-0.435,-0.953],[0,0],[0,0],[-1.011,0.083],[-1.383,0.059],[-0.834,-0.018],[-0.883,-0.078],[-1.836,-0.26],[-1.899,-0.549],[-0.939,-0.408],[-0.929,-0.431],[-7.077,-4.381],[-1.123,-1.396],[-0.898,-1.204],[-0.64,-0.888],[-0.34,-0.481],[-0.416,-1.455],[-1.281,0.467]],"v":[[-32.721,-19.648],[-32.675,-18.507],[-32.359,-15.463],[-31.44,-10.872],[-29.585,-5.149],[-26.546,1.273],[-22.142,7.814],[-16.302,13.788],[-9.302,18.618],[-1.654,21.877],[6.055,23.42],[13.238,23.434],[16.498,23.012],[19.482,22.404],[28.299,19.204],[31.43,17.501],[32.506,13.661],[30.373,12.123],[30.203,12.113],[26.962,12.089],[23.328,12.054],[18.732,11.848],[16.168,11.572],[13.471,11.21],[7.845,10.002],[2.17,7.998],[-0.609,6.662],[-3.315,5.137],[-20.759,-11.502],[-23.758,-15.432],[-26.075,-18.585],[-27.557,-20.654],[-28.084,-21.368],[-31.156,-23.153]],"c":true},"ix":2},"nm":"Path 1","mn":"ADBE Vector Shape - Group","hd":false},{"ty":"fl","c":{"a":0,"k":[0.187999994615,0.176000004189,0.169000004787,1],"ix":4},"o":{"a":0,"k":100,"ix":5},"r":1,"bm":0,"nm":"Fill 1","mn":"ADBE Vector Graphic - Fill","hd":false},{"ty":"tr","p":{"a":0,"k":[148.799,23.885],"ix":2},"a":{"a":0,"k":[0,0],"ix":1},"s":{"a":0,"k":[100,100],"ix":3},"r":{"a":0,"k":0,"ix":6},"o":{"a":0,"k":100,"ix":7},"sk":{"a":0,"k":0,"ix":4},"sa":{"a":0,"k":0,"ix":5},"nm":"Transform"}],"nm":"Group 1","np":2,"cix":2,"bm":0,"ix":1,"mn":"ADBE Vector Group","hd":false}],"ip":0,"op":123,"st":2,"bm":0},{"ddd":0,"ind":4,"ty":4,"nm":"Emoji_hurt_3 Outlines","parent":1,"sr":1,"ks":{"o":{"a":0,"k":100,"ix":11},"r":{"a":0,"k":0,"ix":10},"p":{"a":0,"k":[60,34.81,0],"ix":2,"l":2},"a":{"a":0,"k":[79.626,28.375,0],"ix":1,"l":2},"s":{"a":0,"k":[100,100,100],"ix":6,"l":2}},"ao":0,"shapes":[{"ty":"gr","it":[{"ind":0,"ty":"sh","ix":1,"ks":{"a":0,"k":{"i":[[0,-15.533],[10.359,0],[0,15.536],[-10.358,0]],"o":[[0,15.536],[-10.358,0],[0,-15.533],[10.359,0]],"v":[[18.75,-0.009],[0,28.125],[-18.75,-0.009],[0,-28.125]],"c":true},"ix":2},"nm":"Path 1","mn":"ADBE Vector Shape - Group","hd":false},{"ty":"fl","c":{"a":0,"k":[0.187999994615,0.176000004189,0.169000004787,1],"ix":4},"o":{"a":0,"k":100,"ix":5},"r":1,"bm":0,"nm":"Fill 1","mn":"ADBE Vector Graphic - Fill","hd":false},{"ty":"tr","p":{"a":0,"k":[140.253,28.375],"ix":2},"a":{"a":0,"k":[0,0],"ix":1},"s":{"a":0,"k":[100,100],"ix":3},"r":{"a":0,"k":0,"ix":6},"o":{"a":0,"k":100,"ix":7},"sk":{"a":0,"k":0,"ix":4},"sa":{"a":0,"k":0,"ix":5},"nm":"Transform"}],"nm":"Group 1","np":2,"cix":2,"bm":0,"ix":1,"mn":"ADBE Vector Group","hd":false},{"ty":"gr","it":[{"ind":0,"ty":"sh","ix":1,"ks":{"a":0,"k":{"i":[[0,-15.533],[10.359,0],[0,15.536],[-10.358,0]],"o":[[0,15.536],[-10.358,0],[0,-15.533],[10.359,0]],"v":[[18.75,-0.009],[0,28.125],[-18.75,-0.009],[0,-28.125]],"c":true},"ix":2},"nm":"Path 1","mn":"ADBE Vector Shape - Group","hd":false},{"ty":"fl","c":{"a":0,"k":[0.187999994615,0.176000004189,0.169000004787,1],"ix":4},"o":{"a":0,"k":100,"ix":5},"r":1,"bm":0,"nm":"Fill 1","mn":"ADBE Vector Graphic - Fill","hd":false},{"ty":"tr","p":{"a":0,"k":[19,28.375],"ix":2},"a":{"a":0,"k":[0,0],"ix":1},"s":{"a":0,"k":[100,100],"ix":3},"r":{"a":0,"k":0,"ix":6},"o":{"a":0,"k":100,"ix":7},"sk":{"a":0,"k":0,"ix":4},"sa":{"a":0,"k":0,"ix":5},"nm":"Transform"}],"nm":"Group 2","np":2,"cix":2,"bm":0,"ix":2,"mn":"ADBE Vector Group","hd":false}],"ip":0,"op":123,"st":0,"bm":0},{"ddd":0,"ind":5,"ty":4,"nm":"Emoji_hurt_2 Outlines","parent":1,"sr":1,"ks":{"o":{"a":0,"k":100,"ix":11},"r":{"a":0,"k":0,"ix":10},"p":{"a":0,"k":[60,123.231,0],"ix":2,"l":2},"a":{"a":0,"k":[19,19,0],"ix":1,"l":2},"s":{"a":1,"k":[{"i":{"x":[0.43,0.43,0.43],"y":[1,1,1]},"o":{"x":[0.57,0.57,0.57],"y":[0,0,0]},"t":3,"s":[100,100,100]},{"i":{"x":[0.43,0.43,0.43],"y":[1,1,1]},"o":{"x":[0.57,0.57,0.57],"y":[0,0,0]},"t":18,"s":[136,136,100]},{"i":{"x":[0.833,0.833,0.833],"y":[1,1,1]},"o":{"x":[0.57,0.57,0.57],"y":[0,0,0]},"t":39,"s":[70,70,100]},{"t":79,"s":[100,100,100]}],"ix":6,"l":2}},"ao":0,"shapes":[{"ty":"gr","it":[{"ind":0,"ty":"sh","ix":1,"ks":{"a":0,"k":{"i":[[0,10.35],[-10.354,0],[0,-10.35],[10.354,0]],"o":[[0,-10.35],[10.354,0],[0,10.35],[-10.354,0]],"v":[[-18.75,0.005],[0,-18.75],[18.75,0.005],[0,18.75]],"c":true},"ix":2},"nm":"Path 1","mn":"ADBE Vector Shape - Group","hd":false},{"ty":"fl","c":{"a":0,"k":[0.187999994615,0.176000004189,0.169000004787,1],"ix":4},"o":{"a":0,"k":100,"ix":5},"r":1,"bm":0,"nm":"Fill 1","mn":"ADBE Vector Graphic - Fill","hd":false},{"ty":"tr","p":{"a":0,"k":[19,19],"ix":2},"a":{"a":0,"k":[0,0],"ix":1},"s":{"a":0,"k":[100,100],"ix":3},"r":{"a":0,"k":0,"ix":6},"o":{"a":0,"k":100,"ix":7},"sk":{"a":0,"k":0,"ix":4},"sa":{"a":0,"k":0,"ix":5},"nm":"Transform"}],"nm":"Group 1","np":2,"cix":2,"bm":0,"ix":1,"mn":"ADBE Vector Group","hd":false}],"ip":0,"op":123,"st":3,"bm":0},{"ddd":0,"ind":6,"ty":4,"nm":"Emoji_hurt_1 Outlines","sr":1,"ks":{"o":{"a":0,"k":100,"ix":11},"r":{"a":0,"k":0,"ix":10},"p":{"a":0,"k":[243,401,0],"ix":2,"l":2},"a":{"a":0,"k":[150.25,300.25,0],"ix":1,"l":2},"s":{"a":1,"k":[{"i":{"x":[0.43,0.43,0.43],"y":[1,1,1]},"o":{"x":[0.57,0.57,0.57],"y":[0,0,0]},"t":0,"s":[100,100,100]},{"i":{"x":[0.43,0.43,0.43],"y":[1,1,1]},"o":{"x":[0.57,0.57,0.57],"y":[0,0,0]},"t":15,"s":[95,105,100]},{"i":{"x":[0.43,0.43,0.43],"y":[1,1,1]},"o":{"x":[0.57,0.57,0.57],"y":[0,0,0]},"t":36,"s":[105,95,100]},{"i":{"x":[0.43,0.43,0.43],"y":[1,1,1]},"o":{"x":[0.57,0.57,0.57],"y":[0,0,0]},"t":77,"s":[98,102,100]},{"t":99,"s":[100,100,100]}],"ix":6,"l":2}},"ao":0,"shapes":[{"ty":"gr","it":[{"ind":0,"ty":"sh","ix":1,"ks":{"a":0,"k":{"i":[[82.723,0],[0,-82.709],[-82.704,0],[0,82.708]],"o":[[-82.704,0],[0,82.708],[82.723,0],[0,-82.709]],"v":[[0.005,-150],[-150,0],[0.005,150],[150,0]],"c":true},"ix":2},"nm":"Path 1","mn":"ADBE Vector Shape - Group","hd":false},{"ty":"fl","c":{"a":0,"k":[0.984000052658,0.819999964097,0.337000020345,1],"ix":4},"o":{"a":0,"k":100,"ix":5},"r":1,"bm":0,"nm":"Fill 1","mn":"ADBE Vector Graphic - Fill","hd":false},{"ty":"tr","p":{"a":0,"k":[150.25,150.25],"ix":2},"a":{"a":0,"k":[0,0],"ix":1},"s":{"a":0,"k":[100,100],"ix":3},"r":{"a":0,"k":0,"ix":6},"o":{"a":0,"k":100,"ix":7},"sk":{"a":0,"k":0,"ix":4},"sa":{"a":0,"k":0,"ix":5},"nm":"Transform"}],"nm":"Group 1","np":2,"cix":2,"bm":0,"ix":1,"mn":"ADBE Vector Group","hd":false}],"ip":0,"op":123,"st":0,"bm":0}],"markers":[]}