{"v":"5.7.4","fr":60,"ip":0,"op":150,"w":500,"h":500,"nm":"emoji_bad","ddd":0,"assets":[],"layers":[{"ddd":0,"ind":1,"ty":3,"nm":"NULL CONTROL","parent":5,"sr":1,"ks":{"o":{"a":0,"k":0,"ix":11},"r":{"a":0,"k":0,"ix":10},"p":{"a":1,"k":[{"i":{"x":0.4,"y":1},"o":{"x":0.6,"y":0},"t":1,"s":[150.25,154.045,0],"to":[0,-5.556,0],"ti":[0,-2.632,0]},{"i":{"x":0.4,"y":1},"o":{"x":0.6,"y":0},"t":16,"s":[150.25,120.712,0],"to":[0,2.632,0],"ti":[0,0,0]},{"i":{"x":0.4,"y":1},"o":{"x":0.6,"y":0},"t":36,"s":[150.25,169.835,0],"to":[0,0,0],"ti":[0,0,0]},{"i":{"x":0.4,"y":1},"o":{"x":0.6,"y":0},"t":56,"s":[150.25,120.712,0],"to":[0,0,0],"ti":[0,0,0]},{"i":{"x":0.4,"y":1},"o":{"x":0.6,"y":0},"t":76,"s":[150.25,169.835,0],"to":[0,0,0],"ti":[0,2.632,0]},{"i":{"x":0.4,"y":1},"o":{"x":0.6,"y":0},"t":96,"s":[150.25,120.712,0],"to":[0,-2.632,0],"ti":[0,-5.556,0]},{"t":116,"s":[150.25,154.045,0]}],"ix":2,"l":2},"a":{"a":0,"k":[60,60,0],"ix":1,"l":2},"s":{"a":0,"k":[100,100,100],"ix":6,"l":2}},"ao":0,"ip":0,"op":155,"st":1,"bm":0},{"ddd":0,"ind":2,"ty":4,"nm":"Emoji_bad_4 Outlines","parent":1,"sr":1,"ks":{"o":{"a":0,"k":100,"ix":11},"r":{"a":0,"k":0,"ix":10},"p":{"a":0,"k":[60,89.732,0],"ix":2,"l":2},"a":{"a":0,"k":[84.625,0.25,0],"ix":1,"l":2},"s":{"a":1,"k":[{"i":{"x":[0.58,0.58,0.58],"y":[1,1,1]},"o":{"x":[0.42,0.42,0.42],"y":[0,0,0]},"t":2,"s":[100,100,100]},{"i":{"x":[0.58,0.58,0.58],"y":[1,1,1]},"o":{"x":[0.42,0.42,0.42],"y":[0,0,0]},"t":17,"s":[87,87,100]},{"i":{"x":[0.58,0.58,0.58],"y":[1,1,1]},"o":{"x":[0.42,0.42,0.42],"y":[0,0,0]},"t":37,"s":[118,118,100]},{"i":{"x":[0.58,0.58,0.58],"y":[1,1,1]},"o":{"x":[0.42,0.42,0.42],"y":[0,0,0]},"t":57,"s":[92,92,100]},{"i":{"x":[0.58,0.58,0.58],"y":[1,1,1]},"o":{"x":[0.42,0.42,0.42],"y":[0,0,0]},"t":77,"s":[103,103,100]},{"i":{"x":[0.58,0.58,0.58],"y":[1,1,1]},"o":{"x":[0.42,0.42,0.42],"y":[0,0,0]},"t":97,"s":[96,96,100]},{"t":117,"s":[100,100,100]}],"ix":6,"l":2}},"ao":0,"shapes":[{"ty":"gr","it":[{"ind":0,"ty":"sh","ix":1,"ks":{"a":0,"k":{"i":[[0,0],[0,-0.068],[-15.564,0],[0,0],[0,15.422],[0.01,0.067]],"o":[[-0.01,0.067],[0,15.422],[0,0],[15.563,0],[0,-0.068],[0,0]],"v":[[-65.598,-14.062],[-65.625,-13.857],[-37.455,14.062],[37.454,14.062],[65.625,-13.857],[65.596,-14.062]],"c":true},"ix":2},"nm":"Path 1","mn":"ADBE Vector Shape - Group","hd":false},{"ty":"fl","c":{"a":0,"k":[0.964999988032,0.964999988032,0.964999988032,1],"ix":4},"o":{"a":0,"k":100,"ix":5},"r":1,"bm":0,"nm":"Fill 1","mn":"ADBE Vector Graphic - Fill","hd":false},{"ty":"tr","p":{"a":0,"k":[84.625,23.688],"ix":2},"a":{"a":0,"k":[0,0],"ix":1},"s":{"a":0,"k":[100,100],"ix":3},"r":{"a":0,"k":0,"ix":6},"o":{"a":0,"k":100,"ix":7},"sk":{"a":0,"k":0,"ix":4},"sa":{"a":0,"k":0,"ix":5},"nm":"Transform"}],"nm":"Group 1","np":2,"cix":2,"bm":0,"ix":1,"mn":"ADBE Vector Group","hd":false},{"ty":"gr","it":[{"ind":0,"ty":"sh","ix":1,"ks":{"a":0,"k":{"i":[[0,0],[-24.363,-12.827],[-14.621,0],[-12.03,6.321],[-5.769,5.589],[-1.804,19.802]],"o":[[2.582,28.138],[12.002,6.321],[14.63,0],[7.232,-3.805],[13.669,-13.266],[0,0]],"v":[[-84.375,-37.5],[-40.466,27.58],[-0.073,37.5],[40.338,27.58],[59.921,13.38],[84.375,-37.5]],"c":true},"ix":2},"nm":"Path 1","mn":"ADBE Vector Shape - Group","hd":false},{"ty":"fl","c":{"a":0,"k":[0.187999994615,0.176000004189,0.169000004787,1],"ix":4},"o":{"a":0,"k":100,"ix":5},"r":1,"bm":0,"nm":"Fill 1","mn":"ADBE Vector Graphic - Fill","hd":false},{"ty":"tr","p":{"a":0,"k":[84.625,37.75],"ix":2},"a":{"a":0,"k":[0,0],"ix":1},"s":{"a":0,"k":[100,100],"ix":3},"r":{"a":0,"k":0,"ix":6},"o":{"a":0,"k":100,"ix":7},"sk":{"a":0,"k":0,"ix":4},"sa":{"a":0,"k":0,"ix":5},"nm":"Transform"}],"nm":"Group 2","np":2,"cix":2,"bm":0,"ix":2,"mn":"ADBE Vector Group","hd":false}],"ip":0,"op":155,"st":2,"bm":0},{"ddd":0,"ind":3,"ty":4,"nm":"Emoji_bad_3 Outlines","parent":1,"sr":1,"ks":{"o":{"a":0,"k":100,"ix":11},"r":{"a":0,"k":0,"ix":10},"p":{"a":1,"k":[{"i":{"x":0.4,"y":1},"o":{"x":0.6,"y":0},"t":2,"s":[60,-7.232,0],"to":[0,-3.175,0],"ti":[0,0,0]},{"i":{"x":0.4,"y":1},"o":{"x":0.6,"y":0},"t":17,"s":[60,-26.28,0],"to":[0,0,0],"ti":[0,-1.587,0]},{"i":{"x":0.4,"y":1},"o":{"x":0.6,"y":0},"t":37,"s":[60,-7.232,0],"to":[0,1.587,0],"ti":[0,-0.425,0]},{"i":{"x":0.4,"y":1},"o":{"x":0.6,"y":0},"t":57,"s":[60,-16.756,0],"to":[0,0.425,0],"ti":[0,0,0]},{"i":{"x":0.4,"y":1},"o":{"x":0.6,"y":0},"t":77,"s":[60,-4.681,0],"to":[0,0,0],"ti":[0,0.425,0]},{"i":{"x":0.4,"y":1},"o":{"x":0.6,"y":0},"t":97,"s":[60,-16.756,0],"to":[0,-0.425,0],"ti":[0,-1.587,0]},{"t":117,"s":[60,-7.232,0]}],"ix":2,"l":2},"a":{"a":0,"k":[80.716,23.884,0],"ix":1,"l":2},"s":{"a":0,"k":[100,100,100],"ix":6,"l":2}},"ao":0,"shapes":[{"ty":"gr","it":[{"ind":0,"ty":"sh","ix":1,"ks":{"a":0,"k":{"i":[[-0.412,-1.465],[-0.037,-0.705],[-0.202,-1.286],[-0.458,-1.749],[-0.824,-2.038],[-1.236,-2.201],[-1.684,-2.161],[-2.188,-1.804],[-2.482,-1.359],[-2.601,-0.773],[-2.517,-0.265],[-2.251,0.201],[-1.053,0.174],[-0.933,0.266],[-2.015,1.007],[0,0],[0.632,1.392],[0.87,0.027],[0,0],[2.033,-0.036],[1.391,0.009],[1.657,0.087],[0.88,0.081],[0.915,0.197],[1.896,0.504],[1.895,0.824],[0.906,0.518],[0.87,0.541],[4.449,5.576],[0.907,1.186],[0.65,0.878],[0.348,0.475],[0.019,0.046],[1.272,-0.481]],"o":[[0,-0.032],[0.046,0.723],[0.182,1.291],[0.449,1.735],[0.786,2.064],[1.208,2.203],[1.741,2.082],[2.151,1.826],[2.462,1.383],[2.58,0.82],[2.509,0.215],[1.127,-0.06],[1.044,-0.197],[3.782,-0.975],[2.033,-1.03],[1.226,-0.723],[-0.43,-0.952],[0,0],[0,0],[-1.007,0.083],[-1.383,0.06],[-0.842,-0.018],[-0.888,-0.078],[-1.823,-0.261],[-1.895,-0.549],[-0.915,-0.407],[-0.924,-0.43],[-7.077,-4.381],[-1.108,-1.396],[-0.87,-1.204],[-0.641,-0.889],[-0.348,-0.481],[-0.411,-1.456],[-1.291,0.466]],"v":[[-32.721,-19.647],[-32.684,-18.507],[-32.354,-15.463],[-31.43,-10.867],[-29.58,-5.149],[-26.55,1.272],[-22.138,7.814],[-16.296,13.788],[-9.301,18.617],[-1.647,21.876],[6.061,23.419],[13.238,23.433],[16.507,23.012],[19.491,22.403],[28.299,19.203],[31.44,17.5],[32.501,13.66],[30.386,12.122],[30.213,12.113],[26.962,12.089],[23.337,12.053],[18.741,11.847],[16.177,11.573],[13.468,11.211],[7.855,10.002],[2.161,7.997],[-0.604,6.66],[-3.305,5.136],[-20.764,-11.504],[-23.767,-15.431],[-26.074,-18.585],[-27.557,-20.654],[-28.089,-21.368],[-31.146,-23.153]],"c":true},"ix":2},"nm":"Path 1","mn":"ADBE Vector Shape - Group","hd":false},{"ty":"fl","c":{"a":0,"k":[0.187999994615,0.176000004189,0.169000004787,1],"ix":4},"o":{"a":0,"k":100,"ix":5},"r":1,"bm":0,"nm":"Fill 1","mn":"ADBE Vector Graphic - Fill","hd":false},{"ty":"tr","p":{"a":0,"k":[33.383,23.884],"ix":2},"a":{"a":0,"k":[0,0],"ix":1},"s":{"a":0,"k":[100,100],"ix":3},"r":{"a":0,"k":0,"ix":6},"o":{"a":0,"k":100,"ix":7},"sk":{"a":0,"k":0,"ix":4},"sa":{"a":0,"k":0,"ix":5},"nm":"Transform"}],"nm":"Group 1","np":2,"cix":2,"bm":0,"ix":1,"mn":"ADBE Vector Group","hd":false},{"ty":"gr","it":[{"ind":0,"ty":"sh","ix":1,"ks":{"a":0,"k":{"i":[[0.413,-1.465],[0.036,-0.705],[0.201,-1.286],[0.431,-1.749],[0.824,-2.038],[1.236,-2.201],[1.675,-2.161],[2.189,-1.804],[2.481,-1.359],[2.609,-0.773],[2.526,-0.265],[2.252,0.201],[1.053,0.174],[0.943,0.266],[2.033,1.007],[0,0],[-0.632,1.392],[-0.871,0.027],[0,0],[-2.032,-0.036],[-1.382,0.009],[-1.657,0.087],[-0.862,0.081],[-0.916,0.197],[-1.914,0.504],[-1.868,0.824],[-0.906,0.518],[-0.878,0.541],[-4.44,5.576],[-0.906,1.186],[-0.631,0.878],[-0.32,0.475],[0,0.046],[-1.291,-0.481]],"o":[[0,-0.032],[-0.046,0.723],[-0.174,1.291],[-0.458,1.735],[-0.796,2.064],[-1.209,2.203],[-1.749,2.082],[-2.151,1.826],[-2.463,1.383],[-2.582,0.82],[-2.499,0.215],[-1.126,-0.06],[-1.025,-0.197],[-3.772,-0.975],[-2.032,-1.03],[-1.227,-0.723],[0.431,-0.952],[0,0],[0,0],[1.007,0.083],[1.392,0.06],[0.852,-0.018],[0.887,-0.078],[1.832,-0.261],[1.877,-0.549],[0.916,-0.407],[0.942,-0.43],[7.068,-4.381],[1.098,-1.396],[0.906,-1.204],[0.65,-0.889],[0.349,-0.481],[0.411,-1.456],[1.273,0.466]],"v":[[32.721,-19.647],[32.684,-18.507],[32.364,-15.463],[31.458,-10.867],[29.589,-5.149],[26.55,1.272],[22.147,7.814],[16.296,13.788],[9.303,18.617],[1.648,21.876],[-6.061,23.419],[-13.239,23.433],[-16.507,23.012],[-19.501,22.403],[-28.3,19.203],[-31.43,17.5],[-32.502,13.66],[-30.386,12.122],[-30.204,12.113],[-26.963,12.089],[-23.327,12.053],[-18.74,11.847],[-16.176,11.573],[-13.468,11.211],[-7.837,10.002],[-2.161,7.997],[0.604,6.66],[3.314,5.136],[20.773,-11.504],[23.768,-15.431],[26.074,-18.585],[27.557,-20.654],[28.088,-21.368],[31.164,-23.153]],"c":true},"ix":2},"nm":"Path 1","mn":"ADBE Vector Shape - Group","hd":false},{"ty":"fl","c":{"a":0,"k":[0.187999994615,0.176000004189,0.169000004787,1],"ix":4},"o":{"a":0,"k":100,"ix":5},"r":1,"bm":0,"nm":"Fill 1","mn":"ADBE Vector Graphic - Fill","hd":false},{"ty":"tr","p":{"a":0,"k":[128.048,23.884],"ix":2},"a":{"a":0,"k":[0,0],"ix":1},"s":{"a":0,"k":[100,100],"ix":3},"r":{"a":0,"k":0,"ix":6},"o":{"a":0,"k":100,"ix":7},"sk":{"a":0,"k":0,"ix":4},"sa":{"a":0,"k":0,"ix":5},"nm":"Transform"}],"nm":"Group 2","np":2,"cix":2,"bm":0,"ix":2,"mn":"ADBE Vector Group","hd":false}],"ip":0,"op":155,"st":2,"bm":0},{"ddd":0,"ind":4,"ty":4,"nm":"Emoji_bad_2 Outlines","parent":1,"sr":1,"ks":{"o":{"a":0,"k":100,"ix":11},"r":{"a":0,"k":0,"ix":10},"p":{"a":0,"k":[60,30.176,0],"ix":2,"l":2},"a":{"a":0,"k":[69.317,28.375,0],"ix":1,"l":2},"s":{"a":0,"k":[100,100,100],"ix":6,"l":2}},"ao":0,"shapes":[{"ty":"gr","it":[{"ind":0,"ty":"sh","ix":1,"ks":{"a":0,"k":{"i":[[0,-15.532],[10.354,0],[0,15.532],[-10.364,0]],"o":[[0,15.532],[-10.364,0],[0,-15.532],[10.354,0]],"v":[[18.75,-0.01],[0,28.126],[-18.75,-0.01],[0,-28.126]],"c":true},"ix":2},"nm":"Path 1","mn":"ADBE Vector Shape - Group","hd":false},{"ty":"fl","c":{"a":0,"k":[0.187999994615,0.176000004189,0.169000004787,1],"ix":4},"o":{"a":0,"k":100,"ix":5},"r":1,"bm":0,"nm":"Fill 1","mn":"ADBE Vector Graphic - Fill","hd":false},{"ty":"tr","p":{"a":0,"k":[119.635,28.376],"ix":2},"a":{"a":0,"k":[0,0],"ix":1},"s":{"a":0,"k":[100,100],"ix":3},"r":{"a":0,"k":0,"ix":6},"o":{"a":0,"k":100,"ix":7},"sk":{"a":0,"k":0,"ix":4},"sa":{"a":0,"k":0,"ix":5},"nm":"Transform"}],"nm":"Group 1","np":2,"cix":2,"bm":0,"ix":1,"mn":"ADBE Vector Group","hd":false},{"ty":"gr","it":[{"ind":0,"ty":"sh","ix":1,"ks":{"a":0,"k":{"i":[[0,-15.532],[10.363,0],[0,15.532],[-10.355,0]],"o":[[0,15.532],[-10.355,0],[0,-15.532],[10.363,0]],"v":[[18.75,-0.01],[0,28.126],[-18.75,-0.01],[0,-28.126]],"c":true},"ix":2},"nm":"Path 1","mn":"ADBE Vector Shape - Group","hd":false},{"ty":"fl","c":{"a":0,"k":[0.187999994615,0.176000004189,0.169000004787,1],"ix":4},"o":{"a":0,"k":100,"ix":5},"r":1,"bm":0,"nm":"Fill 1","mn":"ADBE Vector Graphic - Fill","hd":false},{"ty":"tr","p":{"a":0,"k":[19,28.376],"ix":2},"a":{"a":0,"k":[0,0],"ix":1},"s":{"a":0,"k":[100,100],"ix":3},"r":{"a":0,"k":0,"ix":6},"o":{"a":0,"k":100,"ix":7},"sk":{"a":0,"k":0,"ix":4},"sa":{"a":0,"k":0,"ix":5},"nm":"Transform"}],"nm":"Group 2","np":2,"cix":2,"bm":0,"ix":2,"mn":"ADBE Vector Group","hd":false}],"ip":0,"op":155,"st":0,"bm":0},{"ddd":0,"ind":5,"ty":4,"nm":"Emoji_bad_1 Outlines","sr":1,"ks":{"o":{"a":0,"k":100,"ix":11},"r":{"a":0,"k":0,"ix":10},"p":{"a":0,"k":[243,401,0],"ix":2,"l":2},"a":{"a":0,"k":[150.25,300.25,0],"ix":1,"l":2},"s":{"a":1,"k":[{"i":{"x":[0.4,0.4,0.4],"y":[1,1,1]},"o":{"x":[0.6,0.6,0.6],"y":[0,0,0]},"t":0,"s":[100,100,100]},{"i":{"x":[0.4,0.4,0.4],"y":[1,1,1]},"o":{"x":[0.6,0.6,0.6],"y":[0,0,0]},"t":15,"s":[95,105,100]},{"i":{"x":[0.4,0.4,0.4],"y":[1,1,1]},"o":{"x":[0.6,0.6,0.6],"y":[0,0,0]},"t":35,"s":[105,95,100]},{"i":{"x":[0.4,0.4,0.4],"y":[1,1,1]},"o":{"x":[0.6,0.6,0.6],"y":[0,0,0]},"t":55,"s":[95,105,100]},{"i":{"x":[0.4,0.4,0.4],"y":[1,1,1]},"o":{"x":[0.6,0.6,0.6],"y":[0,0,0]},"t":75,"s":[108.316,98,100]},{"i":{"x":[0.4,0.4,0.4],"y":[1,1,1]},"o":{"x":[0.6,0.6,0.6],"y":[0,0,0]},"t":95,"s":[95,105,100]},{"t":115,"s":[100,100,100]}],"ix":6,"l":2}},"ao":0,"shapes":[{"ty":"gr","it":[{"ind":0,"ty":"sh","ix":1,"ks":{"a":0,"k":{"i":[[82.718,0],[0,-82.709],[-82.709,0],[0,82.708]],"o":[[-82.709,0],[0,82.708],[82.718,0],[0,-82.709]],"v":[[0,-150],[-150,0],[0,150],[150,0]],"c":true},"ix":2},"nm":"Path 1","mn":"ADBE Vector Shape - Group","hd":false},{"ty":"fl","c":{"a":0,"k":[0.984000052658,0.819999964097,0.337000020345,1],"ix":4},"o":{"a":0,"k":100,"ix":5},"r":1,"bm":0,"nm":"Fill 1","mn":"ADBE Vector Graphic - Fill","hd":false},{"ty":"tr","p":{"a":0,"k":[150.25,150.25],"ix":2},"a":{"a":0,"k":[0,0],"ix":1},"s":{"a":0,"k":[100,100],"ix":3},"r":{"a":0,"k":0,"ix":6},"o":{"a":0,"k":100,"ix":7},"sk":{"a":0,"k":0,"ix":4},"sa":{"a":0,"k":0,"ix":5},"nm":"Transform"}],"nm":"Group 1","np":2,"cix":2,"bm":0,"ix":1,"mn":"ADBE Vector Group","hd":false}],"ip":0,"op":155,"st":0,"bm":0}],"markers":[]}