{"v":"5.7.4","fr":60,"ip":60,"op":181,"w":500,"h":500,"nm":"emojilol 2","ddd":0,"assets":[],"layers":[{"ddd":0,"ind":1,"ty":4,"nm":"emoji_loltears_tears 2","parent":6,"sr":1,"ks":{"o":{"a":0,"k":100,"ix":11},"r":{"a":0,"k":0,"ix":10},"p":{"a":0,"k":[-5.838,34.781,0],"ix":2,"l":2},"a":{"a":0,"k":[58.844,0.25,0],"ix":1,"l":2},"s":{"a":1,"k":[{"i":{"x":[0.4,0.4,0.4],"y":[1,1,1]},"o":{"x":[0.167,0.167,0.167],"y":[0,0,0]},"t":73,"s":[100,100,100]},{"i":{"x":[0.196,0.196,0.4],"y":[1,1,1]},"o":{"x":[0.6,0.6,0.6],"y":[0,0,0]},"t":83,"s":[90,90,100]},{"i":{"x":[0.5,0.5,0.5],"y":[1,1,1]},"o":{"x":[0.6,0.6,0.6],"y":[0,0,0]},"t":103,"s":[130,130,100]},{"i":{"x":[0.5,0.5,0.5],"y":[1,1,1]},"o":{"x":[0.5,0.5,0.5],"y":[0,0,0]},"t":163,"s":[130,130,100]},{"t":178,"s":[100,100,100]}],"ix":6,"l":2}},"ao":0,"shapes":[{"ty":"gr","it":[{"ind":0,"ty":"sh","ix":1,"ks":{"a":0,"k":{"i":[[9.394,-9.385],[9.398,9.406],[-9.388,9.399],[0,0]],"o":[[-9.393,9.406],[-9.388,-9.385],[9.398,-9.392],[0,0]],"v":[[14.112,19.895],[-19.909,19.895],[-19.909,-14.118],[29.297,-29.301]],"c":true},"ix":2},"nm":"Path 1","mn":"ADBE Vector Shape - Group","hd":false},{"ty":"fl","c":{"a":0,"k":[0,0.588000009574,0.776000019148,1],"ix":4},"o":{"a":0,"k":100,"ix":5},"r":1,"bm":0,"nm":"Fill 1","mn":"ADBE Vector Graphic - Fill","hd":false},{"ty":"tr","p":{"a":0,"k":[29.547,29.551],"ix":2},"a":{"a":0,"k":[0,0],"ix":1},"s":{"a":0,"k":[100,100],"ix":3},"r":{"a":0,"k":0,"ix":6},"o":{"a":0,"k":100,"ix":7},"sk":{"a":0,"k":0,"ix":4},"sa":{"a":0,"k":0,"ix":5},"nm":"Transform"}],"nm":"Group 2","np":2,"cix":2,"bm":0,"ix":1,"mn":"ADBE Vector Group","hd":false}],"ip":13,"op":314,"st":13,"bm":0},{"ddd":0,"ind":2,"ty":4,"nm":"emoji_loltears_tears","parent":6,"sr":1,"ks":{"o":{"a":0,"k":100,"ix":11},"r":{"a":0,"k":0,"ix":10},"p":{"a":0,"k":[181.181,34.781,0],"ix":2,"l":2},"a":{"a":0,"k":[245.863,0.25,0],"ix":1,"l":2},"s":{"a":1,"k":[{"i":{"x":[0.4,0.4,0.4],"y":[1,1,1]},"o":{"x":[0.167,0.167,0.167],"y":[0,0,0]},"t":73,"s":[100,100,100]},{"i":{"x":[0.196,0.196,0.4],"y":[1,1,1]},"o":{"x":[0.6,0.6,0.6],"y":[0,0,0]},"t":83,"s":[90,90,100]},{"i":{"x":[0.5,0.5,0.5],"y":[1,1,1]},"o":{"x":[0.6,0.6,0.6],"y":[0,0,0]},"t":103,"s":[130,130,100]},{"i":{"x":[0.5,0.5,0.5],"y":[1,1,1]},"o":{"x":[0.5,0.5,0.5],"y":[0,0,0]},"t":163,"s":[130,130,100]},{"t":178,"s":[100,100,100]}],"ix":6,"l":2}},"ao":0,"shapes":[{"ty":"gr","it":[{"ind":0,"ty":"sh","ix":1,"ks":{"a":0,"k":{"i":[[-9.393,-9.385],[-9.389,9.406],[9.393,9.399],[0,0]],"o":[[9.394,9.406],[9.393,-9.385],[-9.389,-9.392],[0,0]],"v":[[-14.111,19.895],[19.906,19.895],[19.906,-14.118],[-29.299,-29.301]],"c":true},"ix":2},"nm":"Path 1","mn":"ADBE Vector Shape - Group","hd":false},{"ty":"fl","c":{"a":0,"k":[0,0.588000009574,0.776000019148,1],"ix":4},"o":{"a":0,"k":100,"ix":5},"r":1,"bm":0,"nm":"Fill 1","mn":"ADBE Vector Graphic - Fill","hd":false},{"ty":"tr","p":{"a":0,"k":[275.162,29.551],"ix":2},"a":{"a":0,"k":[0,0],"ix":1},"s":{"a":0,"k":[100,100],"ix":3},"r":{"a":0,"k":0,"ix":6},"o":{"a":0,"k":100,"ix":7},"sk":{"a":0,"k":0,"ix":4},"sa":{"a":0,"k":0,"ix":5},"nm":"Transform"}],"nm":"Group 1","np":2,"cix":2,"bm":0,"ix":1,"mn":"ADBE Vector Group","hd":false}],"ip":13,"op":314,"st":13,"bm":0},{"ddd":0,"ind":3,"ty":3,"nm":"NULL CONTROL","parent":7,"sr":1,"ks":{"o":{"a":0,"k":0,"ix":11},"r":{"a":1,"k":[{"i":{"x":[0.4],"y":[1]},"o":{"x":[0.167],"y":[0]},"t":71,"s":[0]},{"i":{"x":[0.196],"y":[1]},"o":{"x":[0.6],"y":[0]},"t":81,"s":[-5]},{"i":{"x":[0.5],"y":[1]},"o":{"x":[0.6],"y":[0]},"t":101,"s":[9]},{"i":{"x":[0.5],"y":[1]},"o":{"x":[0.5],"y":[0]},"t":111,"s":[0]},{"i":{"x":[0.5],"y":[1]},"o":{"x":[0.5],"y":[0]},"t":121,"s":[-9]},{"i":{"x":[0.5],"y":[1]},"o":{"x":[0.5],"y":[0]},"t":131,"s":[0]},{"i":{"x":[0.5],"y":[1]},"o":{"x":[0.5],"y":[0]},"t":141,"s":[9]},{"i":{"x":[0.5],"y":[1]},"o":{"x":[0.5],"y":[0]},"t":151,"s":[0]},{"i":{"x":[0.5],"y":[1]},"o":{"x":[0.5],"y":[0]},"t":161,"s":[-9]},{"t":176,"s":[0]}],"ix":10},"p":{"a":1,"k":[{"i":{"x":0.4,"y":1},"o":{"x":0.6,"y":0},"t":71,"s":[152.415,144.559,0],"to":[-0.85,-2.288,0],"ti":[0,-3.335,0]},{"i":{"x":0.196,"y":1},"o":{"x":0.6,"y":0},"t":81,"s":[147.313,130.833,0],"to":[0,3.335,0],"ti":[-0.85,-2.288,0]},{"i":{"x":0.5,"y":1},"o":{"x":0.6,"y":0},"t":101,"s":[152.415,164.567,0],"to":[0.85,2.288,0],"ti":[0,0,0]},{"i":{"x":0.5,"y":1},"o":{"x":0.5,"y":0},"t":111,"s":[152.415,144.559,0],"to":[0,0,0],"ti":[0,0,0]},{"i":{"x":0.5,"y":1},"o":{"x":0.5,"y":0},"t":121,"s":[152.415,164.567,0],"to":[0,0,0],"ti":[0,0,0]},{"i":{"x":0.5,"y":1},"o":{"x":0.5,"y":0},"t":131,"s":[152.415,144.559,0],"to":[0,0,0],"ti":[0,0,0]},{"i":{"x":0.5,"y":1},"o":{"x":0.5,"y":0},"t":141,"s":[152.415,164.567,0],"to":[0,0,0],"ti":[0,0,0]},{"i":{"x":0.5,"y":1},"o":{"x":0.5,"y":0},"t":151,"s":[152.415,144.559,0],"to":[0,0,0],"ti":[0,0,0]},{"i":{"x":0.5,"y":1},"o":{"x":0.5,"y":0},"t":161,"s":[152.415,164.567,0],"to":[0,0,0],"ti":[0,3.335,0]},{"t":176,"s":[152.415,144.559,0]}],"ix":2,"l":2},"a":{"a":0,"k":[60,60,0],"ix":1,"l":2},"s":{"a":0,"k":[100,100,100],"ix":6,"l":2}},"ao":0,"ip":1,"op":302,"st":1,"bm":0},{"ddd":0,"ind":4,"ty":4,"nm":"emoji_loltears_dientes","parent":5,"sr":1,"ks":{"o":{"a":0,"k":100,"ix":11},"r":{"a":0,"k":0,"ix":10},"p":{"a":0,"k":[94.001,23.688,0],"ix":2,"l":2},"a":{"a":0,"k":[65.875,14.312,0],"ix":1,"l":2},"s":{"a":0,"k":[100,100,100],"ix":6,"l":2}},"ao":0,"shapes":[{"ty":"gr","it":[{"ind":0,"ty":"sh","ix":1,"ks":{"a":0,"k":{"i":[[0,0],[0,-0.068],[-15.564,0],[0,0],[0,15.422],[0.005,0.068]],"o":[[-0.005,0.068],[0,15.422],[0,0],[15.564,0],[0,-0.068],[0,0]],"v":[[-65.603,-14.062],[-65.625,-13.856],[-37.45,14.062],[37.449,14.062],[65.625,-13.856],[65.601,-14.062]],"c":true},"ix":2},"nm":"Path 1","mn":"ADBE Vector Shape - Group","hd":false},{"ty":"fl","c":{"a":0,"k":[0.964999988032,0.964999988032,0.964999988032,1],"ix":4},"o":{"a":0,"k":100,"ix":5},"r":1,"bm":0,"nm":"Fill 1","mn":"ADBE Vector Graphic - Fill","hd":false},{"ty":"tr","p":{"a":0,"k":[65.875,14.312],"ix":2},"a":{"a":0,"k":[0,0],"ix":1},"s":{"a":0,"k":[100,100],"ix":3},"r":{"a":0,"k":0,"ix":6},"o":{"a":0,"k":100,"ix":7},"sk":{"a":0,"k":0,"ix":4},"sa":{"a":0,"k":0,"ix":5},"nm":"Transform"}],"nm":"Group 1","np":2,"cix":2,"bm":0,"ix":1,"mn":"ADBE Vector Group","hd":false}],"ip":0,"op":301,"st":0,"bm":0},{"ddd":0,"ind":5,"ty":4,"nm":"emoji_loltears_mouth","parent":3,"sr":1,"ks":{"o":{"a":0,"k":100,"ix":11},"r":{"a":0,"k":0,"ix":10},"p":{"a":0,"k":[57.835,108.063,0],"ix":2,"l":2},"a":{"a":0,"k":[94,37.75,0],"ix":1,"l":2},"s":{"a":1,"k":[{"i":{"x":[0.4,0.4,0.4],"y":[1,1,1]},"o":{"x":[0.167,0.167,0.167],"y":[0,0,0]},"t":72,"s":[100,100,100]},{"i":{"x":[0.196,0.196,0.4],"y":[1,1,1]},"o":{"x":[0.6,0.6,0.6],"y":[0,0,0]},"t":82,"s":[100,100,100]},{"i":{"x":[0.5,0.5,0.5],"y":[1,1,1]},"o":{"x":[0.6,0.6,0.6],"y":[0,0,0]},"t":102,"s":[120,120,100]},{"i":{"x":[0.5,0.5,0.5],"y":[1,1,1]},"o":{"x":[0.5,0.5,0.5],"y":[0,0,0]},"t":112,"s":[100,100,100]},{"i":{"x":[0.5,0.5,0.5],"y":[1,1,1]},"o":{"x":[0.5,0.5,0.5],"y":[0,0,0]},"t":122,"s":[109,109,100]},{"i":{"x":[0.5,0.5,0.5],"y":[1,1,1]},"o":{"x":[0.5,0.5,0.5],"y":[0,0,0]},"t":132,"s":[100,100,100]},{"i":{"x":[0.5,0.5,0.5],"y":[1,1,1]},"o":{"x":[0.5,0.5,0.5],"y":[0,0,0]},"t":142,"s":[109,109,100]},{"i":{"x":[0.5,0.5,0.5],"y":[1,1,1]},"o":{"x":[0.5,0.5,0.5],"y":[0,0,0]},"t":152,"s":[100,100,100]},{"i":{"x":[0.5,0.5,0.5],"y":[1,1,1]},"o":{"x":[0.5,0.5,0.5],"y":[0,0,0]},"t":162,"s":[109,109,100]},{"t":177,"s":[100,100,100]}],"ix":6,"l":2}},"ao":0,"shapes":[{"ty":"gr","it":[{"ind":0,"ty":"sh","ix":1,"ks":{"a":1,"k":[{"i":{"x":0.4,"y":1},"o":{"x":0.167,"y":0},"t":72,"s":[{"i":[[21.79,0],[0,0],[0,20.719],[-21.789,0],[0,0],[0,-20.705]],"o":[[0,0],[-21.789,0],[0,-20.705],[0,0],[21.79,0],[0,20.719]],"v":[[54.3,37.5],[-54.3,37.5],[-93.75,-0.005],[-54.3,-37.5],[54.3,-37.5],[93.75,-0.005]],"c":true}]},{"i":{"x":0.196,"y":1},"o":{"x":0.6,"y":0},"t":82,"s":[{"i":[[21.79,0],[0,0],[0,20.719],[-21.789,0],[0,0],[0,-20.705]],"o":[[0,0],[-21.789,0],[0,-20.705],[0,0],[21.79,0],[0,20.719]],"v":[[44.096,37.5],[-44.096,37.5],[-83.546,-0.005],[-44.096,-37.5],[44.096,-37.5],[83.546,-0.005]],"c":true}]},{"i":{"x":0.5,"y":1},"o":{"x":0.6,"y":0},"t":102,"s":[{"i":[[21.79,0],[0,0],[0,20.719],[-21.789,0],[0,0],[0,-20.705]],"o":[[0,0],[-21.789,0],[0,-20.705],[0,0],[21.79,0],[0,20.719]],"v":[[54.3,37.5],[-54.3,37.5],[-93.75,-0.005],[-54.3,-37.5],[54.3,-37.5],[93.75,-0.005]],"c":true}]},{"i":{"x":0.5,"y":1},"o":{"x":0.5,"y":0},"t":112,"s":[{"i":[[21.79,0],[0,0],[0,20.719],[-21.789,0],[0,0],[0,-20.705]],"o":[[0,0],[-21.789,0],[0,-20.705],[0,0],[21.79,0],[0,20.719]],"v":[[44.096,37.5],[-44.096,37.5],[-83.546,-0.005],[-44.096,-37.5],[44.096,-37.5],[83.546,-0.005]],"c":true}]},{"i":{"x":0.5,"y":1},"o":{"x":0.5,"y":0},"t":122,"s":[{"i":[[21.79,0],[0,0],[0,20.719],[-21.789,0],[0,0],[0,-20.705]],"o":[[0,0],[-21.789,0],[0,-20.705],[0,0],[21.79,0],[0,20.719]],"v":[[54.3,37.5],[-54.3,37.5],[-93.75,-0.005],[-54.3,-37.5],[54.3,-37.5],[93.75,-0.005]],"c":true}]},{"i":{"x":0.5,"y":1},"o":{"x":0.5,"y":0},"t":132,"s":[{"i":[[21.79,0],[0,0],[0,20.719],[-21.789,0],[0,0],[0,-20.705]],"o":[[0,0],[-21.789,0],[0,-20.705],[0,0],[21.79,0],[0,20.719]],"v":[[44.096,37.5],[-44.096,37.5],[-83.546,-0.005],[-44.096,-37.5],[44.096,-37.5],[83.546,-0.005]],"c":true}]},{"i":{"x":0.5,"y":1},"o":{"x":0.5,"y":0},"t":142,"s":[{"i":[[21.79,0],[0,0],[0,20.719],[-21.789,0],[0,0],[0,-20.705]],"o":[[0,0],[-21.789,0],[0,-20.705],[0,0],[21.79,0],[0,20.719]],"v":[[54.3,37.5],[-54.3,37.5],[-93.75,-0.005],[-54.3,-37.5],[54.3,-37.5],[93.75,-0.005]],"c":true}]},{"i":{"x":0.5,"y":1},"o":{"x":0.5,"y":0},"t":152,"s":[{"i":[[21.79,0],[0,0],[0,20.719],[-21.789,0],[0,0],[0,-20.705]],"o":[[0,0],[-21.789,0],[0,-20.705],[0,0],[21.79,0],[0,20.719]],"v":[[44.096,37.5],[-44.096,37.5],[-83.546,-0.005],[-44.096,-37.5],[44.096,-37.5],[83.546,-0.005]],"c":true}]},{"i":{"x":0.5,"y":1},"o":{"x":0.5,"y":0},"t":162,"s":[{"i":[[21.79,0],[0,0],[0,20.719],[-21.789,0],[0,0],[0,-20.705]],"o":[[0,0],[-21.789,0],[0,-20.705],[0,0],[21.79,0],[0,20.719]],"v":[[54.3,37.5],[-54.3,37.5],[-93.75,-0.005],[-54.3,-37.5],[54.3,-37.5],[93.75,-0.005]],"c":true}]},{"t":177,"s":[{"i":[[21.79,0],[0,0],[0,20.719],[-21.789,0],[0,0],[0,-20.705]],"o":[[0,0],[-21.789,0],[0,-20.705],[0,0],[21.79,0],[0,20.719]],"v":[[54.3,37.5],[-54.3,37.5],[-93.75,-0.005],[-54.3,-37.5],[54.3,-37.5],[93.75,-0.005]],"c":true}]}],"ix":2},"nm":"Path 1","mn":"ADBE Vector Shape - Group","hd":false},{"ty":"fl","c":{"a":0,"k":[0.187999994615,0.176000004189,0.169000004787,1],"ix":4},"o":{"a":0,"k":100,"ix":5},"r":1,"bm":0,"nm":"Fill 1","mn":"ADBE Vector Graphic - Fill","hd":false},{"ty":"tr","p":{"a":0,"k":[94,37.75],"ix":2},"a":{"a":0,"k":[0,0],"ix":1},"s":{"a":0,"k":[100,100],"ix":3},"r":{"a":0,"k":0,"ix":6},"o":{"a":0,"k":100,"ix":7},"sk":{"a":0,"k":0,"ix":4},"sa":{"a":0,"k":0,"ix":5},"nm":"Transform"}],"nm":"Group 1","np":2,"cix":2,"bm":0,"ix":1,"mn":"ADBE Vector Group","hd":false}],"ip":2,"op":303,"st":2,"bm":0},{"ddd":0,"ind":6,"ty":4,"nm":"emoji_loltears_eyes","parent":3,"sr":1,"ks":{"o":{"a":0,"k":100,"ix":11},"r":{"a":0,"k":0,"ix":10},"p":{"a":0,"k":[62.165,11.937,0],"ix":2,"l":2},"a":{"a":0,"k":[91.999,17.772,0],"ix":1,"l":2},"s":{"a":0,"k":[100,100,100],"ix":6,"l":2}},"ao":0,"shapes":[{"ty":"gr","it":[{"ind":0,"ty":"sh","ix":1,"ks":{"a":0,"k":{"i":[[15.532,0],[0,12.46],[-15.536,0],[0,-12.469]],"o":[[-15.536,0],[0,-12.469],[15.532,0],[0,12.46]],"v":[[0.009,5.062],[-28.125,5.062],[0.009,-17.523],[28.125,5.062]],"c":true},"ix":2},"nm":"Path 1","mn":"ADBE Vector Shape - Group","hd":false},{"ty":"fl","c":{"a":0,"k":[0.187999994615,0.176000004189,0.169000004787,1],"ix":4},"o":{"a":0,"k":100,"ix":5},"r":1,"bm":0,"nm":"Fill 1","mn":"ADBE Vector Graphic - Fill","hd":false},{"ty":"tr","p":{"a":0,"k":[155.623,17.773],"ix":2},"a":{"a":0,"k":[0,0],"ix":1},"s":{"a":0,"k":[100,100],"ix":3},"r":{"a":0,"k":0,"ix":6},"o":{"a":0,"k":100,"ix":7},"sk":{"a":0,"k":0,"ix":4},"sa":{"a":0,"k":0,"ix":5},"nm":"Transform"}],"nm":"Group 1","np":2,"cix":2,"bm":0,"ix":1,"mn":"ADBE Vector Group","hd":false},{"ty":"gr","it":[{"ind":0,"ty":"sh","ix":1,"ks":{"a":0,"k":{"i":[[-15.537,0],[0,-12.469],[15.537,0],[0,12.46]],"o":[[15.537,0],[0,12.46],[-15.537,0],[0,-12.469]],"v":[[0.004,-17.523],[28.125,5.063],[0.004,5.063],[-28.125,5.063]],"c":true},"ix":2},"nm":"Path 1","mn":"ADBE Vector Shape - Group","hd":false},{"ty":"fl","c":{"a":0,"k":[0.187999994615,0.176000004189,0.169000004787,1],"ix":4},"o":{"a":0,"k":100,"ix":5},"r":1,"bm":0,"nm":"Fill 1","mn":"ADBE Vector Graphic - Fill","hd":false},{"ty":"tr","p":{"a":0,"k":[28.375,17.773],"ix":2},"a":{"a":0,"k":[0,0],"ix":1},"s":{"a":0,"k":[100,100],"ix":3},"r":{"a":0,"k":0,"ix":6},"o":{"a":0,"k":100,"ix":7},"sk":{"a":0,"k":0,"ix":4},"sa":{"a":0,"k":0,"ix":5},"nm":"Transform"}],"nm":"Group 2","np":2,"cix":2,"bm":0,"ix":2,"mn":"ADBE Vector Group","hd":false}],"ip":0,"op":301,"st":0,"bm":0},{"ddd":0,"ind":7,"ty":4,"nm":"emoji_loltears_face","sr":1,"ks":{"o":{"a":0,"k":100,"ix":11},"r":{"a":0,"k":0,"ix":10},"p":{"a":0,"k":[243,401,0],"ix":2,"l":2},"a":{"a":0,"k":[150.25,300.25,0],"ix":1,"l":2},"s":{"a":1,"k":[{"i":{"x":[0.4,0.4,0.4],"y":[1,1,1]},"o":{"x":[0.167,0.167,0.167],"y":[0,0,0]},"t":70,"s":[100,100,100]},{"i":{"x":[0.196,0.189,0.4],"y":[1,1,1]},"o":{"x":[0.6,0.6,0.6],"y":[0,0,0]},"t":80,"s":[98,102,100]},{"i":{"x":[0.5,0.5,0.5],"y":[1,1,1]},"o":{"x":[0.6,0.6,0.6],"y":[0,0,0]},"t":100,"s":[102,98,100]},{"i":{"x":[0.5,0.5,0.5],"y":[1,1,1]},"o":{"x":[0.5,0.5,0.5],"y":[0,0,0]},"t":110,"s":[98,102,100]},{"i":{"x":[0.5,0.5,0.5],"y":[1,1,1]},"o":{"x":[0.5,0.5,0.5],"y":[0,0,0]},"t":120,"s":[102,98,100]},{"i":{"x":[0.5,0.5,0.5],"y":[1,1,1]},"o":{"x":[0.5,0.5,0.5],"y":[0,0,0]},"t":130,"s":[98,102,100]},{"i":{"x":[0.5,0.5,0.5],"y":[1,1,1]},"o":{"x":[0.5,0.5,0.5],"y":[0,0,0]},"t":140,"s":[102,98,100]},{"i":{"x":[0.5,0.5,0.5],"y":[1,1,1]},"o":{"x":[0.5,0.5,0.5],"y":[0,0,0]},"t":150,"s":[98,102,100]},{"i":{"x":[0.5,0.5,0.5],"y":[1,1,1]},"o":{"x":[0.5,0.5,0.5],"y":[0,0,0]},"t":160,"s":[102,98,100]},{"t":175,"s":[100,100,100]}],"ix":6,"l":2}},"ao":0,"shapes":[{"ty":"gr","it":[{"ind":0,"ty":"sh","ix":1,"ks":{"a":0,"k":{"i":[[82.708,0],[0,-82.709],[-82.709,0],[0,82.708]],"o":[[-82.709,0],[0,82.708],[82.708,0],[0,-82.709]],"v":[[0,-150],[-150,0],[0,150],[150,0]],"c":true},"ix":2},"nm":"Path 1","mn":"ADBE Vector Shape - Group","hd":false},{"ty":"fl","c":{"a":0,"k":[0.984000052658,0.819999964097,0.337000020345,1],"ix":4},"o":{"a":0,"k":100,"ix":5},"r":1,"bm":0,"nm":"Fill 1","mn":"ADBE Vector Graphic - Fill","hd":false},{"ty":"tr","p":{"a":0,"k":[150.25,150.25],"ix":2},"a":{"a":0,"k":[0,0],"ix":1},"s":{"a":0,"k":[100,100],"ix":3},"r":{"a":0,"k":0,"ix":6},"o":{"a":0,"k":100,"ix":7},"sk":{"a":0,"k":0,"ix":4},"sa":{"a":0,"k":0,"ix":5},"nm":"Transform"}],"nm":"Group 1","np":2,"cix":2,"bm":0,"ix":1,"mn":"ADBE Vector Group","hd":false}],"ip":0,"op":301,"st":0,"bm":0}],"markers":[]}