{"v":"5.7.4","fr":100,"ip":0,"op":301,"w":130,"h":58,"nm":"button","ddd":0,"assets":[],"layers":[{"ddd":0,"ind":1,"ty":4,"nm":"illustration Outlines","sr":1,"ks":{"o":{"a":0,"k":100,"ix":11},"r":{"a":0,"k":0,"ix":10},"p":{"a":0,"k":[65,29,0],"ix":2,"l":2},"a":{"a":0,"k":[65,29,0],"ix":1,"l":2},"s":{"a":0,"k":[100,100,100],"ix":6,"l":2}},"ao":0,"shapes":[{"ty":"gr","it":[{"ind":0,"ty":"sh","ix":1,"ks":{"a":0,"k":{"i":[[-0.579,4.799],[-4.876,-0.569],[0.579,-4.799],[4.876,0.569]],"o":[[0.579,4.799],[-4.876,0.569],[-0.579,-4.799],[4.876,-0.569]],"v":[[16.832,35.351],[26.132,44.503],[16.832,53.655],[7.533,44.503]],"c":true},"ix":2},"nm":"Path 1","mn":"ADBE Vector Shape - Group","hd":false},{"ty":"fl","c":{"a":0,"k":[0.596078431373,0.90588241278,1,1],"ix":4},"o":{"a":0,"k":100,"ix":5},"r":1,"bm":0,"nm":"Fill 1","mn":"ADBE Vector Graphic - Fill","hd":false},{"ty":"tr","p":{"a":0,"k":[16.832,44.503],"ix":2},"a":{"a":0,"k":[16.832,44.503],"ix":1},"s":{"a":1,"k":[{"i":{"x":[0.5,0.5],"y":[1,1]},"o":{"x":[0.5,0.5],"y":[0,0]},"t":0,"s":[100,100]},{"i":{"x":[0.5,0.5],"y":[1,1]},"o":{"x":[0.5,0.5],"y":[0,0]},"t":112,"s":[40,40]},{"i":{"x":[0.451,0.451],"y":[1,1]},"o":{"x":[0.5,0.5],"y":[0,0]},"t":212,"s":[90,90]},{"t":300,"s":[100,100]}],"ix":3},"r":{"a":0,"k":0,"ix":6},"o":{"a":1,"k":[{"i":{"x":[0.5],"y":[1]},"o":{"x":[0.5],"y":[0]},"t":0,"s":[10]},{"i":{"x":[0.5],"y":[1]},"o":{"x":[0.5],"y":[0]},"t":112,"s":[100]},{"i":{"x":[0.451],"y":[1]},"o":{"x":[0.5],"y":[0]},"t":212,"s":[70]},{"t":300,"s":[10]}],"ix":7},"sk":{"a":0,"k":0,"ix":4},"sa":{"a":0,"k":0,"ix":5},"nm":"Transform"}],"nm":"star 1","np":2,"cix":2,"bm":0,"ix":1,"mn":"ADBE Vector Group","hd":false},{"ty":"gr","it":[{"ind":0,"ty":"sh","ix":1,"ks":{"a":0,"k":{"i":[[-0.211,1.858],[-1.78,-0.22],[0.211,-1.858],[1.78,0.22]],"o":[[0.211,1.858],[-1.78,0.22],[-0.211,-1.858],[1.78,-0.22]],"v":[[76.469,40.96],[79.865,44.503],[76.469,48.046],[73.074,44.503]],"c":true},"ix":2},"nm":"Path 2","mn":"ADBE Vector Shape - Group","hd":false},{"ty":"fl","c":{"a":0,"k":[0.596078431373,0.90588241278,1,1],"ix":4},"o":{"a":0,"k":100,"ix":5},"r":1,"bm":0,"nm":"Fill 2","mn":"ADBE Vector Graphic - Fill","hd":false},{"ty":"tr","p":{"a":0,"k":[76.469,44.503],"ix":2},"a":{"a":0,"k":[76.469,44.503],"ix":1},"s":{"a":1,"k":[{"i":{"x":[0.5,0.5],"y":[1,1]},"o":{"x":[0.5,0.5],"y":[0,0]},"t":0,"s":[100,100]},{"i":{"x":[0.5,0.5],"y":[1,1]},"o":{"x":[0.5,0.5],"y":[0,0]},"t":102,"s":[170,170]},{"i":{"x":[0.466,0.466],"y":[1,1]},"o":{"x":[0.5,0.5],"y":[0,0]},"t":202,"s":[120,120]},{"t":300,"s":[100,100]}],"ix":3},"r":{"a":0,"k":-1,"ix":6},"o":{"a":1,"k":[{"i":{"x":[0.5],"y":[1]},"o":{"x":[0.5],"y":[0]},"t":0,"s":[100]},{"i":{"x":[0.5],"y":[1]},"o":{"x":[0.5],"y":[0]},"t":102,"s":[30]},{"i":{"x":[0.466],"y":[1]},"o":{"x":[0.5],"y":[0]},"t":202,"s":[90]},{"t":300,"s":[100]}],"ix":7},"sk":{"a":0,"k":0,"ix":4},"sa":{"a":0,"k":0,"ix":5},"nm":"Transform"}],"nm":"star 2","np":2,"cix":2,"bm":0,"ix":2,"mn":"ADBE Vector Group","hd":false},{"ty":"gr","it":[{"ind":0,"ty":"sh","ix":1,"ks":{"a":0,"k":{"i":[[-0.211,1.858],[-1.78,-0.22],[0.211,-1.858],[1.78,0.22]],"o":[[0.211,1.858],[-1.78,0.22],[-0.211,-1.858],[1.78,-0.22]],"v":[[14.471,7.009],[17.866,10.552],[14.471,14.095],[11.076,10.552]],"c":true},"ix":2},"nm":"Path 3","mn":"ADBE Vector Shape - Group","hd":false},{"ty":"fl","c":{"a":0,"k":[0.596078431373,0.90588241278,1,1],"ix":4},"o":{"a":0,"k":100,"ix":5},"r":1,"bm":0,"nm":"Fill 3","mn":"ADBE Vector Graphic - Fill","hd":false},{"ty":"tr","p":{"a":0,"k":[14.471,10.552],"ix":2},"a":{"a":0,"k":[14.471,10.552],"ix":1},"s":{"a":1,"k":[{"i":{"x":[0.5,0.5],"y":[1,1]},"o":{"x":[0.5,0.5],"y":[0,0]},"t":0,"s":[100,100]},{"i":{"x":[0.5,0.5],"y":[1,1]},"o":{"x":[0.5,0.5],"y":[0,0]},"t":92,"s":[250,250]},{"i":{"x":[0.483,0.483],"y":[1,1]},"o":{"x":[0.5,0.5],"y":[0,0]},"t":192,"s":[140,140]},{"t":300,"s":[100,100]}],"ix":3},"r":{"a":0,"k":0,"ix":6},"o":{"a":1,"k":[{"i":{"x":[0.5],"y":[1]},"o":{"x":[0.5],"y":[0]},"t":0,"s":[100]},{"i":{"x":[0.5],"y":[1]},"o":{"x":[0.5],"y":[0]},"t":92,"s":[10]},{"i":{"x":[0.483],"y":[1]},"o":{"x":[0.5],"y":[0]},"t":192,"s":[80]},{"t":300,"s":[100]}],"ix":7},"sk":{"a":0,"k":0,"ix":4},"sa":{"a":0,"k":0,"ix":5},"nm":"Transform"}],"nm":"star 3","np":2,"cix":2,"bm":0,"ix":3,"mn":"ADBE Vector Group","hd":false},{"ty":"gr","it":[{"ind":0,"ty":"sh","ix":1,"ks":{"a":0,"k":{"i":[[-0.413,3.483],[-3.483,-0.413],[0.413,-3.483],[3.483,0.413]],"o":[[0.413,3.483],[-3.483,0.413],[-0.413,-3.483],[3.483,-0.413]],"v":[[86.212,5.533],[92.855,12.176],[86.212,18.818],[79.569,12.176]],"c":true},"ix":2},"nm":"Path 4","mn":"ADBE Vector Shape - Group","hd":false},{"ty":"fl","c":{"a":0,"k":[0.596078431373,0.90588241278,1,1],"ix":4},"o":{"a":0,"k":100,"ix":5},"r":1,"bm":0,"nm":"Fill 4","mn":"ADBE Vector Graphic - Fill","hd":false},{"ty":"tr","p":{"a":0,"k":[86.212,12.176],"ix":2},"a":{"a":0,"k":[86.212,12.176],"ix":1},"s":{"a":1,"k":[{"i":{"x":[0.5,0.5],"y":[1,1]},"o":{"x":[0.5,0.5],"y":[0,0]},"t":0,"s":[100,100]},{"i":{"x":[0.5,0.5],"y":[1,1]},"o":{"x":[0.5,0.5],"y":[0,0]},"t":82,"s":[50,50]},{"i":{"x":[0.5,0.5],"y":[1,1]},"o":{"x":[0.5,0.5],"y":[0,0]},"t":182,"s":[64,64]},{"t":300,"s":[100,100]}],"ix":3},"r":{"a":0,"k":0,"ix":6},"o":{"a":1,"k":[{"i":{"x":[0.5],"y":[1]},"o":{"x":[0.5],"y":[0]},"t":0,"s":[30]},{"i":{"x":[0.5],"y":[1]},"o":{"x":[0.5],"y":[0]},"t":82,"s":[100]},{"i":{"x":[0.5],"y":[1]},"o":{"x":[0.5],"y":[0]},"t":182,"s":[70]},{"t":300,"s":[30]}],"ix":7},"sk":{"a":0,"k":0,"ix":4},"sa":{"a":0,"k":0,"ix":5},"nm":"Transform"}],"nm":"star 4","np":2,"cix":2,"bm":0,"ix":4,"mn":"ADBE Vector Group","hd":false},{"ty":"gr","it":[{"ind":0,"ty":"sh","ix":1,"ks":{"a":0,"k":{"i":[[0,0],[0,0],[0,0],[0,0],[-0.262,0.39],[0,0],[0,0],[-0.015,0.089]],"o":[[0,0],[0,0],[0,0],[0.43,-0.189],[0,0],[0,0],[0.045,-0.079],[0,0]],"v":[[70.611,20.82],[59.815,29.638],[50.518,46.311],[49.081,48.922],[50.139,48.035],[71.166,20.599],[71.281,20.446],[71.372,20.192]],"c":true},"ix":2},"nm":"Path 5","mn":"ADBE Vector Shape - Group","hd":false},{"ty":"fl","c":{"a":0,"k":[0,0.592156862745,0.780392216701,1],"ix":4},"o":{"a":0,"k":100,"ix":5},"r":1,"bm":0,"nm":"Fill 5","mn":"ADBE Vector Graphic - Fill","hd":false},{"ind":2,"ty":"sh","ix":3,"ks":{"a":0,"k":{"i":[[0.081,0.062],[0,0],[0,0],[0,0],[0,0],[0,0]],"o":[[0,0],[0,0],[0,0],[0,0],[0,0],[-0.049,-0.089]],"v":[[71.092,19.521],[59.856,10.421],[53.95,7.604],[59.836,12.423],[70.728,19.392],[71.289,19.751]],"c":true},"ix":2},"nm":"Path 6","mn":"ADBE Vector Shape - Group","hd":false},{"ty":"fl","c":{"a":0,"k":[0.6,0.854902020623,0.964705942191,1],"ix":4},"o":{"a":0,"k":100,"ix":5},"r":1,"bm":0,"nm":"Fill 6","mn":"ADBE Vector Graphic - Fill","hd":false},{"ind":4,"ty":"sh","ix":5,"ks":{"a":0,"k":{"i":[[0.052,0.104],[0,0],[0,0],[0,0],[0,0],[0,0],[0,0],[0.002,0.037]],"o":[[0,0],[0,0],[0,0],[0,0],[0,0],[0,0],[0.002,-0.037],[0.001,-0.116]],"v":[[71.286,19.751],[70.738,19.387],[59.846,12.418],[53.959,17.237],[59.836,29.637],[70.632,20.8],[71.375,20.192],[71.375,20.082]],"c":true},"ix":2},"nm":"Path 7","mn":"ADBE Vector Shape - Group","hd":false},{"ty":"fl","c":{"a":0,"k":[0.321568627451,0.694117647059,0.862745157878,1],"ix":4},"o":{"a":0,"k":100,"ix":5},"r":1,"bm":0,"nm":"Fill 7","mn":"ADBE Vector Graphic - Fill","hd":false},{"ind":6,"ty":"sh","ix":7,"ks":{"a":0,"k":{"i":[[0,0],[0,0],[0,0],[0,0],[-0.04,-0.075],[0,0],[0,0],[0,0],[-0.414,-0.187]],"o":[[0,0],[0,0],[0,0],[0.014,0.084],[0,0],[0,0],[0,0],[0.263,0.371],[0,0]],"v":[[45.577,46.345],[36.194,29.638],[25.488,20.877],[24.741,20.264],[24.823,20.503],[24.962,20.681],[45.97,48.031],[46.003,48.074],[47.038,48.926]],"c":true},"ix":2},"nm":"Path 8","mn":"ADBE Vector Shape - Group","hd":false},{"ty":"fl","c":{"a":0,"k":[0.603921568627,0.854901960784,0.964705882353,1],"ix":4},"o":{"a":0,"k":100,"ix":5},"r":1,"bm":0,"nm":"Fill 8","mn":"ADBE Vector Graphic - Fill","hd":false},{"ind":8,"ty":"sh","ix":9,"ks":{"a":0,"k":{"i":[[0,0],[0,0],[0,0],[0.028,-0.053],[0,0],[0,0],[0,0]],"o":[[0,0],[0,0],[-0.042,0.043],[0,0],[0,0],[0,0],[0,0]],"v":[[36.266,10.402],[25.081,19.579],[24.923,19.708],[24.818,19.852],[25.402,19.478],[36.285,12.442],[42.171,7.604]],"c":true},"ix":2},"nm":"Path 9","mn":"ADBE Vector Shape - Group","hd":false},{"ty":"fl","c":{"a":0,"k":[0.6,0.854902020623,0.964705942191,1],"ix":4},"o":{"a":0,"k":100,"ix":5},"r":1,"bm":0,"nm":"Fill 9","mn":"ADBE Vector Graphic - Fill","hd":false},{"ind":10,"ty":"sh","ix":11,"ks":{"a":0,"k":{"i":[[0,0],[0,0],[0,0],[0.001,-0.12],[-0.002,-0.037],[0,0],[0,0],[0,0]],"o":[[0,0],[0,0],[-0.055,0.107],[-0.002,0.037],[0,0],[0,0],[0,0],[0,0]],"v":[[36.285,12.418],[25.402,19.454],[24.833,19.827],[24.746,20.172],[24.746,20.282],[25.479,20.934],[36.194,29.637],[42.171,17.217]],"c":true},"ix":2},"nm":"Path 10","mn":"ADBE Vector Shape - Group","hd":false},{"ty":"fl","c":{"a":0,"k":[1,1,1,1],"ix":4},"o":{"a":0,"k":100,"ix":5},"r":1,"bm":0,"nm":"Fill 10","mn":"ADBE Vector Graphic - Fill","hd":false},{"ind":12,"ty":"sh","ix":13,"ks":{"a":0,"k":{"i":[[0,0],[0,0],[0,0],[0,0],[-0.352,-0.001],[-0.321,0.149],[0,0]],"o":[[0,0],[0,0],[0,0],[0.321,0.144],[0.354,0],[0,0],[0,0]],"v":[[59.836,29.638],[36.194,29.638],[45.489,46.465],[47.038,48.926],[48.058,49.147],[49.083,48.922],[50.52,46.311]],"c":true},"ix":2},"nm":"Path 12","mn":"ADBE Vector Shape - Group","hd":false},{"ty":"fl","c":{"a":0,"k":[0.321568627451,0.694117647059,0.862745098039,1],"ix":4},"o":{"a":0,"k":100,"ix":5},"r":1,"bm":0,"nm":"Fill 12","mn":"ADBE Vector Graphic - Fill","hd":false},{"ind":14,"ty":"sh","ix":15,"ks":{"a":0,"k":{"i":[[0,0],[0,0],[0,0],[0,0]],"o":[[0,0],[0,0],[0,0],[0,0]],"v":[[59.864,29.652],[53.983,17.237],[42.14,17.237],[36.177,29.652]],"c":true},"ix":2},"nm":"Path 11","mn":"ADBE Vector Shape - Group","hd":false},{"ty":"fl","c":{"a":0,"k":[0.462745127958,0.768627510819,0.913725550034,1],"ix":4},"o":{"a":0,"k":100,"ix":5},"r":1,"bm":0,"nm":"Fill 11","mn":"ADBE Vector Graphic - Fill","hd":false},{"ind":16,"ty":"sh","ix":17,"ks":{"a":0,"k":{"i":[[0,0],[0,0],[0,0],[0,0],[0,0],[0,0]],"o":[[0,0],[0,0],[0,0],[0,0],[0,0],[0,0]],"v":[[42.158,17.237],[53.985,17.237],[59.858,12.426],[53.95,7.6],[42.176,7.6],[36.29,12.418]],"c":true},"ix":2},"nm":"Path 13","mn":"ADBE Vector Shape - Group","hd":false},{"ty":"fl","c":{"a":0,"k":[0.811764765721,0.917647118662,0.952941236309,1],"ix":4},"o":{"a":0,"k":100,"ix":5},"r":1,"bm":0,"nm":"Fill 13","mn":"ADBE Vector Graphic - Fill","hd":false},{"ty":"tr","p":{"a":0,"k":[48.059,28.373],"ix":2},"a":{"a":0,"k":[48.059,28.373],"ix":1},"s":{"a":0,"k":[100,100],"ix":3},"r":{"a":0,"k":0,"ix":6},"o":{"a":0,"k":100,"ix":7},"sk":{"a":0,"k":0,"ix":4},"sa":{"a":0,"k":0,"ix":5},"nm":"Transform"}],"nm":"diamond","np":18,"cix":2,"bm":0,"ix":5,"mn":"ADBE Vector Group","hd":false}],"ip":0,"op":500,"st":0,"bm":0}],"markers":[]}