{"v":"5.9.0","fr":100,"ip":0,"op":201,"w":375,"h":375,"nm":"Step 1","ddd":0,"assets":[{"id":"comp_0","nm":"Comp 1","fr":100,"layers":[{"ddd":0,"ind":1,"ty":4,"nm":"Star 12 Outlines 3","parent":15,"sr":1,"ks":{"o":{"a":1,"k":[{"i":{"x":[0.833],"y":[0.833]},"o":{"x":[0.167],"y":[0.167]},"t":121,"s":[0]},{"i":{"x":[0.833],"y":[0.833]},"o":{"x":[0.167],"y":[0.167]},"t":200,"s":[100]},{"i":{"x":[0.833],"y":[0.833]},"o":{"x":[0.167],"y":[0.167]},"t":258,"s":[100]},{"i":{"x":[0.833],"y":[0.833]},"o":{"x":[0.167],"y":[0.167]},"t":292,"s":[20]},{"i":{"x":[0.833],"y":[0.833]},"o":{"x":[0.167],"y":[0.167]},"t":326,"s":[60]},{"i":{"x":[0.833],"y":[0.833]},"o":{"x":[0.167],"y":[0.167]},"t":364,"s":[26.822]},{"t":399,"s":[100]}],"ix":11},"r":{"a":0,"k":0,"ix":10},"p":{"a":1,"k":[{"i":{"x":0,"y":1},"o":{"x":0.167,"y":0},"t":121,"s":[-191.827,-129.876,0],"to":[-9.008,-63.913,0],"ti":[9.008,63.913,0]},{"t":200,"s":[-245.877,-513.355,0]}],"ix":2,"l":2},"a":{"a":0,"k":[9.085,9.085,0],"ix":1,"l":2},"s":{"a":0,"k":[97,194,100],"ix":6,"l":2}},"ao":0,"shapes":[{"ind":0,"ty":"sh","ix":1,"ks":{"a":0,"k":{"i":[[-0.565,4.764],[-4.764,-0.565],[0.565,-4.764],[4.764,0.565]],"o":[[0.565,4.764],[-4.764,0.565],[-0.565,-4.764],[4.764,-0.565]],"v":[[9.085,0],[18.171,9.085],[9.085,18.171],[0,9.085]],"c":true},"ix":2},"nm":"Path 1","mn":"ADBE Vector Shape - Group","hd":false},{"ty":"fl","c":{"a":0,"k":[0.596078431373,0.905882352941,1,1],"ix":4},"o":{"a":0,"k":100,"ix":5},"r":1,"bm":0,"nm":"Fill 1","mn":"ADBE Vector Graphic - Fill","hd":false}],"ip":121,"op":500,"st":0,"bm":0},{"ddd":0,"ind":2,"ty":4,"nm":"Star 12 Outlines 2","parent":15,"sr":1,"ks":{"o":{"a":1,"k":[{"i":{"x":[0.833],"y":[0.833]},"o":{"x":[0.167],"y":[0.167]},"t":121,"s":[0]},{"i":{"x":[0.833],"y":[0.833]},"o":{"x":[0.167],"y":[0.167]},"t":200,"s":[20]},{"i":{"x":[0.833],"y":[0.833]},"o":{"x":[0.167],"y":[0.167]},"t":249,"s":[100]},{"i":{"x":[0.833],"y":[0.833]},"o":{"x":[0.167],"y":[0.167]},"t":283,"s":[20]},{"i":{"x":[0.833],"y":[0.833]},"o":{"x":[0.167],"y":[0.167]},"t":317,"s":[60]},{"t":399,"s":[20]}],"ix":11},"r":{"a":0,"k":0,"ix":10},"p":{"a":1,"k":[{"i":{"x":0,"y":1},"o":{"x":0.167,"y":0},"t":121,"s":[-191.827,-129.875,0],"to":[0.218,-57.961,0],"ti":[-0.218,57.961,0]},{"t":200,"s":[-190.521,-477.641,0]}],"ix":2,"l":2},"a":{"a":0,"k":[9.085,9.085,0],"ix":1,"l":2},"s":{"a":0,"k":[131,262,100],"ix":6,"l":2}},"ao":0,"shapes":[{"ind":0,"ty":"sh","ix":1,"ks":{"a":0,"k":{"i":[[-0.565,4.764],[-4.764,-0.565],[0.565,-4.764],[4.764,0.565]],"o":[[0.565,4.764],[-4.764,0.565],[-0.565,-4.764],[4.764,-0.565]],"v":[[9.085,0],[18.171,9.085],[9.085,18.171],[0,9.085]],"c":true},"ix":2},"nm":"Path 1","mn":"ADBE Vector Shape - Group","hd":false},{"ty":"fl","c":{"a":0,"k":[0.596078431373,0.905882352941,1,1],"ix":4},"o":{"a":0,"k":100,"ix":5},"r":1,"bm":0,"nm":"Fill 1","mn":"ADBE Vector Graphic - Fill","hd":false}],"ip":121,"op":500,"st":0,"bm":0},{"ddd":0,"ind":3,"ty":4,"nm":"Star 12 Outlines 6","parent":15,"sr":1,"ks":{"o":{"a":1,"k":[{"i":{"x":[0.833],"y":[0.833]},"o":{"x":[0.167],"y":[0.167]},"t":121,"s":[0]},{"i":{"x":[0.833],"y":[0.833]},"o":{"x":[0.167],"y":[0.167]},"t":200,"s":[100]},{"i":{"x":[0.833],"y":[0.833]},"o":{"x":[0.167],"y":[0.167]},"t":230,"s":[32]},{"i":{"x":[0.833],"y":[0.833]},"o":{"x":[0.167],"y":[0.167]},"t":270,"s":[100]},{"i":{"x":[0.833],"y":[0.833]},"o":{"x":[0.167],"y":[0.167]},"t":304,"s":[20]},{"i":{"x":[0.833],"y":[0.833]},"o":{"x":[0.167],"y":[0.167]},"t":338,"s":[60]},{"t":399,"s":[100]}],"ix":11},"r":{"a":0,"k":0,"ix":10},"p":{"a":1,"k":[{"i":{"x":0,"y":1},"o":{"x":0.167,"y":0},"t":121,"s":[-191.827,-129.875,0],"to":[-14.976,-15.669,0],"ti":[14.976,15.669,0]},{"t":200,"s":[-281.682,-223.886,0]}],"ix":2,"l":2},"a":{"a":0,"k":[9.085,9.085,0],"ix":1,"l":2},"s":{"a":0,"k":[90,180,100],"ix":6,"l":2}},"ao":0,"shapes":[{"ind":0,"ty":"sh","ix":1,"ks":{"a":0,"k":{"i":[[-0.565,4.764],[-4.764,-0.565],[0.565,-4.764],[4.764,0.565]],"o":[[0.565,4.764],[-4.764,0.565],[-0.565,-4.764],[4.764,-0.565]],"v":[[9.085,0],[18.171,9.085],[9.085,18.171],[0,9.085]],"c":true},"ix":2},"nm":"Path 1","mn":"ADBE Vector Shape - Group","hd":false},{"ty":"fl","c":{"a":0,"k":[0.596078431373,0.905882352941,1,1],"ix":4},"o":{"a":0,"k":100,"ix":5},"r":1,"bm":0,"nm":"Fill 1","mn":"ADBE Vector Graphic - Fill","hd":false}],"ip":121,"op":500,"st":0,"bm":0},{"ddd":0,"ind":4,"ty":4,"nm":"Star 12 Outlines 5","parent":15,"sr":1,"ks":{"o":{"a":1,"k":[{"i":{"x":[0.833],"y":[0.833]},"o":{"x":[0.167],"y":[0.167]},"t":121,"s":[0]},{"i":{"x":[0.833],"y":[0.833]},"o":{"x":[0.167],"y":[0.167]},"t":200,"s":[40]},{"i":{"x":[0.833],"y":[0.833]},"o":{"x":[0.167],"y":[0.167]},"t":279,"s":[100]},{"i":{"x":[0.833],"y":[0.833]},"o":{"x":[0.167],"y":[0.167]},"t":313,"s":[20]},{"i":{"x":[0.833],"y":[0.833]},"o":{"x":[0.167],"y":[0.167]},"t":347,"s":[60]},{"t":399,"s":[40]}],"ix":11},"r":{"a":0,"k":0,"ix":10},"p":{"a":1,"k":[{"i":{"x":0,"y":1},"o":{"x":0.167,"y":0},"t":121,"s":[-191.827,-129.875,0],"to":[9.131,-21.819,0],"ti":[-9.131,21.819,0]},{"t":200,"s":[-137.042,-260.791,0]}],"ix":2,"l":2},"a":{"a":0,"k":[9.085,9.085,0],"ix":1,"l":2},"s":{"a":0,"k":[151,302,100],"ix":6,"l":2}},"ao":0,"shapes":[{"ind":0,"ty":"sh","ix":1,"ks":{"a":0,"k":{"i":[[-0.565,4.764],[-4.764,-0.565],[0.565,-4.764],[4.764,0.565]],"o":[[0.565,4.764],[-4.764,0.565],[-0.565,-4.764],[4.764,-0.565]],"v":[[9.085,0],[18.171,9.085],[9.085,18.171],[0,9.085]],"c":true},"ix":2},"nm":"Path 1","mn":"ADBE Vector Shape - Group","hd":false},{"ty":"fl","c":{"a":0,"k":[0.596078431373,0.905882352941,1,1],"ix":4},"o":{"a":0,"k":100,"ix":5},"r":1,"bm":0,"nm":"Fill 1","mn":"ADBE Vector Graphic - Fill","hd":false}],"ip":121,"op":500,"st":0,"bm":0},{"ddd":0,"ind":5,"ty":4,"nm":"Star 12 Outlines 4","parent":15,"sr":1,"ks":{"o":{"a":1,"k":[{"i":{"x":[0.833],"y":[0.833]},"o":{"x":[0.167],"y":[0.167]},"t":121,"s":[0]},{"i":{"x":[0.833],"y":[0.833]},"o":{"x":[0.167],"y":[0.167]},"t":200,"s":[80]},{"i":{"x":[0.833],"y":[0.833]},"o":{"x":[0.167],"y":[0.167]},"t":233,"s":[100]},{"i":{"x":[0.833],"y":[0.833]},"o":{"x":[0.167],"y":[0.167]},"t":267,"s":[20]},{"i":{"x":[0.833],"y":[0.833]},"o":{"x":[0.167],"y":[0.167]},"t":301,"s":[60]},{"i":{"x":[0.833],"y":[0.833]},"o":{"x":[0.167],"y":[0.167]},"t":350,"s":[30]},{"t":399,"s":[80]}],"ix":11},"r":{"a":0,"k":0,"ix":10},"p":{"a":1,"k":[{"i":{"x":0,"y":1},"o":{"x":0.167,"y":0},"t":121,"s":[-191.827,-129.875,0],"to":[-23.309,-49.993,0],"ti":[23.309,49.993,0]},{"t":200,"s":[-331.682,-429.835,0]}],"ix":2,"l":2},"a":{"a":0,"k":[9.085,9.085,0],"ix":1,"l":2},"s":{"a":0,"k":[188,376,100],"ix":6,"l":2}},"ao":0,"shapes":[{"ind":0,"ty":"sh","ix":1,"ks":{"a":0,"k":{"i":[[-0.565,4.764],[-4.764,-0.565],[0.565,-4.764],[4.764,0.565]],"o":[[0.565,4.764],[-4.764,0.565],[-0.565,-4.764],[4.764,-0.565]],"v":[[9.085,0],[18.171,9.085],[9.085,18.171],[0,9.085]],"c":true},"ix":2},"nm":"Path 1","mn":"ADBE Vector Shape - Group","hd":false},{"ty":"fl","c":{"a":0,"k":[0.596078431373,0.905882352941,1,1],"ix":4},"o":{"a":0,"k":100,"ix":5},"r":1,"bm":0,"nm":"Fill 1","mn":"ADBE Vector Graphic - Fill","hd":false}],"ip":121,"op":500,"st":0,"bm":0},{"ddd":0,"ind":6,"ty":4,"nm":"Star 12 Outlines","parent":15,"sr":1,"ks":{"o":{"a":1,"k":[{"i":{"x":[0.833],"y":[0.833]},"o":{"x":[0.167],"y":[0.167]},"t":121,"s":[0]},{"i":{"x":[0.833],"y":[0.833]},"o":{"x":[0.167],"y":[0.167]},"t":200,"s":[30]},{"i":{"x":[0.833],"y":[0.833]},"o":{"x":[0.167],"y":[0.167]},"t":302,"s":[100]},{"i":{"x":[0.833],"y":[0.833]},"o":{"x":[0.167],"y":[0.167]},"t":336,"s":[20]},{"i":{"x":[0.833],"y":[0.833]},"o":{"x":[0.167],"y":[0.167]},"t":370,"s":[60]},{"t":399,"s":[30]}],"ix":11},"r":{"a":0,"k":0,"ix":10},"p":{"a":1,"k":[{"i":{"x":0,"y":1},"o":{"x":0.167,"y":0},"t":121,"s":[-191.827,-129.876,0],"to":[15.381,-69.437,0],"ti":[-15.381,69.437,0]},{"t":200,"s":[-99.543,-546.5,0]}],"ix":2,"l":2},"a":{"a":0,"k":[9.085,9.085,0],"ix":1,"l":2},"s":{"a":0,"k":[188,376,100],"ix":6,"l":2}},"ao":0,"shapes":[{"ind":0,"ty":"sh","ix":1,"ks":{"a":0,"k":{"i":[[-0.565,4.764],[-4.764,-0.565],[0.565,-4.764],[4.764,0.565]],"o":[[0.565,4.764],[-4.764,0.565],[-0.565,-4.764],[4.764,-0.565]],"v":[[9.085,0],[18.171,9.085],[9.085,18.171],[0,9.085]],"c":true},"ix":2},"nm":"Path 1","mn":"ADBE Vector Shape - Group","hd":false},{"ty":"fl","c":{"a":0,"k":[0.596078431373,0.905882352941,1,1],"ix":4},"o":{"a":0,"k":100,"ix":5},"r":1,"bm":0,"nm":"Fill 1","mn":"ADBE Vector Graphic - Fill","hd":false}],"ip":121,"op":500,"st":0,"bm":0},{"ddd":0,"ind":7,"ty":4,"nm":"rook Outlines","parent":15,"sr":1,"ks":{"o":{"a":0,"k":100,"ix":11},"r":{"a":0,"k":0,"ix":10},"p":{"a":0,"k":[-326.5,-200.5,0],"ix":2,"l":2},"a":{"a":0,"k":[198,274,0],"ix":1,"l":2},"s":{"a":0,"k":[29,58,100],"ix":6,"l":2}},"ao":0,"shapes":[{"ind":0,"ty":"sh","ix":1,"ks":{"a":0,"k":{"i":[[20.69,0],[14.55,8.09],[0,0],[-21.84,0],[-14.61,9.04],[0,0]],"o":[[-21.14,0],[0,0],[14.71,9.38],[21.39,0],[0,0],[-14.43,7.78]],"v":[[229.669,221.15],[174.719,208.15],[173.279,214.47],[229.669,229.62],[285.139,215.06],[283.679,208.66]],"c":true},"ix":2},"nm":"Path 1","mn":"ADBE Vector Shape - Group","hd":false},{"ty":"fl","c":{"a":0,"k":[0.164705882353,0.164705882353,0.164705882353,1],"ix":4},"o":{"a":0,"k":100,"ix":5},"r":1,"bm":0,"nm":"Fill 1","mn":"ADBE Vector Graphic - Fill","hd":false},{"ind":2,"ty":"sh","ix":3,"ks":{"a":0,"k":{"i":[[1.073,-0.927],[41.57,0],[2.4,21.7],[0,0],[0.38,0.3],[0.32,0.36],[0.013,-3.439],[-45.26,0],[0,27.8],[1.249,3.467]],"o":[[-1.54,22.11],[-41,0],[0,0],[-0.4,-0.35],[-0.38,-0.3],[-1.106,3.257],[0,27.8],[45.26,0],[-0.002,-3.685],[-0.987,0.987]],"v":[[306.711,162.872],[229.711,202.662],[152.711,163.752],[151.501,162.702],[150.321,161.702],[149.321,160.702],[147.631,170.812],[229.631,221.162],[311.691,170.812],[309.801,160.002]],"c":true},"ix":2},"nm":"Path 2","mn":"ADBE Vector Shape - Group","hd":false},{"ty":"fl","c":{"a":0,"k":[0.160784313725,0.160784313725,0.160784313725,1],"ix":4},"o":{"a":0,"k":100,"ix":5},"r":1,"bm":0,"nm":"Fill 2","mn":"ADBE Vector Graphic - Fill","hd":false},{"ind":4,"ty":"sh","ix":5,"ks":{"a":0,"k":{"i":[[7.742,4.209],[0,0],[0,0],[0,-0.7],[-24.89,-7.81],[0,0]],"o":[[0,0],[0,0],[-0.05,0.65],[0,17.56],[0,0],[-8.573,-2.043]],"v":[[174.721,208.182],[149.391,319.552],[149.591,319.552],[149.511,321.552],[191.301,362.182],[199.301,217.602]],"c":true},"ix":2},"nm":"Path 3","mn":"ADBE Vector Shape - Group","hd":false},{"ty":"fl","c":{"a":0,"k":[0.164705882353,0.164705882353,0.164705882353,1],"ix":4},"o":{"a":0,"k":100,"ix":5},"r":1,"bm":0,"nm":"Fill 3","mn":"ADBE Vector Graphic - Fill","hd":false},{"ind":6,"ty":"sh","ix":7,"ks":{"a":0,"k":{"i":[[0,0],[20.68,0],[14.55,8.09],[0,0],[0,0],[0,-0.7],[-44.01,0],[0,25.51],[0.08,0.69],[0,0]],"o":[[-14.43,7.75],[-21.14,0],[0,0],[0,0],[-0.05,0.65],[0,25.51],[44.01,0],[0,-0.66],[0,0],[0,0]],"v":[[283.681,208.69],[229.681,221.15],[174.731,208.15],[149.391,319.55],[149.591,319.55],[149.511,321.55],[229.201,367.73],[308.891,321.55],[308.811,319.55],[308.891,319.55]],"c":true},"ix":2},"nm":"Path 4","mn":"ADBE Vector Shape - Group","hd":false},{"ty":"fl","c":{"a":0,"k":[0.219607858097,0.219607858097,0.219607858097,1],"ix":4},"o":{"a":0,"k":100,"ix":5},"r":1,"bm":0,"nm":"Fill 4","mn":"ADBE Vector Graphic - Fill","hd":false},{"ind":8,"ty":"sh","ix":9,"ks":{"a":0,"k":{"i":[[54.06,0],[0,35.09],[0,0],[0,0],[-51.84,0],[-3.44,33.06],[0,0],[0,0]],"o":[[-54.07,0],[0,0],[0,0],[3.41,33.08],[51.84,0],[0,0],[0,0],[-0.01,35.1]],"v":[[230,386.542],[132.1,323.012],[132.1,350.452],[132.33,350.632],[230,409.862],[327.67,350.682],[327.91,350.452],[327.91,323.002]],"c":true},"ix":2},"nm":"Path 6","mn":"ADBE Vector Shape - Group","hd":false},{"ty":"fl","c":{"a":0,"k":[0.16862745098,0.16862745098,0.16862745098,1],"ix":4},"o":{"a":0,"k":100,"ix":5},"r":1,"bm":0,"nm":"Fill 6","mn":"ADBE Vector Graphic - Fill","hd":false},{"ind":10,"ty":"sh","ix":11,"ks":{"a":0,"k":{"i":[[17.54,11.48],[0,0],[0,0],[0,-0.7],[44.01,0],[0,25.49],[-0.08,0.69],[0,0],[0,0],[0,-16.76],[-54.07,0],[0,35.1]],"o":[[0,0],[0,0],[0.05,0.65],[0,25.51],[-44.01,0],[0,-0.66],[0,0],[0,0],[-16.35,11.39],[0,35.09],[54.07,0],[0,-17.44]],"v":[[299.51,278.281],[308.89,319.551],[308.81,319.551],[308.89,321.551],[229.2,367.731],[149.51,321.511],[149.59,319.511],[149.39,319.511],[158.47,279.611],[132.09,323.001],[229.99,386.531],[327.9,323.001]],"c":true},"ix":2},"nm":"Path 5","mn":"ADBE Vector Shape - Group","hd":false},{"ty":"fl","c":{"a":0,"k":[0.298039215686,0.298039215686,0.298039215686,1],"ix":4},"o":{"a":0,"k":100,"ix":5},"r":1,"bm":0,"nm":"Fill 5","mn":"ADBE Vector Graphic - Fill","hd":false},{"ind":12,"ty":"sh","ix":13,"ks":{"a":0,"k":{"i":[[-16.56,10.54],[2.29,22.63],[0,0],[0,0],[-5.004,7.344],[0,-24.73],[0,0],[-36.93,-14.3],[0,0]],"o":[[-29.37,-10],[0,0],[0,0],[0.089,-8.886],[-25.88,15.66],[0,0],[0,28.74],[-0.19,-1.3],[0.03,-16.09]],"v":[[184.611,402.631],[132.321,350.631],[132.091,350.451],[132.091,323.001],[139.901,298.111],[97.811,360.841],[97.811,406.841],[159.271,475.141],[158.971,446.511]],"c":true},"ix":2},"nm":"Path 7","mn":"ADBE Vector Shape - Group","hd":false},{"ty":"fl","c":{"a":0,"k":[0.164705882353,0.164705882353,0.164705882353,1],"ix":4},"o":{"a":0,"k":100,"ix":5},"r":1,"bm":0,"nm":"Fill 7","mn":"ADBE Vector Graphic - Fill","hd":false},{"ind":14,"ty":"sh","ix":15,"ks":{"a":0,"k":{"i":[[25.92,15.66],[-0.092,-8.887],[0,0],[0,0],[51.82,0],[3.41,33.08],[0,0],[0,0],[-5.002,7.348],[0,-24.74],[0,0],[-73,0],[0,44.65],[0,0]],"o":[[5.007,7.342],[0,0],[0,0],[-3.44,33.06],[-51.82,0],[0,0],[0,0],[0.091,-8.889],[-25.88,15.66],[0,0],[0,44.65],[73,0],[0,0],[0,-24.76]],"v":[[320.081,298.112],[327.901,323.002],[327.901,350.442],[327.661,350.672],[229.991,409.852],[132.321,350.622],[132.091,350.442],[132.091,323.002],[139.901,298.102],[97.811,360.842],[97.811,406.842],[229.991,487.702],[362.181,406.842],[362.181,360.842]],"c":true},"ix":2},"nm":"Path 8","mn":"ADBE Vector Shape - Group","hd":false},{"ty":"fl","c":{"a":0,"k":[0.219607858097,0.219607858097,0.219607858097,1],"ix":4},"o":{"a":0,"k":100,"ix":5},"r":1,"bm":0,"nm":"Fill 8","mn":"ADBE Vector Graphic - Fill","hd":false},{"ind":16,"ty":"sh","ix":17,"ks":{"a":0,"k":{"i":[[0,28.66],[0,0],[0,-20.87],[0,0],[-44.21,-16.73],[0,0],[-9.82,2.14],[0,0.04]],"o":[[0,0],[-17.53,12.02],[0,0],[0,33.21],[0,0],[0,-14.75],[0,0],[-36.74,-14.38]],"v":[[97.81,406.831],[97.81,373.881],[70,422.871],[70,439.091],[143.52,518.201],[143.52,503.201],[158.94,475.131],[158.94,475.021]],"c":true},"ix":2},"nm":"Path 9","mn":"ADBE Vector Shape - Group","hd":false},{"ty":"fl","c":{"a":0,"k":[0.188235309077,0.188235309077,0.188235309077,1],"ix":4},"o":{"a":0,"k":100,"ix":5},"r":1,"bm":0,"nm":"Fill 9","mn":"ADBE Vector Graphic - Fill","hd":false},{"ind":18,"ty":"sh","ix":19,"ks":{"a":0,"k":{"i":[[17.55,12.03],[0,0],[73.01,0],[0,44.65],[0,0],[0,-20.87],[0,0],[-88.37,0],[0,51.91],[0,0]],"o":[[0,0],[0,44.65],[-73.01,0],[0,0],[-17.55,12.03],[0,0],[0,51.94],[88.37,0],[0,0],[0,-20.87]],"v":[[362.18,373.832],[362.18,406.832],[229.99,487.692],[97.81,406.832],[97.81,373.832],[70,422.872],[70,439.092],[230,533.142],[390,439.092],[390,422.872]],"c":true},"ix":2},"nm":"Path 10","mn":"ADBE Vector Shape - Group","hd":false},{"ty":"fl","c":{"a":0,"k":[0.250980392157,0.250980392157,0.250980392157,1],"ix":4},"o":{"a":0,"k":100,"ix":5},"r":1,"bm":0,"nm":"Fill 10","mn":"ADBE Vector Graphic - Fill","hd":false},{"ind":20,"ty":"sh","ix":21,"ks":{"a":0,"k":{"i":[[31.56,0],[7.962,1.346],[0.78,0.15],[0,0],[0,0],[0,0],[0.75,0.2],[0,0],[0,0],[0,0],[0.71,0.24],[0.61,0.21],[1.22,0.47],[0.61,0.25],[0.64,0.27],[0.58,0.26],[0,0],[0,0],[0,0],[0.57,0.31],[0,0],[0.58,0.32],[0,0],[1,0.65],[0,0],[0.57,0.42],[0,0],[0.51,0.41],[0.42,0.35],[0,0],[-41.09,0],[-1.5,22.11]],"o":[[-8.075,0.015],[-0.79,-0.13],[0,0],[0,0],[0,0],[-0.76,-0.19],[0,0],[0,0],[0,0],[-0.72,-0.22],[-0.71,-0.24],[-1.25,-0.43],[-0.62,-0.24],[-0.61,-0.25],[-0.64,-0.27],[0,0],[0,0],[0,0],[-0.57,-0.29],[0,0],[-0.59,-0.34],[0,0],[-1,-0.62],[0,0],[-0.59,-0.41],[0,0],[-0.53,-0.41],[-0.51,-0.41],[0,0],[2.36,21.7],[41.61,0],[-17.84,15.58]],"v":[[229.201,188.582],[205.101,186.582],[202.761,186.142],[200.761,185.772],[198.461,185.272],[196.551,184.842],[194.291,184.272],[192.431,183.782],[190.211,183.162],[188.381,182.602],[186.231,181.922],[184.401,181.292],[180.701,179.942],[178.851,179.222],[176.931,178.412],[175.161,177.642],[173.291,176.782],[171.571,175.962],[169.771,175.052],[168.071,174.152],[166.381,173.232],[164.621,172.232],[163.111,171.342],[160.111,169.432],[158.831,168.532],[157.091,167.302],[155.761,166.302],[154.201,165.082],[152.921,164.032],[152.641,163.802],[229.641,202.712],[306.641,162.922]],"c":true},"ix":2},"nm":"Path 11","mn":"ADBE Vector Shape - Group","hd":false},{"ty":"fl","c":{"a":0,"k":[0.298039215686,0.298039215686,0.298039215686,1],"ix":4},"o":{"a":0,"k":100,"ix":5},"r":1,"bm":0,"nm":"Fill 11","mn":"ADBE Vector Graphic - Fill","hd":false},{"ind":22,"ty":"sh","ix":23,"ks":{"a":0,"k":{"i":[[0,0],[-1.247,0.993],[0,0],[-1.07,1],[0,0],[26.55,0],[13.23,-8.25],[-7.021,-2.36],[0,0],[0,0],[-9.946,-0.233],[0,0],[0,0],[-7.433,1.14],[-6.68,2.471],[0,0],[0,0]],"o":[[1.333,-0.92],[0,0],[1.21,-1],[0,0],[-12.67,-12.51],[-20.81,0],[6.265,3.951],[0,0],[0,0],[9.551,2.787],[0,0],[0,0],[7.516,0.236],[7.043,-1.06],[0,0],[0,0],[0,0]],"v":[[282.48,113.331],[286.35,110.461],[286.44,110.391],[289.87,107.391],[289.87,91.201],[227.51,70.291],[174.76,83.721],[194.76,93.221],[194.76,123.471],[194.71,123.541],[224.08,128.091],[224.08,113.001],[225.41,98.251],[247.88,96.891],[268.52,91.581],[282.44,103.971],[282.44,113.361]],"c":true},"ix":2},"nm":"Path 12","mn":"ADBE Vector Shape - Group","hd":false},{"ty":"fl","c":{"a":0,"k":[0.109803929048,0.109803929048,0.109803929048,1],"ix":4},"o":{"a":0,"k":100,"ix":5},"r":1,"bm":0,"nm":"Fill 12","mn":"ADBE Vector Graphic - Fill","hd":false},{"ind":24,"ty":"sh","ix":25,"ks":{"a":0,"k":{"i":[[0,0],[6.684,2.033],[0,0],[0,0],[7.791,4.416],[5.186,5.707],[0,0],[0,9.62],[0,0],[-42.41,-7.24]],"o":[[-6.91,-1.029],[0,0],[0,0],[-8.605,-2.48],[-6.734,-3.757],[0,0],[-6.82,-8],[0,0],[0,30.85],[0,0]],"v":[[205.101,141.521],[184.681,136.921],[184.681,136.631],[184.681,106.881],[160.001,96.501],[142.001,82.211],[142.001,111.361],[131.311,84.741],[131.311,122.561],[205.111,186.561]],"c":true},"ix":2},"nm":"Path 13","mn":"ADBE Vector Shape - Group","hd":false},{"ty":"fl","c":{"a":0,"k":[0.164705882353,0.164705882353,0.164705882353,1],"ix":4},"o":{"a":0,"k":100,"ix":5},"r":1,"bm":0,"nm":"Fill 13","mn":"ADBE Vector Graphic - Fill","hd":false},{"ind":26,"ty":"sh","ix":27,"ks":{"a":0,"k":{"i":[[0,0],[0,0],[0,0],[0,0]],"o":[[0,0],[0,0],[0,0],[0,0]],"v":[[289.869,79.252],[289.869,107.472],[311.329,116.572],[311.329,87.292]],"c":true},"ix":2},"nm":"Path 14","mn":"ADBE Vector Shape - Group","hd":false},{"ty":"fl","c":{"a":0,"k":[0.188235309077,0.188235309077,0.188235309077,1],"ix":4},"o":{"a":0,"k":100,"ix":5},"r":1,"bm":0,"nm":"Fill 14","mn":"ADBE Vector Graphic - Fill","hd":false},{"ind":28,"ty":"sh","ix":29,"ks":{"a":0,"k":{"i":[[5.222,-4.466],[0,0],[-2.221,4.56],[0.392,4.465],[0,0],[2.606,-5.469]],"o":[[0,0],[3.848,-3.304],[1.931,-4.046],[0,0],[0.524,6.035],[-3.017,6.174]],"v":[[311.329,87.292],[289.869,79.292],[299.069,67.372],[301.419,54.372],[326.999,53.592],[323.819,71.162]],"c":true},"ix":2},"nm":"Path 15","mn":"ADBE Vector Shape - Group","hd":false},{"ty":"fl","c":{"a":0,"k":[0.298039215686,0.298039215686,0.298039215686,1],"ix":4},"o":{"a":0,"k":100,"ix":5},"r":1,"bm":0,"nm":"Fill 15","mn":"ADBE Vector Graphic - Fill","hd":false},{"ind":30,"ty":"sh","ix":31,"ks":{"a":0,"k":{"i":[[0,0],[0,0],[0,0],[0,0]],"o":[[0,0],[0,0],[0,0],[0,0]],"v":[[184.711,106.881],[184.711,136.631],[194.801,123.471],[194.801,93.221]],"c":true},"ix":2},"nm":"Path 16","mn":"ADBE Vector Shape - Group","hd":false},{"ty":"fl","c":{"a":0,"k":[0.188235309077,0.188235309077,0.188235309077,1],"ix":4},"o":{"a":0,"k":100,"ix":5},"r":1,"bm":0,"nm":"Fill 16","mn":"ADBE Vector Graphic - Fill","hd":false},{"ind":32,"ty":"sh","ix":33,"ks":{"a":0,"k":{"i":[[5.186,5.707],[0,0],[-12,-4.11],[0,0],[7.797,4.418]],"o":[[0,0],[6.4,7.23],[0,0],[-8.612,-2.478],[-6.734,-3.757]],"v":[[142,82.212],[164.79,75.502],[194.79,93.222],[184.7,106.882],[160,96.502]],"c":true},"ix":2},"nm":"Path 17","mn":"ADBE Vector Shape - Group","hd":false},{"ty":"fl","c":{"a":0,"k":[0.298039215686,0.298039215686,0.298039215686,1],"ix":4},"o":{"a":0,"k":100,"ix":5},"r":1,"bm":0,"nm":"Fill 17","mn":"ADBE Vector Graphic - Fill","hd":false},{"ind":34,"ty":"sh","ix":35,"ks":{"a":0,"k":{"i":[[0.186,-1.439],[-0.02,0.57],[0,0],[1.802,-3.854],[5.212,-4.469],[0,0],[11.52,-4.48],[0,0],[9.531,-1.44],[10.179,0.307],[0,0],[12.811,3.852],[0,0],[0,0],[7.788,4.416],[5.186,5.707],[0,0],[0,9.62],[0,0],[-54.07,0],[0,36.44],[0,0]],"o":[[0.05,-0.52],[0,0],[-0.3,4.244],[-3.008,6.171],[0,0],[-7.49,6.9],[0,0],[-9.04,3.347],[-10.066,1.545],[0,0],[-13.373,-0.356],[0,0],[0,0],[-8.602,-2.481],[-6.734,-3.757],[0,0],[-6.82,-8],[0,0],[0,36.46],[54.07,0],[0,0],[-0.014,1.451]],"v":[[326.811,89.082],[326.971,87.512],[326.971,58.912],[323.791,71.162],[311.331,87.292],[311.331,116.622],[282.481,133.892],[282.481,103.942],[254.551,111.142],[224.121,113.002],[224.121,143.292],[184.671,136.952],[184.671,136.662],[184.671,106.882],[160.001,96.502],[142.001,82.212],[142.001,111.362],[131.311,84.742],[131.311,122.562],[229.211,188.562],[327.111,122.562],[327.111,84.742]],"c":true},"ix":2},"nm":"Path 18","mn":"ADBE Vector Shape - Group","hd":false},{"ty":"fl","c":{"a":0,"k":[0.219607858097,0.219607858097,0.219607858097,1],"ix":4},"o":{"a":0,"k":100,"ix":5},"r":1,"bm":0,"nm":"Fill 18","mn":"ADBE Vector Graphic - Fill","hd":false},{"ind":36,"ty":"sh","ix":37,"ks":{"a":0,"k":{"i":[[4.22,5.41],[0,0],[4.959,2.792],[6.379,1.823],[0,0],[9.908,0.373],[0,0],[0,0],[7.433,-1.14],[6.677,-2.471],[0,0],[6.399,-5.048],[0,0],[2.221,-4.56],[-0.387,-4.465],[0,0],[0.015,-3.549],[-2.543,-4.175],[-31.89,0],[-9.78,-16.82],[-0.073,4.885]],"o":[[0,0],[-3.816,-4.222],[-5.771,-3.272],[0,0],[-9.467,-2.945],[0,0],[0,0],[-7.516,-0.236],[-7.04,1.06],[0,0],[-7.712,2.637],[0,0],[-3.848,3.304],[-1.925,4.047],[0,0],[-1.397,3.262],[0.076,4.887],[9.79,-16.82],[31.89,0],[2.546,-4.169],[-0.08,-6.38]],"v":[[293.6,67.592],[293.6,37.592],[280.35,27.002],[262.06,19.332],[262.06,47.742],[232.87,42.742],[232.95,42.612],[232.95,14.832],[210.48,16.192],[189.85,21.502],[189.85,48.792],[168.53,60.402],[168.53,33.802],[159.33,45.722],[156.98,58.722],[156.98,75.052],[154.84,85.372],[158.84,99.212],[227.55,70.292],[296.26,99.212],[300.26,85.382]],"c":true},"ix":2},"nm":"Path 19","mn":"ADBE Vector Shape - Group","hd":false},{"ind":37,"ty":"sh","ix":38,"ks":{"a":0,"k":{"i":[[0,0],[0,0]],"o":[[0,0],[0,0]],"v":[[267.31,49.592],[266.81,49.402]],"c":true},"ix":2},"nm":"Path 20","mn":"ADBE Vector Shape - Group","hd":false},{"ind":38,"ty":"sh","ix":39,"ks":{"a":0,"k":{"i":[[0,0],[0,0]],"o":[[0,0],[0,0]],"v":[[271.97,51.592],[271.83,51.522]],"c":true},"ix":2},"nm":"Path 21","mn":"ADBE Vector Shape - Group","hd":false},{"ind":39,"ty":"sh","ix":40,"ks":{"a":0,"k":{"i":[[0,0],[0,0]],"o":[[0,0],[0,0]],"v":[[217.61,43.002],[217.24,43.002]],"c":true},"ix":2},"nm":"Path 22","mn":"ADBE Vector Shape - Group","hd":false},{"ind":40,"ty":"sh","ix":41,"ks":{"a":0,"k":{"i":[[0,0],[0,0]],"o":[[0,0],[0,0]],"v":[[222.84,42.692],[221.76,42.692]],"c":true},"ix":2},"nm":"Path 23","mn":"ADBE Vector Shape - Group","hd":false},{"ty":"fl","c":{"a":0,"k":[0.219607858097,0.219607858097,0.219607858097,1],"ix":4},"o":{"a":0,"k":100,"ix":5},"r":1,"bm":0,"nm":"Fill 19","mn":"ADBE Vector Graphic - Fill","hd":false},{"ind":42,"ty":"sh","ix":43,"ks":{"a":0,"k":{"i":[[0,0],[0,0],[0,0],[0,0],[0,0],[0,0]],"o":[[0,0],[0,0],[0,0],[0,0],[0,0],[0,0]],"v":[[156.98,58.691],[156.98,77.801],[141.99,82.211],[141.99,87.361],[131.43,87.671],[131.43,59.461]],"c":true},"ix":2},"nm":"Path 24","mn":"ADBE Vector Shape - Group","hd":false},{"ty":"fl","c":{"a":0,"k":[0.188235309077,0.188235309077,0.188235309077,1],"ix":4},"o":{"a":0,"k":100,"ix":5},"r":1,"bm":0,"nm":"Fill 20","mn":"ADBE Vector Graphic - Fill","hd":false},{"ind":44,"ty":"sh","ix":45,"ks":{"a":0,"k":{"i":[[0,0],[0,0],[0,0],[0,0]],"o":[[0,0],[0,0],[0,0],[0,0]],"v":[[189.84,21.501],[189.84,48.861],[175.67,35.661],[175.92,9.111]],"c":true},"ix":2},"nm":"Path 25","mn":"ADBE Vector Shape - Group","hd":false},{"ty":"fl","c":{"a":0,"k":[0.188235309077,0.188235309077,0.188235309077,1],"ix":4},"o":{"a":0,"k":100,"ix":5},"r":1,"bm":0,"nm":"Fill 21","mn":"ADBE Vector Graphic - Fill","hd":false},{"ind":46,"ty":"sh","ix":47,"ks":{"a":0,"k":{"i":[[0,0],[0,0],[0,0],[0,0]],"o":[[0,0],[0,0],[0,0],[0,0]],"v":[[232.949,14.832],[232.949,42.612],[234.279,26.882],[234.279,0.082]],"c":true},"ix":2},"nm":"Path 26","mn":"ADBE Vector Shape - Group","hd":false},{"ty":"fl","c":{"a":0,"k":[0.188235309077,0.188235309077,0.188235309077,1],"ix":4},"o":{"a":0,"k":100,"ix":5},"r":1,"bm":0,"nm":"Fill 22","mn":"ADBE Vector Graphic - Fill","hd":false},{"ind":48,"ty":"sh","ix":49,"ks":{"a":0,"k":{"i":[[0,0],[1.472,-3.627],[0,0],[0,0],[0,0],[0,0]],"o":[[0.321,3.901],[0,0],[0,0],[0,0],[0,0],[0,0]],"v":[[301.419,54.361],[299.669,65.811],[293.619,67.591],[293.619,37.591],[316.409,30.881],[316.409,53.911]],"c":true},"ix":2},"nm":"Path 27","mn":"ADBE Vector Shape - Group","hd":false},{"ty":"fl","c":{"a":0,"k":[0.188235309077,0.188235309077,0.188235309077,1],"ix":4},"o":{"a":0,"k":100,"ix":5},"r":1,"bm":0,"nm":"Fill 23","mn":"ADBE Vector Graphic - Fill","hd":false},{"ind":50,"ty":"sh","ix":51,"ks":{"a":0,"k":{"i":[[-10.175,-0.317],[0,0],[7.433,-1.14],[6.677,-2.471],[0,0],[-9.535,1.44]],"o":[[0,0],[-7.516,-0.236],[-7.04,1.06],[0,0],[9.043,-3.347],[10.063,-1.535]],"v":[[234.28,0.081],[233,14.831],[210.53,16.191],[189.9,21.501],[175.92,9.111],[203.86,1.911]],"c":true},"ix":2},"nm":"Path 28","mn":"ADBE Vector Shape - Group","hd":false},{"ty":"fl","c":{"a":0,"k":[0.298039215686,0.298039215686,0.298039215686,1],"ix":4},"o":{"a":0,"k":100,"ix":5},"r":1,"bm":0,"nm":"Fill 24","mn":"ADBE Vector Graphic - Fill","hd":false},{"ind":52,"ty":"sh","ix":53,"ks":{"a":0,"k":{"i":[[-5.211,4.466],[0,0],[2.22,-4.563],[-0.387,-4.465],[0,0],[-2.601,5.471]],"o":[[0,0],[-3.855,3.3],[-1.925,4.047],[0,0],[-0.518,-6.035],[3.009,-6.168]],"v":[[147.07,25.762],[168.54,33.762],[159.33,45.682],[156.98,58.682],[131.43,59.452],[134.61,41.882]],"c":true},"ix":2},"nm":"Path 29","mn":"ADBE Vector Shape - Group","hd":false},{"ty":"fl","c":{"a":0,"k":[0.298039215686,0.298039215686,0.298039215686,1],"ix":4},"o":{"a":0,"k":100,"ix":5},"r":1,"bm":0,"nm":"Fill 25","mn":"ADBE Vector Graphic - Fill","hd":false},{"ind":54,"ty":"sh","ix":55,"ks":{"a":0,"k":{"i":[[10.178,0.317],[0,0],[-7.433,1.14],[-6.681,2.469],[0,0],[9.531,-1.44]],"o":[[0,0],[7.516,0.236],[7.043,-1.061],[0,0],[-9.04,3.347],[-10.067,1.535]],"v":[[224.119,113.002],[225.449,98.252],[247.919,96.892],[268.559,91.582],[282.479,103.972],[254.549,111.172]],"c":true},"ix":2},"nm":"Path 30","mn":"ADBE Vector Shape - Group","hd":false},{"ty":"fl","c":{"a":0,"k":[0.298039215686,0.298039215686,0.298039215686,1],"ix":4},"o":{"a":0,"k":100,"ix":5},"r":1,"bm":0,"nm":"Fill 26","mn":"ADBE Vector Graphic - Fill","hd":false},{"ind":56,"ty":"sh","ix":57,"ks":{"a":0,"k":{"i":[[-5.177,-5.704],[0,0],[4.964,2.778],[6.379,1.823],[0,0],[-7.813,-4.421]],"o":[[0,0],[-3.825,-4.21],[-5.771,-3.272],[0,0],[8.629,2.475],[6.724,3.76]],"v":[[316.411,30.842],[293.621,37.552],[280.351,27.002],[262.061,19.332],[273.691,6.172],[298.441,16.552]],"c":true},"ix":2},"nm":"Path 31","mn":"ADBE Vector Shape - Group","hd":false},{"ty":"fl","c":{"a":0,"k":[0.298039215686,0.298039215686,0.298039215686,1],"ix":4},"o":{"a":0,"k":100,"ix":5},"r":1,"bm":0,"nm":"Fill 27","mn":"ADBE Vector Graphic - Fill","hd":false},{"ind":58,"ty":"sh","ix":59,"ks":{"a":0,"k":{"i":[[54.07,0],[0,-32.36],[-54.07,0],[0,32.36]],"o":[[-54.07,0],[0,32.36],[54.07,0],[0,-32.36]],"v":[[229.201,26.15],[131.301,84.74],[229.201,143.34],[327.101,84.74]],"c":true},"ix":2},"nm":"Path 33","mn":"ADBE Vector Shape - Group","hd":false},{"ind":59,"ty":"sh","ix":60,"ks":{"a":0,"k":{"i":[[0,0],[0,23.62],[-40.13,0],[0,-23.62],[40.14,0]],"o":[[-40.13,0],[0,-23.62],[40.13,0],[0,23.62],[0,0]],"v":[[227.511,128.15],[154.841,85.38],[227.511,42.62],[300.181,85.39],[227.511,128.14]],"c":true},"ix":2},"nm":"Path 34","mn":"ADBE Vector Shape - Group","hd":false},{"ty":"fl","c":{"a":0,"k":[0.298039215686,0.298039215686,0.298039215686,1],"ix":4},"o":{"a":0,"k":100,"ix":5},"r":1,"bm":0,"nm":"Fill 29","mn":"ADBE Vector Graphic - Fill","hd":false},{"ind":61,"ty":"sh","ix":62,"ks":{"a":0,"k":{"i":[[-109.214,0],[0,55.228],[109.214,0],[0,-55.228]],"o":[[109.214,0],[0,-55.228],[-109.214,0],[0,55.228]],"v":[[197.75,547.07],[395.5,447.07],[197.75,347.07],[0,447.07]],"c":true},"ix":2},"nm":"Path 32","mn":"ADBE Vector Shape - Group","hd":false},{"ty":"fl","c":{"a":0,"k":[0,0,0,1],"ix":4},"o":{"a":0,"k":13,"ix":5},"r":1,"bm":0,"nm":"Fill 28","mn":"ADBE Vector Graphic - Fill","hd":false}],"ip":0,"op":500,"st":0,"bm":0},{"ddd":0,"ind":8,"ty":4,"nm":"glow","parent":15,"sr":1,"ks":{"o":{"a":1,"k":[{"i":{"x":[0.833],"y":[0.833]},"o":{"x":[0.167],"y":[0.167]},"t":68,"s":[0]},{"t":91,"s":[100]}],"ix":11},"r":{"a":0,"k":0,"ix":10},"p":{"a":0,"k":[-197.709,-68.627,0],"ix":2,"l":2},"a":{"a":0,"k":[91.543,54.187,0],"ix":1,"l":2},"s":{"a":0,"k":[100,200,100],"ix":6,"l":2}},"ao":0,"shapes":[{"ty":"gr","it":[{"ind":0,"ty":"sh","ix":1,"ks":{"a":1,"k":[{"i":{"x":0,"y":1},"o":{"x":0.167,"y":0.167},"t":118,"s":[{"i":[[0,0],[0,0],[0,0],[0,0],[0,0],[-110,0]],"o":[[0,0],[0,0],[0,0],[0,0],[0,0],[110,0]],"v":[[194.304,-370.75],[194.272,20.274],[64.469,54.187],[-11.525,-4.712],[-11.217,-370.669],[93.252,-410.711]],"c":true}]},{"t":200,"s":[{"i":[[0,0],[0,0],[0,0],[0,0],[0,0],[-184,0]],"o":[[0,0],[0,0],[0,0],[0,0],[0,0],[184,0]],"v":[[314.304,-180.75],[194.272,20.274],[64.469,54.187],[-11.525,-4.712],[-131.217,-180.669],[97.252,-290.711]],"c":true}]}],"ix":2},"nm":"glow","mn":"ADBE Vector Shape - Group","hd":false},{"ty":"gf","o":{"a":1,"k":[{"i":{"x":[0],"y":[1]},"o":{"x":[0.167],"y":[0.167]},"t":118,"s":[84]},{"t":200,"s":[30]}],"ix":10},"r":1,"bm":0,"g":{"p":3,"k":{"a":0,"k":[0,0.62,0.878,1,0.5,0.62,0.878,1,1,0.62,0.878,1,0,1,0.5,0.5,1,0],"ix":9}},"s":{"a":0,"k":[88,56],"ix":5},"e":{"a":1,"k":[{"i":{"x":0,"y":1},"o":{"x":0.167,"y":0.167},"t":118,"s":[92,-205],"to":[0,-12.5],"ti":[0,12.5]},{"t":200,"s":[92,-280]}],"ix":6},"t":2,"h":{"a":0,"k":0,"ix":7},"a":{"a":0,"k":0,"ix":8},"nm":"Gradient Fill 1","mn":"ADBE Vector Graphic - G-Fill","hd":false},{"ty":"tr","p":{"a":0,"k":[91.543,-118.262],"ix":2},"a":{"a":0,"k":[91.543,-118.262],"ix":1},"s":{"a":0,"k":[100,100],"ix":3},"r":{"a":0,"k":0,"ix":6},"o":{"a":0,"k":100,"ix":7},"sk":{"a":0,"k":0,"ix":4},"sa":{"a":0,"k":0,"ix":5},"nm":"Transform"}],"nm":"Group 1","np":2,"cix":2,"bm":0,"ix":1,"mn":"ADBE Vector Group","hd":false}],"ip":0,"op":500,"st":0,"bm":0},{"ddd":0,"ind":9,"ty":4,"nm":"diamond mask","parent":15,"td":1,"sr":1,"ks":{"o":{"a":0,"k":100,"ix":11},"r":{"a":0,"k":0,"ix":10},"p":{"a":0,"k":[-225.033,-68.877,0],"ix":2,"l":2},"a":{"a":0,"k":[64.219,54.062,0],"ix":1,"l":2},"s":{"a":0,"k":[100,200,100],"ix":6,"l":2}},"ao":0,"shapes":[{"ty":"gr","it":[{"ind":0,"ty":"sh","ix":1,"ks":{"a":0,"k":{"i":[[0,0],[0,0],[0,0],[0,0],[0,0],[-184,0]],"o":[[0,0],[0,0],[0,0],[0,0],[0,0],[184,0]],"v":[[314.304,-180.75],[194.272,20.274],[64.469,54.187],[-11.525,-4.712],[-131.217,-180.669],[97.252,-290.711]],"c":true},"ix":2},"nm":"glow","mn":"ADBE Vector Shape - Group","hd":false},{"ty":"fl","c":{"a":0,"k":[1,1,1,1],"ix":4},"o":{"a":0,"k":100,"ix":5},"r":1,"bm":0,"nm":"Fill 1","mn":"ADBE Vector Graphic - Fill","hd":false},{"ty":"tr","p":{"a":0,"k":[91.543,-118.262],"ix":2},"a":{"a":0,"k":[91.543,-118.262],"ix":1},"s":{"a":0,"k":[100,100],"ix":3},"r":{"a":0,"k":0,"ix":6},"o":{"a":0,"k":100,"ix":7},"sk":{"a":0,"k":0,"ix":4},"sa":{"a":0,"k":0,"ix":5},"nm":"Transform"}],"nm":"Group 1","np":2,"cix":2,"bm":0,"ix":1,"mn":"ADBE Vector Group","hd":false}],"ip":0,"op":500,"st":0,"bm":0},{"ddd":0,"ind":10,"ty":4,"nm":"diamond Outlines","parent":15,"tt":1,"sr":1,"ks":{"o":{"a":1,"k":[{"i":{"x":[0.833],"y":[0.833]},"o":{"x":[0.167],"y":[0.167]},"t":118,"s":[0]},{"t":135,"s":[100]}],"ix":11},"r":{"a":0,"k":0,"ix":10},"p":{"a":1,"k":[{"i":{"x":0,"y":1},"o":{"x":0.167,"y":0.167},"t":118,"s":[-197.5,9.5,0],"to":[0,-52.333,0],"ti":[0,0,0]},{"i":{"x":0.5,"y":1},"o":{"x":0.5,"y":0},"t":200,"s":[-197.5,-304.5,0],"to":[0,0,0],"ti":[0,0,0]},{"i":{"x":0.5,"y":1},"o":{"x":0.5,"y":0},"t":300,"s":[-197.5,-276.3,0],"to":[0,0,0],"ti":[0,4.7,0]},{"t":400,"s":[-197.5,-304.5,0]}],"ix":2,"l":2,"x":"var $bm_rt;\n$bm_rt = transform.position;"},"a":{"a":0,"k":[40,36,0],"ix":1,"l":2},"s":{"a":0,"k":[166,332,100],"ix":6,"l":2}},"ao":0,"shapes":[{"ty":"gr","it":[{"ind":0,"ty":"sh","ix":1,"ks":{"a":0,"k":{"i":[[0,0],[0,0],[0,0],[0,0],[-0.449,0.668],[0,0],[0,0],[-0.026,0.153]],"o":[[0,0],[0,0],[0,0],[0.737,-0.325],[0,0],[0,0],[0.077,-0.135],[0,0]],"v":[[17.813,-23.564],[-0.707,-8.438],[-16.654,20.163],[-19.119,24.641],[-17.303,23.12],[18.766,-23.942],[18.963,-24.205],[19.119,-24.641]],"c":true},"ix":2},"nm":"Path 1","mn":"ADBE Vector Shape - Group","hd":false},{"ty":"fl","c":{"a":0,"k":[0,0.592156862745,0.780392216701,1],"ix":4},"o":{"a":0,"k":100,"ix":5},"r":1,"bm":0,"nm":"Fill 1","mn":"ADBE Vector Graphic - Fill","hd":false},{"ty":"tr","p":{"a":0,"k":[60.867,46.242],"ix":2},"a":{"a":0,"k":[0,0],"ix":1},"s":{"a":0,"k":[100,100],"ix":3},"r":{"a":0,"k":0,"ix":6},"o":{"a":0,"k":100,"ix":7},"sk":{"a":0,"k":0,"ix":4},"sa":{"a":0,"k":0,"ix":5},"nm":"Transform"}],"nm":"Group 1","np":2,"cix":2,"bm":0,"ix":1,"mn":"ADBE Vector Group","hd":false},{"ty":"gr","it":[{"ind":0,"ty":"sh","ix":1,"ks":{"a":0,"k":{"i":[[0.138,0.107],[0,0],[0,0],[0,0],[0,0],[0,0]],"o":[[0,0],[0,0],[0,0],[0,0],[0,0],[-0.084,-0.153]],"v":[[14.535,10.024],[-4.741,-5.587],[-14.871,-10.418],[-4.774,-2.153],[13.91,9.802],[14.871,10.418]],"c":true},"ix":2},"nm":"Path 1","mn":"ADBE Vector Shape - Group","hd":false},{"ty":"fl","c":{"a":0,"k":[0.6,0.854902020623,0.964705942191,1],"ix":4},"o":{"a":0,"k":100,"ix":5},"r":1,"bm":0,"nm":"Fill 1","mn":"ADBE Vector Graphic - Fill","hd":false},{"ty":"tr","p":{"a":0,"k":[64.973,10.428],"ix":2},"a":{"a":0,"k":[0,0],"ix":1},"s":{"a":0,"k":[100,100],"ix":3},"r":{"a":0,"k":0,"ix":6},"o":{"a":0,"k":100,"ix":7},"sk":{"a":0,"k":0,"ix":4},"sa":{"a":0,"k":0,"ix":5},"nm":"Transform"}],"nm":"Group 2","np":2,"cix":2,"bm":0,"ix":2,"mn":"ADBE Vector Group","hd":false},{"ty":"gr","it":[{"ind":0,"ty":"sh","ix":1,"ks":{"a":0,"k":{"i":[[0.089,0.179],[0,0],[0,0],[0,0],[0,0],[0,0],[0,0],[0.004,0.063]],"o":[[0,0],[0,0],[0,0],[0,0],[0,0],[0,0],[0.004,-0.063],[0.002,-0.199]],"v":[[14.783,-2.19],[13.842,-2.814],[-4.841,-14.769],[-14.939,-6.503],[-4.858,14.769],[13.662,-0.39],[14.935,-1.434],[14.935,-1.623]],"c":true},"ix":2},"nm":"Path 1","mn":"ADBE Vector Shape - Group","hd":false},{"ty":"fl","c":{"a":0,"k":[0.321568627451,0.694117647059,0.862745157878,1],"ix":4},"o":{"a":0,"k":100,"ix":5},"r":1,"bm":0,"nm":"Fill 1","mn":"ADBE Vector Graphic - Fill","hd":false},{"ty":"tr","p":{"a":0,"k":[65.058,23.036],"ix":2},"a":{"a":0,"k":[0,0],"ix":1},"s":{"a":0,"k":[100,100],"ix":3},"r":{"a":0,"k":0,"ix":6},"o":{"a":0,"k":100,"ix":7},"sk":{"a":0,"k":0,"ix":4},"sa":{"a":0,"k":0,"ix":5},"nm":"Transform"}],"nm":"Group 3","np":2,"cix":2,"bm":0,"ix":3,"mn":"ADBE Vector Group","hd":false},{"ty":"gr","it":[{"ind":0,"ty":"sh","ix":1,"ks":{"a":0,"k":{"i":[[0,0],[0,0],[0,0],[0,0],[-0.068,-0.128],[0,0],[0,0],[0,0],[-0.711,-0.321]],"o":[[0,0],[0,0],[0,0],[0.024,0.144],[0,0],[0,0],[0,0],[0.451,0.636],[0,0]],"v":[[16.617,20.154],[0.522,-8.504],[-17.842,-23.531],[-19.123,-24.583],[-18.984,-24.172],[-18.745,-23.868],[17.291,23.047],[17.349,23.12],[19.123,24.583]],"c":true},"ix":2},"nm":"Path 1","mn":"ADBE Vector Shape - Group","hd":false},{"ty":"fl","c":{"a":0,"k":[0.603921568627,0.854902020623,0.964705942191,1],"ix":4},"o":{"a":0,"k":100,"ix":5},"r":1,"bm":0,"nm":"Fill 1","mn":"ADBE Vector Graphic - Fill","hd":false},{"ty":"tr","p":{"a":0,"k":[19.123,46.308],"ix":2},"a":{"a":0,"k":[0,0],"ix":1},"s":{"a":0,"k":[100,100],"ix":3},"r":{"a":0,"k":0,"ix":6},"o":{"a":0,"k":100,"ix":7},"sk":{"a":0,"k":0,"ix":4},"sa":{"a":0,"k":0,"ix":5},"nm":"Transform"}],"nm":"Group 4","np":2,"cix":2,"bm":0,"ix":4,"mn":"ADBE Vector Group","hd":false},{"ty":"gr","it":[{"ind":0,"ty":"sh","ix":1,"ks":{"a":0,"k":{"i":[[0,0],[0,0],[0,0],[0.048,-0.09],[0,0],[0,0],[0,0]],"o":[[0,0],[0,0],[-0.072,0.073],[0,0],[0,0],[0,0],[0,0]],"v":[[4.753,-5.706],[-14.432,10.036],[-14.703,10.258],[-14.884,10.504],[-13.881,9.864],[4.786,-2.206],[14.884,-10.504]],"c":true},"ix":2},"nm":"Path 1","mn":"ADBE Vector Shape - Group","hd":false},{"ty":"fl","c":{"a":0,"k":[0.6,0.854902020623,0.964705942191,1],"ix":4},"o":{"a":0,"k":100,"ix":5},"r":1,"bm":0,"nm":"Fill 1","mn":"ADBE Vector Graphic - Fill","hd":false},{"ty":"tr","p":{"a":0,"k":[15.015,10.514],"ix":2},"a":{"a":0,"k":[0,0],"ix":1},"s":{"a":0,"k":[100,100],"ix":3},"r":{"a":0,"k":0,"ix":6},"o":{"a":0,"k":100,"ix":7},"sk":{"a":0,"k":0,"ix":4},"sa":{"a":0,"k":0,"ix":5},"nm":"Transform"}],"nm":"Group 5","np":2,"cix":2,"bm":0,"ix":5,"mn":"ADBE Vector Group","hd":false},{"ty":"gr","it":[{"ind":0,"ty":"sh","ix":1,"ks":{"a":0,"k":{"i":[[0,0],[0,0],[0,0],[0.002,-0.206],[-0.004,-0.063],[0,0],[0,0],[0,0]],"o":[[0,0],[0,0],[-0.095,0.183],[-0.004,0.063],[0,0],[0,0],[0,0],[0,0]],"v":[[4.849,-14.769],[-13.818,-2.699],[-14.795,-2.059],[-14.943,-1.467],[-14.943,-1.278],[-13.687,-0.16],[4.693,14.769],[14.947,-6.536]],"c":true},"ix":2},"nm":"Path 1","mn":"ADBE Vector Shape - Group","hd":false},{"ty":"fl","c":{"a":0,"k":[1,1,1,1],"ix":4},"o":{"a":0,"k":100,"ix":5},"r":1,"bm":0,"nm":"Fill 1","mn":"ADBE Vector Graphic - Fill","hd":false},{"ty":"tr","p":{"a":0,"k":[14.952,23.036],"ix":2},"a":{"a":0,"k":[0,0],"ix":1},"s":{"a":0,"k":[100,100],"ix":3},"r":{"a":0,"k":0,"ix":6},"o":{"a":0,"k":100,"ix":7},"sk":{"a":0,"k":0,"ix":4},"sa":{"a":0,"k":0,"ix":5},"nm":"Transform"}],"nm":"Group 6","np":2,"cix":2,"bm":0,"ix":6,"mn":"ADBE Vector Group","hd":false},{"ty":"gr","it":[{"ind":0,"ty":"sh","ix":1,"ks":{"a":0,"k":{"i":[[0,0],[0,0],[0,0],[0,0],[-0.603,-0.001],[-0.551,0.255],[0,0]],"o":[[0,0],[0,0],[0,0],[0.55,0.248],[0.607,0.001],[0,0],[0,0]],"v":[[20.278,-16.733],[-20.278,-16.733],[-4.333,12.132],[-1.676,16.354],[0.074,16.732],[1.832,16.346],[4.297,11.868]],"c":true},"ix":2},"nm":"Path 1","mn":"ADBE Vector Shape - Group","hd":false},{"ty":"fl","c":{"a":0,"k":[0.321568627451,0.694117647059,0.862745157878,1],"ix":4},"o":{"a":0,"k":100,"ix":5},"r":1,"bm":0,"nm":"Fill 1","mn":"ADBE Vector Graphic - Fill","hd":false},{"ty":"tr","p":{"a":0,"k":[39.924,54.535],"ix":2},"a":{"a":0,"k":[0,0],"ix":1},"s":{"a":0,"k":[100,100],"ix":3},"r":{"a":0,"k":0,"ix":6},"o":{"a":0,"k":100,"ix":7},"sk":{"a":0,"k":0,"ix":4},"sa":{"a":0,"k":0,"ix":5},"nm":"Transform"}],"nm":"Group 7","np":2,"cix":2,"bm":0,"ix":7,"mn":"ADBE Vector Group","hd":false},{"ty":"gr","it":[{"ind":0,"ty":"sh","ix":1,"ks":{"a":0,"k":{"i":[[0,0],[0,0],[0,0],[0,0]],"o":[[0,0],[0,0],[0,0],[0,0]],"v":[[20.316,10.648],[10.229,-10.648],[-10.087,-10.648],[-20.316,10.648]],"c":true},"ix":2},"nm":"Path 1","mn":"ADBE Vector Shape - Group","hd":false},{"ty":"fl","c":{"a":0,"k":[0.462745127958,0.768627510819,0.913725550034,1],"ix":4},"o":{"a":0,"k":100,"ix":5},"r":1,"bm":0,"nm":"Fill 1","mn":"ADBE Vector Graphic - Fill","hd":false},{"ty":"tr","p":{"a":0,"k":[39.931,27.181],"ix":2},"a":{"a":0,"k":[0,0],"ix":1},"s":{"a":0,"k":[100,100],"ix":3},"r":{"a":0,"k":0,"ix":6},"o":{"a":0,"k":100,"ix":7},"sk":{"a":0,"k":0,"ix":4},"sa":{"a":0,"k":0,"ix":5},"nm":"Transform"}],"nm":"Group 8","np":2,"cix":2,"bm":0,"ix":8,"mn":"ADBE Vector Group","hd":false},{"ty":"gr","it":[{"ind":0,"ty":"sh","ix":1,"ks":{"a":0,"k":{"i":[[0,0],[0,0],[0,0],[0,0],[0,0],[0,0]],"o":[[0,0],[0,0],[0,0],[0,0],[0,0],[0,0]],"v":[[-10.147,8.266],[10.14,8.266],[20.214,0.014],[10.079,-8.266],[-10.117,-8.266],[-20.214,0]],"c":true},"ix":2},"nm":"Path 1","mn":"ADBE Vector Shape - Group","hd":false},{"ty":"fl","c":{"a":0,"k":[0.811764765721,0.917647118662,0.952941236309,1],"ix":4},"o":{"a":0,"k":100,"ix":5},"r":1,"bm":0,"nm":"Fill 1","mn":"ADBE Vector Graphic - Fill","hd":false},{"ty":"tr","p":{"a":0,"k":[40.025,8.266],"ix":2},"a":{"a":0,"k":[0,0],"ix":1},"s":{"a":0,"k":[100,100],"ix":3},"r":{"a":0,"k":0,"ix":6},"o":{"a":0,"k":100,"ix":7},"sk":{"a":0,"k":0,"ix":4},"sa":{"a":0,"k":0,"ix":5},"nm":"Transform"}],"nm":"Group 9","np":2,"cix":2,"bm":0,"ix":9,"mn":"ADBE Vector Group","hd":false}],"ip":0,"op":500,"st":0,"bm":0},{"ddd":0,"ind":11,"ty":4,"nm":"tile","parent":15,"sr":1,"ks":{"o":{"a":1,"k":[{"i":{"x":[0.833],"y":[0.833]},"o":{"x":[0.167],"y":[0.167]},"t":50,"s":[0]},{"t":73,"s":[100]}],"ix":11},"r":{"a":0,"k":0,"ix":10},"p":{"a":0,"k":[-197.879,-161.563,0],"ix":2,"l":2},"a":{"a":0,"k":[91.373,7.718,0],"ix":1,"l":2},"s":{"a":0,"k":[100,200,100],"ix":6,"l":2}},"ao":0,"shapes":[{"ty":"gr","it":[{"ind":0,"ty":"sh","ix":1,"ks":{"a":0,"k":{"i":[[0,0],[0,0],[0,0],[0,0]],"o":[[0,0],[0,0],[0,0],[0,0]],"v":[[119.028,-38.75],[194.272,20.274],[64.469,54.187],[-11.525,-4.712]],"c":true},"ix":2},"nm":"hole","mn":"ADBE Vector Shape - Group","hd":false},{"ty":"fl","c":{"a":0,"k":[1,1,1,1],"ix":4},"o":{"a":0,"k":100,"ix":5},"r":1,"bm":0,"nm":"Fill 1","mn":"ADBE Vector Graphic - Fill","hd":false},{"ty":"tr","p":{"a":0,"k":[91.373,7.718],"ix":2},"a":{"a":0,"k":[91.373,7.718],"ix":1},"s":{"a":0,"k":[100,100],"ix":3},"r":{"a":0,"k":0,"ix":6},"o":{"a":0,"k":100,"ix":7},"sk":{"a":0,"k":0,"ix":4},"sa":{"a":0,"k":0,"ix":5},"nm":"Transform"}],"nm":"Group 3","np":2,"cix":2,"bm":0,"ix":1,"mn":"ADBE Vector Group","hd":false}],"ip":0,"op":500,"st":0,"bm":0},{"ddd":0,"ind":12,"ty":4,"nm":"pawn white Outlines","parent":15,"sr":1,"ks":{"o":{"a":0,"k":100,"ix":11},"r":{"a":0,"k":0,"ix":10},"p":{"a":0,"k":[-288.5,-374.405,0],"ix":2,"l":2},"a":{"a":0,"k":[170.5,231,0],"ix":1,"l":2},"s":{"a":0,"k":[29,58,100],"ix":6,"l":2}},"ao":0,"shapes":[{"ind":0,"ty":"sh","ix":1,"ks":{"a":0,"k":{"i":[[5.95,2.471],[0,0],[0,0],[0,-0.55],[-20.78,-6.52],[0,0]],"o":[[0,0],[0,0],[0,0.55],[0,14.66],[0,0],[-6.361,-1.024]],"v":[[168.12,175.975],[137.66,266.435],[137.82,266.435],[137.76,268.075],[172.65,301.995],[186.65,181.235]],"c":true},"ix":2},"nm":"Path 1","mn":"ADBE Vector Shape - Group","hd":false},{"ty":"fl","c":{"a":0,"k":[0.756862804936,0.756862804936,0.756862804936,1],"ix":4},"o":{"a":0,"k":100,"ix":5},"r":1,"bm":0,"nm":"Fill 1","mn":"ADBE Vector Graphic - Fill","hd":false},{"ind":2,"ty":"sh","ix":3,"ks":{"a":0,"k":{"i":[[0,23.88],[0,0],[0,-17.4],[0,0],[-36.93,-13.98],[0,0],[-8.2,1.79],[0,0.04]],"o":[[0,0],[-14.64,10],[0,0],[0,27.73],[0,0],[0,-12.31],[0,0],[-30.67,-11.99]],"v":[[93.88,342.894],[93.88,315.324],[70.65,356.234],[70.65,369.784],[132.05,435.854],[132.05,423.304],[144.92,399.864],[144.92,399.774]],"c":true},"ix":2},"nm":"Path 2","mn":"ADBE Vector Shape - Group","hd":false},{"ty":"fl","c":{"a":0,"k":[0.701960784314,0.701960784314,0.701960784314,1],"ix":4},"o":{"a":0,"k":100,"ix":5},"r":1,"bm":0,"nm":"Fill 2","mn":"ADBE Vector Graphic - Fill","hd":false},{"ind":4,"ty":"sh","ix":5,"ks":{"a":0,"k":{"i":[[14.66,10.05],[0,0],[60.96,0],[0,37.24],[0,0],[0,-17.41],[0,0],[-73.8,0],[0,43.38],[0,0]],"o":[[0,0],[0,37.29],[-60.96,0],[0,0],[-14.65,10.05],[0,0],[0,43.38],[73.8,0],[0,0],[0,-17.41]],"v":[[314.65,315.285],[314.65,342.895],[204.27,410.415],[93.88,342.895],[93.88,315.285],[70.65,356.235],[70.65,369.785],[204.27,448.325],[337.89,369.785],[337.89,356.235]],"c":true},"ix":2},"nm":"Path 3","mn":"ADBE Vector Shape - Group","hd":false},{"ty":"fl","c":{"a":0,"k":[0.850980451995,0.850980451995,0.850980451995,1],"ix":4},"o":{"a":0,"k":100,"ix":5},"r":1,"bm":0,"nm":"Fill 3","mn":"ADBE Vector Graphic - Fill","hd":false},{"ind":6,"ty":"sh","ix":7,"ks":{"a":0,"k":{"i":[[-9.088,5.167],[-1.976,-14.757],[-10.528,-10.528],[-14.757,-1.976],[-12.927,7.386],[8.664,-5.851],[10.361,-1.399],[9.905,3.344],[7.392,7.392],[3.344,9.905],[-1.399,10.361],[-5.851,8.664]],"o":[[-7.386,12.927],[1.976,14.757],[10.528,10.528],[14.757,1.976],[-5.167,9.088],[-8.664,5.851],[-10.361,1.399],[-9.905,-3.344],[-7.393,-7.392],[-3.344,-9.905],[1.399,-10.361],[5.851,-8.664]],"v":[[167.17,22.834],[158.829,65.515],[178.107,104.497],[217.089,123.775],[259.77,115.434],[238.743,138.146],[209.821,149.169],[179.012,146.212],[152.715,129.889],[136.392,103.592],[133.435,72.782],[144.457,43.861]],"c":true},"ix":2},"nm":"Path 4","mn":"ADBE Vector Shape - Group","hd":false},{"ty":"fl","c":{"a":0,"k":[0.756862804936,0.756862804936,0.756862804936,1],"ix":4},"o":{"a":0,"k":100,"ix":5},"r":1,"bm":0,"nm":"Fill 4","mn":"ADBE Vector Graphic - Fill","hd":false},{"ind":8,"ty":"sh","ix":9,"ks":{"a":0,"k":{"i":[[-8.696,36.501],[36.501,8.696],[8.696,-36.501],[-36.501,-8.696]],"o":[[8.696,-36.501],[-36.501,-8.696],[-8.696,36.501],[36.501,8.696]],"v":[[266.859,97.581],[216.514,15.746],[134.679,66.091],[185.024,147.927]],"c":true},"ix":2},"nm":"Path 5","mn":"ADBE Vector Shape - Group","hd":false},{"ty":"fl","c":{"a":0,"k":[0.952941236309,0.952941236309,0.952941236309,1],"ix":4},"o":{"a":0,"k":100,"ix":5},"r":1,"bm":0,"nm":"Fill 5","mn":"ADBE Vector Graphic - Fill","hd":false},{"ind":10,"ty":"sh","ix":11,"ks":{"a":0,"k":{"i":[[13.119,0.141],[10.702,4.367],[0,0],[-12.345,0.107],[-11,5.92],[0,0]],"o":[[-11.558,0.083],[0,0],[11.289,4.997],[15.13,0],[0,0],[-11.835,5.66]],"v":[[201.84,182.464],[168.12,175.974],[166,182.354],[201.86,189.774],[241.86,180.294],[239.77,174.074]],"c":true},"ix":2},"nm":"Path 6","mn":"ADBE Vector Shape - Group","hd":false},{"ty":"fl","c":{"a":0,"k":[0.756862804936,0.756862804936,0.756862804936,1],"ix":4},"o":{"a":0,"k":100,"ix":5},"r":1,"bm":0,"nm":"Fill 6","mn":"ADBE Vector Graphic - Fill","hd":false},{"ind":12,"ty":"sh","ix":13,"ks":{"a":0,"k":{"i":[[16.1,9.69],[0,0],[0,0],[0,-0.55],[36.74,0],[0,21.29],[-0.06,0.55],[0,0],[0,0],[0,-15.33],[-45.16,0],[0,29.25]],"o":[[0,0],[0,0],[0,0.55],[0,21.29],[-36.74,0],[0,-0.55],[0,0],[0,0],[-16,9.68],[0,29.3],[45.16,0],[0,-15.4]],"v":[[259.9,233.984],[270.83,266.434],[270.77,266.434],[270.83,268.074],[204.3,306.634],[137.76,268.074],[137.82,266.434],[137.66,266.434],[148.58,234.024],[122.51,272.844],[204.27,325.894],[286,272.894]],"c":true},"ix":2},"nm":"Path 7","mn":"ADBE Vector Shape - Group","hd":false},{"ty":"fl","c":{"a":0,"k":[1,1,1,1],"ix":4},"o":{"a":0,"k":100,"ix":5},"r":1,"bm":0,"nm":"Fill 7","mn":"ADBE Vector Graphic - Fill","hd":false},{"ind":14,"ty":"sh","ix":15,"ks":{"a":0,"k":{"i":[[0,0],[0,0],[13.105,0.135],[10.702,4.367],[0,0],[0,0],[0,-0.55],[-36.75,0],[0,21.29],[0.06,0.55]],"o":[[0,0],[-11.823,5.654],[-11.558,0.083],[0,0],[0,0],[0,0.55],[0,21.29],[36.75,0],[0,-0.55],[0,0]],"v":[[270.83,266.434],[239.73,174.074],[201.84,182.464],[168.12,175.974],[137.66,266.434],[137.82,266.434],[137.76,268.074],[204.3,306.634],[270.83,268.074],[270.77,266.434]],"c":true},"ix":2},"nm":"Path 8","mn":"ADBE Vector Shape - Group","hd":false},{"ty":"fl","c":{"a":0,"k":[0.933333393172,0.933333393172,0.933333393172,1],"ix":4},"o":{"a":0,"k":100,"ix":5},"r":1,"bm":0,"nm":"Fill 8","mn":"ADBE Vector Graphic - Fill","hd":false},{"ind":16,"ty":"sh","ix":17,"ks":{"a":0,"k":{"i":[[5.42,6.33],[-0.086,-5.026],[33.2,0],[0,19.9],[-2.973,4.046],[0,-7.84],[-35.36,0],[0,23.82]],"o":[[2.991,4.04],[0,19.87],[-33.2,0],[0.071,-5.021],[-5.42,6.33],[0,23.82],[35.36,0],[-0.12,-7.84]],"v":[[257.27,117.805],[262,131.745],[201.89,167.745],[141.78,131.745],[146.46,117.805],[137.93,139.325],[201.93,182.465],[265.93,139.325]],"c":true},"ix":2},"nm":"Path 9","mn":"ADBE Vector Shape - Group","hd":false},{"ty":"fl","c":{"a":0,"k":[0.835294177485,0.835294177485,0.835294177485,1],"ix":4},"o":{"a":0,"k":100,"ix":5},"r":1,"bm":0,"nm":"Fill 9","mn":"ADBE Vector Graphic - Fill","hd":false},{"ind":18,"ty":"sh","ix":19,"ks":{"a":0,"k":{"i":[[0,-19.85],[-33.2,0],[0,19.9],[33.2,0]],"o":[[0,19.87],[33.2,0],[0,-19.9],[-33.2,0]],"v":[[141.73,131.744],[201.84,167.744],[261.95,131.744],[201.84,95.744]],"c":true},"ix":2},"nm":"Path 10","mn":"ADBE Vector Shape - Group","hd":false},{"ty":"fl","c":{"a":0,"k":[1,1,1,1],"ix":4},"o":{"a":0,"k":100,"ix":5},"r":1,"bm":0,"nm":"Fill 10","mn":"ADBE Vector Graphic - Fill","hd":false},{"ind":20,"ty":"sh","ix":21,"ks":{"a":0,"k":{"i":[[-13.84,8.8],[1.95,18.9],[0,0],[0,0],[-4.197,6.135],[0,-20.71],[0,0],[-30.84,-11.94],[0.003,1.095],[0,0]],"o":[[-24.54,-8.34],[0,0],[0,0],[0.08,-7.433],[-21.64,13.08],[0,0],[0,24],[-0.164,-1.082],[0,0],[0.04,-13.43]],"v":[[166.391,339.344],[122.701,295.914],[122.511,295.764],[122.511,272.894],[129.071,252.084],[93.881,304.504],[93.881,342.894],[145.211,399.894],[144.961,396.624],[144.961,375.974]],"c":true},"ix":2},"nm":"Path 11","mn":"ADBE Vector Shape - Group","hd":false},{"ty":"fl","c":{"a":0,"k":[0.756862804936,0.756862804936,0.756862804936,1],"ix":4},"o":{"a":0,"k":100,"ix":5},"r":1,"bm":0,"nm":"Fill 11","mn":"ADBE Vector Graphic - Fill","hd":false},{"ind":22,"ty":"sh","ix":23,"ks":{"a":0,"k":{"i":[[21.64,13.08],[-0.066,-7.451],[0,0],[0,0],[43.27,0],[2.85,27.65],[0,0],[0,0],[-4.203,6.136],[0,-20.71],[0,0],[-60.97,0],[0,37.24],[0,0]],"o":[[4.198,6.156],[0,0],[0,0],[-2.87,27.6],[-43.27,0],[0,0],[0,0],[0.08,-7.437],[-21.65,13.08],[0,0],[0,37.29],[60.97,0],[0,0],[0,-20.71]],"v":[[279.461,252.025],[286.001,272.895],[286.001,295.815],[285.801,296.005],[204.241,345.425],[122.701,295.895],[122.511,295.745],[122.511,272.895],[129.081,252.075],[93.881,304.505],[93.881,342.895],[204.271,410.415],[314.651,342.895],[314.651,304.455]],"c":true},"ix":2},"nm":"Path 12","mn":"ADBE Vector Shape - Group","hd":false},{"ty":"fl","c":{"a":0,"k":[0.933333393172,0.933333393172,0.933333393172,1],"ix":4},"o":{"a":0,"k":100,"ix":5},"r":1,"bm":0,"nm":"Fill 12","mn":"ADBE Vector Graphic - Fill","hd":false},{"ind":24,"ty":"sh","ix":25,"ks":{"a":0,"k":{"i":[[45.15,0],[0,29.3],[0,0],[0,0],[-43.3,0],[-2.87,27.6],[0,0],[0,0]],"o":[[-45.16,0],[0,0],[0,0],[2.85,27.63],[43.3,0],[0,0],[0,0],[-0.03,29.25]],"v":[[204.27,325.894],[122.51,272.844],[122.51,295.764],[122.7,295.914],[204.27,345.374],[285.83,295.954],[286.03,295.764],[286.03,272.894]],"c":true},"ix":2},"nm":"Path 13","mn":"ADBE Vector Shape - Group","hd":false},{"ty":"fl","c":{"a":0,"k":[0.831372608858,0.831372608858,0.831372608858,1],"ix":4},"o":{"a":0,"k":100,"ix":5},"r":1,"bm":0,"nm":"Fill 13","mn":"ADBE Vector Graphic - Fill","hd":false},{"ind":26,"ty":"sh","ix":27,"ks":{"a":0,"k":{"i":[[-93.927,0],[0,47.502],[93.927,0],[0,-47.502]],"o":[[93.927,0],[0,-47.502],[-93.927,0],[0,47.502]],"v":[[170.07,461.084],[340.14,375.074],[170.07,289.064],[0,375.074]],"c":true},"ix":2},"nm":"Path 14","mn":"ADBE Vector Shape - Group","hd":false},{"ty":"fl","c":{"a":0,"k":[0,0,0,1],"ix":4},"o":{"a":0,"k":13,"ix":5},"r":1,"bm":0,"nm":"Fill 14","mn":"ADBE Vector Graphic - Fill","hd":false}],"ip":0,"op":500,"st":0,"bm":0},{"ddd":0,"ind":13,"ty":4,"nm":"knight Outlines","parent":15,"sr":1,"ks":{"o":{"a":0,"k":100,"ix":11},"r":{"a":0,"k":0,"ix":10},"p":{"a":0,"k":[-77.5,-338.5,0],"ix":2,"l":2},"a":{"a":0,"k":[204.5,281,0],"ix":1,"l":2},"s":{"a":0,"k":[29,58,100],"ix":6,"l":2}},"ao":0,"shapes":[{"ind":0,"ty":"sh","ix":1,"ks":{"a":0,"k":{"i":[[2.73,-3.44],[3.47,-106.64],[-14.03,9]],"o":[[-6.93,8.76],[-9.76,-106.87],[4.3,3.36]],"v":[[170.08,74.51],[137.53,207],[167.84,50]],"c":true},"ix":2},"nm":"Path 1","mn":"ADBE Vector Shape - Group","hd":false},{"ty":"fl","c":{"a":0,"k":[0.89019613827,0.89019613827,0.89019613827,1],"ix":4},"o":{"a":0,"k":100,"ix":5},"r":1,"bm":0,"nm":"Fill 1","mn":"ADBE Vector Graphic - Fill","hd":false},{"ind":2,"ty":"sh","ix":3,"ks":{"a":0,"k":{"i":[[4.67,-2.78],[-37.92,-188.48],[-6.32,-7.59],[-20.99,25.08],[2.08,9.09]],"o":[[-15.59,20],[2.7,13.43],[-25.21,-154.76],[3.65,-4.35],[-3.21,-13.8]],"v":[[167.88,50.12],[152.88,318.36],[162.88,344.46],[176.46,82.38],[180.46,66.64]],"c":true},"ix":2},"nm":"Path 2","mn":"ADBE Vector Shape - Group","hd":false},{"ty":"fl","c":{"a":0,"k":[0.701960784314,0.701960784314,0.701960784314,1],"ix":4},"o":{"a":0,"k":100,"ix":5},"r":1,"bm":0,"nm":"Fill 2","mn":"ADBE Vector Graphic - Fill","hd":false},{"ind":4,"ty":"sh","ix":5,"ks":{"a":0,"k":{"i":[[0,0],[-6.14,-30.51],[-30.54,-2.86],[-0.55,2.54]],"o":[[0,0],[3.86,19.14],[-65.57,-26.07],[0.01,-0.05]],"v":[[189.85,105.65],[181.06,163.31],[242.01,197.46],[189.85,105.7]],"c":true},"ix":2},"nm":"Path 3","mn":"ADBE Vector Shape - Group","hd":false},{"ty":"fl","c":{"a":0,"k":[0.650980392157,0.650980392157,0.650980392157,1],"ix":4},"o":{"a":0,"k":100,"ix":5},"r":1,"bm":0,"nm":"Fill 3","mn":"ADBE Vector Graphic - Fill","hd":false},{"ind":6,"ty":"sh","ix":7,"ks":{"a":0,"k":{"i":[[-0.314,-0.188],[0.01,-2.62],[1.72,-1.15],[0.271,0],[0.22,0.159],[0.52,1.1],[1.29,4.49],[-0.55,1.39],[-0.705,0.315],[-0.722,-0.274]],"o":[[2.26,1.31],[0,0.06],[-0.22,0.159],[-0.271,0],[-1.14,-0.65],[-2.1,-4.44],[-0.6,-2],[0.278,-0.72],[0.705,-0.315],[0.35,0.105]],"v":[[344,239.44],[349.72,246.86],[349.72,263.73],[348.965,263.974],[348.21,263.73],[345.53,260.07],[339.53,246.16],[339.24,240.68],[340.774,239.065],[343,239]],"c":true},"ix":2},"nm":"Path 4","mn":"ADBE Vector Shape - Group","hd":false},{"ty":"fl","c":{"a":0,"k":[0.639215686275,0.639215686275,0.639215686275,1],"ix":4},"o":{"a":0,"k":100,"ix":5},"r":1,"bm":0,"nm":"Fill 4","mn":"ADBE Vector Graphic - Fill","hd":false},{"ind":8,"ty":"sh","ix":9,"ks":{"a":0,"k":{"i":[[-1.645,-0.948],[-1.92,-4.04],[1.5,-0.38],[4.47,2.56],[2.661,7.328],[-3.93,-1.62]],"o":[[11.12,6.42],[2.21,4.65],[-3.86,1],[-6.734,-3.928],[-1.66,-5],[1.758,0.717]],"v":[[267.4,131.171],[287.63,152.041],[287.42,159.291],[274.42,156.581],[259.88,139.161],[262.29,128.671]],"c":true},"ix":2},"nm":"Path 5","mn":"ADBE Vector Shape - Group","hd":false},{"ty":"fl","c":{"a":0,"k":[0.639215686275,0.639215686275,0.639215686275,1],"ix":4},"o":{"a":0,"k":100,"ix":5},"r":1,"bm":0,"nm":"Fill 5","mn":"ADBE Vector Graphic - Fill","hd":false},{"ind":10,"ty":"sh","ix":11,"ks":{"a":0,"k":{"i":[[2.09,3.19],[0,0],[0.495,1.535],[0,0],[1.981,1.993],[0,0],[0,0],[2.36,1.37],[19.6,4.47],[6.48,-47.17],[0.053,-0.529],[-18.19,-60.84],[-0.422,-0.418],[0.04,-0.56],[8.67,-21.71],[0,0],[-15.735,-2.551],[0,0],[13.86,34.93],[-8.22,14.69],[0,0],[-0.978,-3.012],[0,0],[-2.593,-2.143],[0,0],[-0.502,-0.296],[-1.446,0.135],[0,0],[-0.35,2.2],[0,0]],"o":[[0,0],[-0.891,-1.345],[0,0],[-0.865,-2.674],[0,0],[0,0],[-0.07,0],[-7.39,-4.26],[-1.41,2.11],[-0.153,0.509],[-1.64,9.61],[0.302,0.512],[0,0.56],[-3,52.16],[0,0],[15.197,4.813],[0,0],[-1.9,-10.54],[-19.64,-49.37],[0,0],[2.368,2.102],[0,0],[1.038,3.2],[0,0],[0.45,0.369],[1.224,0.783],[0,0],[1.84,-0.26],[0,0],[0.5,-2.73]],"v":[[364.001,240.81],[306.611,153.67],[304.521,149.33],[294.921,119],[290.591,111.9],[264.361,85.88],[263.241,47.31],[259.561,45.1],[214.961,27.02],[189.841,105.69],[189.531,107.25],[196.391,182.09],[197.481,183.49],[197.591,186.18],[220.011,374.18],[219.541,374.1],[266.001,385.16],[298.701,365.57],[282.991,297.57],[266.211,215.41],[291.571,236.13],[296.681,243.94],[302.031,260.75],[307.591,268.93],[333.331,289.27],[334.761,290.27],[338.881,291.27],[357.541,288.57],[360.981,284.71],[366.601,250.34]],"c":true},"ix":2},"nm":"Path 7","mn":"ADBE Vector Shape - Group","hd":false},{"ty":"fl","c":{"a":0,"k":[0.839215746113,0.839215746113,0.839215746113,1],"ix":4},"o":{"a":0,"k":100,"ix":5},"r":1,"bm":0,"nm":"Fill 7","mn":"ADBE Vector Graphic - Fill","hd":false},{"ind":12,"ty":"sh","ix":13,"ks":{"a":0,"k":{"i":[[-3.94,51.24],[0,0],[0,0],[-1.41,2.07],[5.84,-3.13],[0,0],[-2.74,-68.23],[-0.633,-9.993],[-6.07,-19.27],[0,0],[-53.75,-8.03]],"o":[[0,0],[-0.47,0.82],[6.49,-47.19],[-25.91,-6.28],[0,0],[-44,24.63],[0.393,9.853],[1.09,17.3],[0,0],[1.13,14.13],[8.77,-21.91]],"v":[[197.721,184.3],[197.521,184.18],[189.851,105.65],[215.001,27],[169.321,30.31],[168.621,30.69],[121.571,194.26],[123.111,224.03],[129.861,281.63],[153.691,321],[220.011,374.12]],"c":true},"ix":2},"nm":"Path 6","mn":"ADBE Vector Shape - Group","hd":false},{"ty":"fl","c":{"a":0,"k":[0.756862804936,0.756862804936,0.756862804936,1],"ix":4},"o":{"a":0,"k":100,"ix":5},"r":1,"bm":0,"nm":"Fill 6","mn":"ADBE Vector Graphic - Fill","hd":false},{"ind":14,"ty":"sh","ix":15,"ks":{"a":0,"k":{"i":[[-0.14,-0.43],[-0.3,-0.893],[-0.16,-0.47],[-0.38,-1.09],[-0.17,-0.47],[-0.51,-1.43],[0,0],[-0.78,-2],[0,0],[-0.83,-2.13],[0,0],[-0.42,-1.08],[-0.6,-1.613],[0,0],[-0.667,-1.707],[-0.17,-0.44],[-0.45,-1.3],[0,0],[-0.527,-1.553],[-0.08,-0.24],[-0.49,-1.46],[0,0],[-0.46,-1.48],[-0.08,-0.24],[0,0],[-0.49,-1.68],[-0.04,-0.15],[-0.447,-1.58],[-0.27,-1.03],[-0.07,-0.29],[-0.18,-0.72],[-0.07,-0.26],[-0.2,-0.86],[0.004,-0.026],[0,0],[-0.17,-0.74],[-0.04,-0.2],[-0.18,-0.88],[0,0],[-0.14,-0.747],[0,0],[-0.07,-0.35],[0,0],[-16,7.77],[0,0.16],[0,0],[0.08,0.28],[0,0.05],[0.06,0.42],[0,0.03],[0.08,0.5],[0,0],[0.11,0.63],[0,0],[0.15,0.75],[0,0],[0.18,0.87],[0,0],[0.22,0.99],[0.07,0.11],[0,0],[0.2,0.84],[0,0.04],[0.24,0.95],[0.07,0.27],[0.2,0.767],[0.08,0.3],[0.873,2.98],[0,0],[0.61,1.84],[0.05,0.16],[0,0],[0.513,1.587],[0,0],[0.48,1.53],[0,0],[0,0],[0.58,1.627],[0.15,0.41],[0.5,1.34],[0,0],[0,0],[0.71,1.81],[0.07,0.19],[0,0],[0,0],[1.038,3.2],[0,0],[2.368,2.103],[0,0],[0.2,-0.413],[0.25,-0.57],[0.038,-0.082],[0.17,-0.46],[0.09,-0.26],[0.07,-0.25],[0.08,-0.31],[0.05,-0.22],[0.1,-0.54],[-0.005,-0.02],[0.08,-0.58],[0.07,-0.18],[0.04,-0.4],[0.06,-0.21],[0.03,-0.38],[0,0],[0,-0.42],[0,-0.21],[0,-0.54],[0,0],[-0.005,-0.043],[-0.08,-1],[0,0],[-0.1,-0.84],[0,0],[-0.15,-0.98],[0,0],[-0.14,-0.773],[-0.07,-0.36],[-0.21,-0.96],[0,0],[-0.3,-1.19],[-0.06,-0.26],[0,0],[-0.27,-0.97],[-0.1,-0.36],[-0.23,-0.79],[-0.07,-0.23],[-0.04,-0.14],[-0.38,-1.22],[-0.05,-0.05],[-0.39,-1.21]],"o":[[0.28,0.867],[0.15,0.46],[0.36,1.06],[0.16,0.47],[0.48,1.38],[0,0],[0.72,1.95],[0,0],[0.78,2],[0,0],[0.44,1.11],[0.667,1.667],[0,0],[0.667,1.793],[0.16,0.45],[0.5,1.36],[0,0],[0.573,1.62],[0.09,0.23],[0.52,1.52],[0,0],[0.507,1.567],[0.07,0.24],[0,0],[0.56,1.82],[0,0.15],[0.507,1.753],[0.31,1.11],[0.07,0.29],[0.2,0.76],[0.07,0.27],[0.23,0.94],[0.004,0.026],[0,0],[0.19,0.8],[0,0.2],[0.22,1],[0,0],[0.18,0.853],[0,0],[0.07,0.39],[0,0],[0,0],[0,-0.06],[0,0],[0,-0.18],[0,0],[0,-0.31],[0,0],[-0.06,-0.4],[0,0],[-0.08,-0.53],[0,0],[-0.11,-0.65],[0,0],[-0.15,-0.76],[0,0],[-0.19,-0.89],[0,-0.11],[0,0],[-0.18,-0.78],[0,0],[-0.21,-0.88],[-0.06,-0.26],[-0.18,-0.733],[-0.08,-0.29],[-0.667,-2.56],[0,0],[-0.5,-1.7],[0,-0.15],[0,0],[-0.46,-1.487],[0,0],[-0.47,-1.45],[0,0],[0,0],[-0.527,-1.553],[-0.14,-0.4],[-0.47,-1.32],[0,0],[0,0],[-0.64,-1.72],[-0.07,-0.18],[0,0],[0,0],[-2.593,-2.143],[0,0],[-0.978,-3.012],[0,0],[-0.22,0.387],[-0.28,0.55],[-0.029,0.085],[-0.18,0.44],[-0.09,0.26],[-0.08,0.24],[-0.07,0.25],[-0.06,0.21],[-0.13,0.52],[-0.005,0.02],[-0.1,0.52],[0,0.17],[-0.05,0.38],[0,0.21],[0,0.38],[0,0],[0,0.4],[0,0.21],[0,0.52],[0,0],[-0.005,0.043],[0,1],[0,0],[0.07,0.81],[0,0],[0.12,0.94],[0,0],[0.12,0.727],[0.06,0.32],[0.18,0.91],[0,0],[0.26,1.14],[0.06,0.26],[0,0],[0.23,0.93],[0.09,0.36],[0.21,0.76],[0.06,0.23],[0.07,0.23],[0.35,1.17],[0,0.05],[0.36,1.17],[0.09,0.55]],"v":[[266.46,267.16],[267.33,269.8],[267.8,271.19],[268.92,274.41],[269.42,275.82],[270.93,280.02],[271.1,280.49],[273.35,286.49],[273.84,287.79],[276.25,294.01],[277.76,297.83],[279.04,301.09],[280.94,306.01],[281.15,306.58],[283.15,311.83],[283.64,313.17],[285.09,317.17],[285.52,318.38],[287.17,323.14],[287.41,323.84],[288.9,328.3],[289.23,329.3],[290.68,333.87],[290.9,334.59],[290.9,334.64],[292.49,339.9],[292.62,340.33],[294.05,345.33],[294.91,348.54],[295.13,349.41],[295.69,351.63],[295.89,352.43],[296.55,355.14],[296.55,355.22],[296.55,355.34],[297.08,357.66],[297.21,358.25],[297.81,361.06],[297.81,361.21],[298.29,363.61],[298.35,363.95],[298.55,365.03],[298.7,364.94],[342,348.15],[342,347.8],[342,347.73],[341.92,347.03],[341.92,346.89],[341.77,345.8],[341.77,345.7],[341.57,344.34],[341.57,344.13],[341.28,342.39],[341.22,342.04],[340.84,339.95],[340.78,339.61],[340.3,337.17],[340.3,337.01],[339.69,334.18],[339.62,333.86],[339.56,333.59],[339,331.16],[339,331.05],[338.33,328.31],[338.13,327.51],[337.56,325.26],[337.33,324.38],[335.02,316.07],[334.9,315.64],[333.29,310.31],[333.16,309.87],[333.07,309.59],[331.61,304.98],[331.27,303.98],[329.79,299.52],[329.61,298.99],[329.54,298.78],[327.88,294.01],[327.45,292.79],[326,288.79],[325.7,287.95],[325.51,287.44],[323.51,282.15],[323.29,281.59],[323.14,281.19],[307.63,269],[302.07,260.82],[296.72,244],[291.61,236.19],[262.36,211],[261.73,212.2],[260.94,213.88],[260.84,214.13],[260.32,215.48],[260.06,216.27],[259.83,217],[259.57,217.94],[259.4,218.58],[259.05,220.17],[259.05,220.23],[258.78,221.81],[258.71,222.34],[258.58,223.51],[258.52,224.14],[258.43,225.28],[258.43,225.94],[258.43,227.17],[258.43,227.8],[258.43,229.4],[258.43,229.72],[258.43,229.85],[258.59,232.85],[258.65,233.56],[258.9,236.03],[258.9,236.33],[259.31,239.22],[259.46,240.1],[259.85,242.35],[260.04,243.35],[260.62,246.15],[260.71,246.59],[261.54,250.09],[261.73,250.86],[261.79,251.07],[262.54,253.93],[262.83,255],[263.5,257.34],[263.7,258.02],[263.81,258.44],[264.9,262.03],[264.95,262.18],[266.08,265.75]],"c":true},"ix":2},"nm":"Path 8","mn":"ADBE Vector Shape - Group","hd":false},{"ty":"fl","c":{"a":0,"k":[0.933333393172,0.933333393172,0.933333393172,1],"ix":4},"o":{"a":0,"k":100,"ix":5},"r":1,"bm":0,"nm":"Fill 8","mn":"ADBE Vector Graphic - Fill","hd":false},{"ind":16,"ty":"sh","ix":17,"ks":{"a":0,"k":{"i":[[0,0],[0,0]],"o":[[0,0],[0,0]],"v":[[192.711,180.779],[193.231,181.189]],"c":true},"ix":2},"nm":"Path 9","mn":"ADBE Vector Shape - Group","hd":false},{"ty":"fl","c":{"a":0,"k":[0.839215746113,0.839215746113,0.839215746113,1],"ix":4},"o":{"a":0,"k":100,"ix":5},"r":1,"bm":0,"nm":"Fill 9","mn":"ADBE Vector Graphic - Fill","hd":false},{"ind":18,"ty":"sh","ix":19,"ks":{"a":0,"k":{"i":[[0,0],[0,0]],"o":[[0,0],[0,0]],"v":[[191.471,179.75],[191.811,180.04]],"c":true},"ix":2},"nm":"Path 10","mn":"ADBE Vector Shape - Group","hd":false},{"ty":"fl","c":{"a":0,"k":[0.839215746113,0.839215746113,0.839215746113,1],"ix":4},"o":{"a":0,"k":100,"ix":5},"r":1,"bm":0,"nm":"Fill 10","mn":"ADBE Vector Graphic - Fill","hd":false},{"ind":20,"ty":"sh","ix":21,"ks":{"a":0,"k":{"i":[[0,0],[0,0]],"o":[[0,0],[0,0]],"v":[[196.119,183.27],[197.119,183.93]],"c":true},"ix":2},"nm":"Path 12","mn":"ADBE Vector Shape - Group","hd":false},{"ty":"fl","c":{"a":0,"k":[0.839215746113,0.839215746113,0.839215746113,1],"ix":4},"o":{"a":0,"k":100,"ix":5},"r":1,"bm":0,"nm":"Fill 12","mn":"ADBE Vector Graphic - Fill","hd":false},{"ind":22,"ty":"sh","ix":23,"ks":{"a":0,"k":{"i":[[0.27,0.2],[-0.28,-0.19]],"o":[[0.27,0.2],[-0.28,-0.19]],"v":[[194.58,182.189],[195.4,182.779]],"c":true},"ix":2},"nm":"Path 11","mn":"ADBE Vector Shape - Group","hd":false},{"ty":"fl","c":{"a":0,"k":[0.839215746113,0.839215746113,0.839215746113,1],"ix":4},"o":{"a":0,"k":100,"ix":5},"r":1,"bm":0,"nm":"Fill 11","mn":"ADBE Vector Graphic - Fill","hd":false},{"ind":24,"ty":"sh","ix":25,"ks":{"a":0,"k":{"i":[[0,0],[-0.024,-0.029]],"o":[[0.029,0.024],[0,0]],"v":[[188.59,177],[188.67,177.08]],"c":true},"ix":2},"nm":"Path 13","mn":"ADBE Vector Shape - Group","hd":false},{"ty":"fl","c":{"a":0,"k":[0.839215746113,0.839215746113,0.839215746113,1],"ix":4},"o":{"a":0,"k":100,"ix":5},"r":1,"bm":0,"nm":"Fill 13","mn":"ADBE Vector Graphic - Fill","hd":false},{"ind":26,"ty":"sh","ix":27,"ks":{"a":0,"k":{"i":[[-1.933,-1.087],[1.81,1.16]],"o":[[-1.88,-1.12],[1.76,1.187]],"v":[[228.579,191],[223.039,187.59]],"c":true},"ix":2},"nm":"Path 14","mn":"ADBE Vector Shape - Group","hd":false},{"ty":"fl","c":{"a":0,"k":[0.756862804936,0.756862804936,0.756862804936,1],"ix":4},"o":{"a":0,"k":100,"ix":5},"r":1,"bm":0,"nm":"Fill 14","mn":"ADBE Vector Graphic - Fill","hd":false},{"ind":28,"ty":"sh","ix":29,"ks":{"a":0,"k":{"i":[[-0.26,0.06],[0.26,-0.08]],"o":[[-0.26,0.06],[0.26,-0.08]],"v":[[179.639,26.34],[178.859,26.55]],"c":true},"ix":2},"nm":"Path 16","mn":"ADBE Vector Shape - Group","hd":false},{"ty":"fl","c":{"a":0,"k":[0.839215746113,0.839215746113,0.839215746113,1],"ix":4},"o":{"a":0,"k":100,"ix":5},"r":1,"bm":0,"nm":"Fill 16","mn":"ADBE Vector Graphic - Fill","hd":false},{"ind":30,"ty":"sh","ix":31,"ks":{"a":0,"k":{"i":[[-1.34,0.36],[1.33,-0.48]],"o":[[-1.34,0.37],[1.33,-0.48]],"v":[[178.859,26.551],[174.859,27.801]],"c":true},"ix":2},"nm":"Path 15","mn":"ADBE Vector Shape - Group","hd":false},{"ty":"fl","c":{"a":0,"k":[0.839215746113,0.839215746113,0.839215746113,1],"ix":4},"o":{"a":0,"k":100,"ix":5},"r":1,"bm":0,"nm":"Fill 15","mn":"ADBE Vector Graphic - Fill","hd":false},{"ind":32,"ty":"sh","ix":33,"ks":{"a":0,"k":{"i":[[-2.83,0.285],[2.754,-0.712]],"o":[[-2.831,0.28],[2.755,-0.707]],"v":[[187.999,24.85],[179.609,26.34]],"c":true},"ix":2},"nm":"Path 17","mn":"ADBE Vector Shape - Group","hd":false},{"ty":"fl","c":{"a":0,"k":[0.839215746113,0.839215746113,0.839215746113,1],"ix":4},"o":{"a":0,"k":100,"ix":5},"r":1,"bm":0,"nm":"Fill 17","mn":"ADBE Vector Graphic - Fill","hd":false},{"ind":34,"ty":"sh","ix":35,"ks":{"a":0,"k":{"i":[[0,0],[0,0],[-16,7.77]],"o":[[0,0],[0,0],[-22.39,21.35]],"v":[[266,385.17],[298.87,365.48],[342,348.15]],"c":true},"ix":2},"nm":"Path 19","mn":"ADBE Vector Shape - Group","hd":false},{"ty":"fl","c":{"a":0,"k":[0.756862804936,0.756862804936,0.756862804936,1],"ix":4},"o":{"a":0,"k":100,"ix":5},"r":1,"bm":0,"nm":"Fill 19","mn":"ADBE Vector Graphic - Fill","hd":false},{"ind":36,"ty":"sh","ix":37,"ks":{"a":0,"k":{"i":[[0,0],[0,0],[0,0],[0,0],[0,0],[0,0],[0,0],[0,0],[0,0],[0,0],[0,0],[0,0],[0,0],[0,0],[0,0],[0,0],[0,0],[0,0],[0,0],[0,0],[0,0],[0,0],[0,0],[0,0],[0,0],[0,0],[0,0],[0,0],[0,0],[0,0],[1.08,0.45],[0,0],[0,0],[0,0],[1.81,0.64],[0.29,0.1],[0,0],[1.627,0.507],[0,0],[0,0],[1.93,0.49],[0,0],[0.39,0.1],[1.42,0.29],[0,0],[0.36,0.07],[1.3,0.14],[0.44,0.06],[0,0],[1.55,0.1],[0,0],[0,0],[0,0],[1.32,0],[0,0],[0,0],[0,0],[0,0],[0,0],[0,0],[0,0],[0,0],[0,0],[0,0],[0.64,-0.11],[0.22,-0.04],[0,0],[0.73,-0.16],[0,0],[0.41,-0.1],[0,0],[0.29,-0.09],[0.45,-0.16],[0,0],[0,0],[0,0],[0.42,-0.18],[0,0],[0,0],[0,0],[0,0],[0,0],[0,0],[0,0],[0,0],[0,0],[0,0],[0,0],[0.46,-0.25],[0,0],[0,0],[7.16,-4.29],[0,0],[0,0],[-1.09,0.47],[-0.42,0.18],[0,0],[-0.192,0.107],[-1.08,0.28],[0,0],[0,0],[-1.19,0.21],[0,0],[0,0],[-0.9,0.1],[0,0],[0,0],[-0.77,0.05],[0,0],[0,0],[-1.37,0],[0,0],[-0.46,-0.02],[-1.55,-0.18],[0,0],[-1.29,-0.23],[-0.64,-0.14],[-1.4,-0.34],[-0.53,-0.13],[-1.88,-0.6],[0,0],[-1.71,-0.68],[0,0],[0,0],[-1.03,-0.45],[0,0],[0,0],[0,0],[0,0],[0,0],[-0.59,-0.3],[0,0],[0,0],[0,0],[0,0],[0,0],[0,0],[0,0]],"o":[[0,0],[0,0],[0,0],[0,0],[0,0],[0,0],[0,0],[0,0],[0,0],[0,0],[0,0],[0,0],[0,0],[0,0],[0,0],[0,0],[0,0],[0,0],[0,0],[0,0],[0,0],[0,0],[0,0],[0,0],[0,0],[0,0],[0,0],[0,0],[0,0],[-1,-0.45],[0,0],[0,0],[0,0],[-1.71,-0.69],[-0.28,-0.11],[0,0],[-1.58,-0.553],[0,0],[0,0],[-1.88,-0.57],[0,0],[-0.38,-0.1],[-1.4,-0.33],[0,0],[-0.37,-0.07],[-1.25,-0.23],[-0.43,-0.06],[0,0],[-1.54,-0.19],[0,0],[0,0],[0,0],[-1.32,-0.08],[0,0],[0,0],[0,0],[0,0],[0,0],[0,0],[0,0],[0,0],[0,0],[0,0],[-0.68,0.09],[-0.22,0],[0,0],[-0.74,0.13],[0,0],[-0.41,0.09],[0,0],[-0.29,0.08],[-0.48,0.14],[0,0],[0,0],[0,0],[-0.43,0.16],[0,0],[0,0],[0,0],[0,0],[0,0],[0,0],[0,0],[0,0],[0,0],[0,0],[0,0],[-0.47,0.23],[0,0],[0,0],[-6.75,3.71],[0,0],[0,0],[1.06,-0.57],[0.47,-0.21],[0,0],[0.218,-0.025],[1.06,-0.38],[0,0],[0,0],[1.16,-0.3],[0,0],[0,0],[0.89,-0.14],[0,0],[0,0],[0.77,-0.07],[0,0],[0,0],[1.31,0],[0,0],[0.45,0],[1.54,0.1],[0,0],[1.3,0.18],[0.68,0.13],[1.42,0.28],[0.51,0.12],[1.94,0.49],[0,0],[1.63,0.51],[0,0],[0,0],[1.08,0.44],[0,0],[0,0],[0,0],[0,0],[0,0],[0.63,0.3],[0,0],[0,0],[0,0],[0,0],[0,0],[0,0],[0,0],[0,0]],"v":[[261.21,46.07],[262.21,46.67],[262.38,46.77],[262.91,47.1],[263.01,47.16],[263.24,47.31],[305.45,22.78],[305.26,22.66],[305.17,22.6],[304.63,22.27],[304.46,22.17],[303.46,21.56],[303.21,21.41],[302.61,21.06],[301.82,20.6],[299.82,19.47],[299.11,19.08],[297.74,18.32],[297.45,18.17],[296.19,17.5],[294.61,16.67],[293.15,15.93],[291.86,15.27],[291.38,15.04],[290.11,14.42],[288,13.42],[286.58,12.76],[285.52,12.27],[284.2,11.69],[283,11.12],[279.82,9.78],[279.15,9.51],[279,9.45],[278.62,9.3],[273.33,7.3],[272.5,6.98],[271.71,6.72],[266.9,5.13],[266,4.83],[265.77,4.76],[260.04,3.17],[259.66,3.06],[258.5,2.8],[254.27,1.86],[253.36,1.66],[252.25,1.48],[248.36,0.86],[247.06,0.65],[246.34,0.59],[241.7,0.17],[240.64,0.08],[240.34,0.08],[239.63,0.08],[235.68,0],[235,0],[234.1,0],[233.85,0],[233.7,0],[233.25,0],[232.44,0.07],[231.22,0.17],[229.64,0.3],[229.26,0.3],[228.95,0.3],[226.95,0.61],[226.28,0.7],[226.16,0.7],[223.95,1.15],[223.31,1.28],[222.09,1.58],[221.22,1.81],[220.35,2.05],[218.9,2.51],[217.45,3],[217.11,3.11],[217.05,3.11],[215.77,3.61],[215.65,3.66],[215.54,3.66],[215.45,3.66],[215.23,3.75],[215.11,3.75],[215.04,3.75],[214.95,3.75],[214.36,4.01],[214.31,4.01],[213.91,4.2],[213.02,4.62],[211.63,5.34],[210.93,5.72],[209,7.25],[187.69,19.64],[168.58,30.71],[169.28,30.33],[172.51,28.78],[173.93,28.2],[175.02,27.77],[175.64,27.57],[178.84,26.57],[179.66,26.35],[180.05,26.25],[183.57,25.49],[183.87,25.43],[184.72,25.3],[187.4,24.94],[188.48,24.83],[188.73,24.83],[191.03,24.66],[192.55,24.59],[193.46,24.59],[197.46,24.59],[198.17,24.59],[199.53,24.69],[204.17,25.11],[206.17,25.38],[210.05,26],[212.05,26.39],[216.28,27.33],[217.81,27.69],[223.54,29.29],[224.64,29.64],[236.35,33.82],[236.88,34.03],[237.55,34.31],[240.72,35.65],[241.93,36.18],[244.32,37.25],[245.73,37.91],[247.86,38.91],[249.1,39.52],[250.91,40.42],[252.34,41.15],[254,42],[255.25,42.66],[256.93,43.58],[257.6,43.95],[259.6,45.09],[260.99,45.91]],"c":true},"ix":2},"nm":"Path 18","mn":"ADBE Vector Shape - Group","hd":false},{"ty":"fl","c":{"a":0,"k":[0.901960844152,0.901960844152,0.901960844152,1],"ix":4},"o":{"a":0,"k":100,"ix":5},"r":1,"bm":0,"nm":"Fill 18","mn":"ADBE Vector Graphic - Fill","hd":false},{"ind":38,"ty":"sh","ix":39,"ks":{"a":0,"k":{"i":[[0,0],[0,0],[0,0],[0,0]],"o":[[0,0],[0,0],[0,0],[0,0]],"v":[[263.24,47.309],[305.45,22.779],[306.57,61.349],[264.36,85.879]],"c":true},"ix":2},"nm":"Path 20","mn":"ADBE Vector Shape - Group","hd":false},{"ty":"fl","c":{"a":0,"k":[0.831372608858,0.831372608858,0.831372608858,1],"ix":4},"o":{"a":0,"k":100,"ix":5},"r":1,"bm":0,"nm":"Fill 20","mn":"ADBE Vector Graphic - Fill","hd":false},{"ind":40,"ty":"sh","ix":41,"ks":{"a":0,"k":{"i":[[0.349,0.751],[0.243,0.748],[0,0],[0,0],[0.05,0.12],[0.05,0.12],[0,0],[0,0],[0,0],[0,0],[0.06,0.11],[0.22,0.38],[0,0],[0,0],[0,0],[0,0],[0,0],[0,0],[0,0],[0,0],[0.041,0.061],[0,0],[0,0],[0,0],[0,0],[-0.419,-0.543],[-0.36,-0.583],[0,0],[-0.33,-0.61],[0,0],[-0.206,-0.652],[0,0],[0,0],[0,0],[0,0],[-0.06,-0.12],[-0.06,-0.13],[-0.06,-0.13],[0.004,-0.02],[0,0],[-0.21,-0.37],[0,0],[0,0],[0,0]],"o":[[-0.336,-0.711],[0,0],[0,0],[0,-0.13],[-0.05,-0.12],[0,0],[0,0],[0,0],[0,0],[-0.05,-0.11],[-0.19,-0.4],[0,0],[0,0],[0,0],[0,0],[0,0],[0,0],[0,0],[0,0],[-0.052,-0.052],[0,0],[0,0],[0,0],[0,0],[0.487,0.483],[0.419,0.542],[0,0],[0.35,0.58],[0,0],[0.287,0.62],[0,0],[0,0],[0,0],[0,0],[0.05,0.12],[0.06,0.12],[0.06,0.13],[0.004,0.02],[0,0],[0.18,0.38],[0,0],[0,0],[0,0],[-0.451,-0.694]],"v":[[347.64,127.001],[346.77,124.811],[337.17,94.531],[337.08,94.281],[336.95,93.901],[336.81,93.531],[336.66,93.161],[336.48,92.751],[336.42,92.621],[336.42,92.551],[336.26,92.211],[335.64,91.041],[335.47,90.761],[335.42,90.691],[335.32,90.521],[335.07,90.131],[334.84,89.791],[334.61,89.471],[334.37,89.141],[334.25,89.001],[334.11,88.831],[333.77,88.421],[333.26,87.851],[332.88,87.461],[290.67,112.001],[292.03,113.541],[293.2,115.231],[293.2,115.301],[294.2,117.101],[294.2,117.161],[294.94,119.071],[304.55,149.361],[304.64,149.641],[304.77,150.011],[304.91,150.371],[305.06,150.741],[305.23,151.141],[305.42,151.541],[305.42,151.601],[305.48,151.701],[306.07,152.821],[306.38,153.331],[306.62,153.701],[348.84,129.171]],"c":true},"ix":2},"nm":"Path 21","mn":"ADBE Vector Shape - Group","hd":false},{"ty":"fl","c":{"a":0,"k":[0.909803981407,0.909803981407,0.909803981407,1],"ix":4},"o":{"a":0,"k":100,"ix":5},"r":1,"bm":0,"nm":"Fill 21","mn":"ADBE Vector Graphic - Fill","hd":false},{"ind":42,"ty":"sh","ix":43,"ks":{"a":0,"k":{"i":[[0,0],[0,0],[0,0],[0,0]],"o":[[0,0],[0,0],[0,0],[0,0]],"v":[[264.359,85.88],[306.569,61.35],[332.799,87.4],[290.589,111.94]],"c":true},"ix":2},"nm":"Path 22","mn":"ADBE Vector Shape - Group","hd":false},{"ty":"fl","c":{"a":0,"k":[0.929411824544,0.929411824544,0.929411824544,1],"ix":4},"o":{"a":0,"k":100,"ix":5},"r":1,"bm":0,"nm":"Fill 22","mn":"ADBE Vector Graphic - Fill","hd":false},{"ind":44,"ty":"sh","ix":45,"ks":{"a":0,"k":{"i":[[0,0.11],[0,0.18],[0,0.04],[0.113,0.514],[0.06,0.24],[0.04,0.15],[0.04,0.13],[0.04,0.12],[0,0],[0,0],[0.06,0.13],[0,0],[0.07,0.13],[0.21,0.36],[0,0],[0,0],[0,0],[0,0],[0,0],[-0.388,-0.835],[0,0],[-0.232,-0.843],[-0.067,-0.774],[0,0],[0.118,-0.727],[0,0],[-0.005,0.036],[0,0],[0,0.1],[0,0.1],[0,0.1]],"o":[[0,-0.17],[0,0],[-0.047,-0.525],[-0.05,-0.24],[0,-0.15],[-0.04,-0.15],[-0.04,-0.13],[0,0],[0,0],[-0.05,-0.14],[0,0],[-0.06,-0.14],[-0.18,-0.37],[0,0],[0,0],[0,0],[0,0],[0,0],[0.504,0.77],[0,0],[0.367,0.794],[0.206,0.749],[0,0],[0.065,0.734],[0,0],[-0.005,-0.036],[0,0],[0,-0.1],[0,-0.1],[0,-0.1],[0,-0.1]],"v":[[409,224.19],[409,223.67],[409,223.53],[408.76,221.97],[408.59,221.26],[408.46,220.81],[408.33,220.41],[408.2,220.04],[408.06,219.68],[407.91,219.32],[407.74,218.91],[407.68,218.79],[407.49,218.39],[406.91,217.3],[406.59,216.76],[406.34,216.38],[348.96,129.24],[306.74,153.77],[364,240.81],[365.34,243.22],[365.34,243.27],[366.24,245.73],[366.65,248.02],[366.65,248.16],[366.57,250.36],[408.79,225.83],[408.79,225.72],[408.79,225.42],[408.79,225.12],[408.79,224.81],[408.79,224.5]],"c":true},"ix":2},"nm":"Path 24","mn":"ADBE Vector Shape - Group","hd":false},{"ty":"fl","c":{"a":0,"k":[0.909803981407,0.909803981407,0.909803981407,1],"ix":4},"o":{"a":0,"k":100,"ix":5},"r":1,"bm":0,"nm":"Fill 24","mn":"ADBE Vector Graphic - Fill","hd":false},{"ind":46,"ty":"sh","ix":47,"ks":{"a":0,"k":{"i":[[0,0],[0,0],[0.133,-0.359],[0.175,-0.294],[0.206,-0.204],[0,0],[0.258,-0.151],[0,0],[-0.199,0.186],[0,0],[0,0],[-0.08,0.1],[-0.08,0.13],[-0.05,0.1],[0,0],[0,0],[-0.03,0.11],[-0.03,0.1],[0,0],[0.005,0.067],[0,0]],"o":[[0,0],[-0.053,0.379],[-0.111,0.324],[-0.152,0.247],[0,0],[-0.214,0.208],[0,0],[0.233,-0.14],[0,0],[0,0],[0.09,-0.1],[0.08,-0.1],[0.06,-0.1],[0,0],[0,0],[0,-0.1],[0.03,-0.11],[0,0],[0.005,-0.067],[0,0],[0,0]],"v":[[366.639,250.369],[360.999,284.739],[360.719,285.849],[360.289,286.779],[359.749,287.459],[359.659,287.569],[358.949,288.109],[401.169,263.579],[401.819,263.089],[401.869,263.029],[401.969,262.929],[402.229,262.639],[402.489,262.269],[402.659,261.969],[402.809,261.649],[402.929,261.339],[403.029,261.029],[403.109,260.729],[403.169,260.429],[403.169,260.229],[408.789,225.859]],"c":true},"ix":2},"nm":"Path 23","mn":"ADBE Vector Shape - Group","hd":false},{"ty":"fl","c":{"a":0,"k":[0.89019613827,0.89019613827,0.89019613827,1],"ix":4},"o":{"a":0,"k":100,"ix":5},"r":1,"bm":0,"nm":"Fill 23","mn":"ADBE Vector Graphic - Fill","hd":false},{"ind":48,"ty":"sh","ix":49,"ks":{"a":0,"k":{"i":[[0,0],[0,0]],"o":[[0,0],[0,0]],"v":[[266.051,385.169],[266.241,385.109]],"c":true},"ix":2},"nm":"Path 25","mn":"ADBE Vector Shape - Group","hd":false},{"ty":"fl","c":{"a":0,"k":[0.839215746113,0.839215746113,0.839215746113,1],"ix":4},"o":{"a":0,"k":100,"ix":5},"r":1,"bm":0,"nm":"Fill 25","mn":"ADBE Vector Graphic - Fill","hd":false},{"ind":50,"ty":"sh","ix":51,"ks":{"a":0,"k":{"i":[[54.07,0],[0,35.08],[0,0],[0,0],[-51.84,0],[-3.44,33],[0,0],[0,0]],"o":[[-54.07,0],[0,0],[0,0],[3.41,33.08],[51.84,0],[0,0],[0,0],[0,35.08]],"v":[[232.929,401.841],[135.029,338.311],[135.029,365.751],[135.259,365.931],[232.929,425.161],[330.599,366.001],[330.839,365.771],[330.839,338.311]],"c":true},"ix":2},"nm":"Path 26","mn":"ADBE Vector Shape - Group","hd":false},{"ty":"fl","c":{"a":0,"k":[0.831372608858,0.831372608858,0.831372608858,1],"ix":4},"o":{"a":0,"k":100,"ix":5},"r":1,"bm":0,"nm":"Fill 26","mn":"ADBE Vector Graphic - Fill","hd":false},{"ind":52,"ty":"sh","ix":53,"ks":{"a":0,"k":{"i":[[17.56,11.48],[0,0],[0,-16.77],[-54.07,0],[0,35.08]],"o":[[0,0],[-16.35,11.31],[0,35.08],[54.07,0],[0.03,-17.45]],"v":[[302.44,293.58],[161.4,295],[135,338.31],[232.9,401.84],[330.81,338.31]],"c":true},"ix":2},"nm":"Path 27","mn":"ADBE Vector Shape - Group","hd":false},{"ty":"fl","c":{"a":0,"k":[0.89019613827,0.89019613827,0.89019613827,1],"ix":4},"o":{"a":0,"k":100,"ix":5},"r":1,"bm":0,"nm":"Fill 27","mn":"ADBE Vector Graphic - Fill","hd":false},{"ind":54,"ty":"sh","ix":55,"ks":{"a":0,"k":{"i":[[-16.55,10.53],[2.29,22.63],[0,0],[0,0],[-5.007,7.342],[0,-24.73],[0,0],[-36.93,-14.34],[0,0]],"o":[[-29.37,-10],[0,0],[0,0],[0.085,-8.886],[-25.88,15.65],[0,0],[0,28.74],[-0.19,-1.29],[0,-16.1]],"v":[[187.55,417.93],[135.26,365.93],[135.03,365.75],[135.03,338.31],[142.84,313.42],[100.75,376.15],[100.75,422.15],[162.21,490.44],[161.91,461.82]],"c":true},"ix":2},"nm":"Path 28","mn":"ADBE Vector Shape - Group","hd":false},{"ty":"fl","c":{"a":0,"k":[0.756862804936,0.756862804936,0.756862804936,1],"ix":4},"o":{"a":0,"k":100,"ix":5},"r":1,"bm":0,"nm":"Fill 28","mn":"ADBE Vector Graphic - Fill","hd":false},{"ind":56,"ty":"sh","ix":57,"ks":{"a":0,"k":{"i":[[25.91,15.66],[-0.09,-8.89],[0,0],[0,0],[51.82,0],[3.41,33.07],[0,0],[0,0],[-5.002,7.348],[0,-24.74],[0,0],[-73,0],[0,44.65],[0,0]],"o":[[5.009,7.345],[0,0],[0,0],[-3.44,33],[-51.82,0],[0,0],[0,0],[0.091,-8.889],[-25.88,15.66],[0,0],[0,44.65],[73,0],[0,0],[0,-24.77]],"v":[[323,313.41],[330.82,338.31],[330.82,365.75],[330.58,365.98],[232.91,425.16],[135.26,365.93],[135.03,365.75],[135.03,338.31],[142.84,313.41],[100.75,376.15],[100.75,422.15],[232.93,503.01],[365.12,422.15],[365.12,376.15]],"c":true},"ix":2},"nm":"Path 30","mn":"ADBE Vector Shape - Group","hd":false},{"ty":"fl","c":{"a":0,"k":[0.933333393172,0.933333393172,0.933333393172,1],"ix":4},"o":{"a":0,"k":100,"ix":5},"r":1,"bm":0,"nm":"Fill 30","mn":"ADBE Vector Graphic - Fill","hd":false},{"ind":58,"ty":"sh","ix":59,"ks":{"a":0,"k":{"i":[[0,28.65],[0,0],[0,-20.85],[0,0],[-44.22,-16.73],[0,0],[-9.82,2.14],[0,0.04]],"o":[[0,0],[-17.53,12],[0,0],[0,33.21],[0,0],[0,-14.75],[0,0],[-36.73,-14.4]],"v":[[100.75,422.13],[100.75,389.18],[72.92,438.18],[72.92,454.41],[146.45,533.52],[146.45,518.52],[161.87,490.45],[161.87,490.34]],"c":true},"ix":2},"nm":"Path 29","mn":"ADBE Vector Shape - Group","hd":false},{"ty":"fl","c":{"a":0,"k":[0.701960784314,0.701960784314,0.701960784314,1],"ix":4},"o":{"a":0,"k":100,"ix":5},"r":1,"bm":0,"nm":"Fill 29","mn":"ADBE Vector Graphic - Fill","hd":false},{"ind":60,"ty":"sh","ix":61,"ks":{"a":0,"k":{"i":[[17.54,12.03],[0,0],[73.01,0],[0,44.65],[0,0],[0,-20.82],[0,0],[-88.36,0],[0,51.94],[0,0]],"o":[[0,0],[0,44.65],[-73.01,0],[0,0],[-17.55,12],[0,0],[0,51.94],[88.36,0],[0,0],[0.02,-20.85]],"v":[[365.12,389.131],[365.12,422.131],[232.93,502.991],[100.75,422.131],[100.75,389.131],[72.92,438.131],[72.92,454.361],[232.92,548.411],[392.92,454.361],[392.92,438.161]],"c":true},"ix":2},"nm":"Path 31","mn":"ADBE Vector Shape - Group","hd":false},{"ty":"fl","c":{"a":0,"k":[0.850980451995,0.850980451995,0.850980451995,1],"ix":4},"o":{"a":0,"k":100,"ix":5},"r":1,"bm":0,"nm":"Fill 31","mn":"ADBE Vector Graphic - Fill","hd":false},{"ind":62,"ty":"sh","ix":63,"ks":{"a":0,"k":{"i":[[-109.214,0],[0,55.228],[109.214,0],[0,-55.228]],"o":[[109.214,0],[0,-55.228],[-109.214,0],[0,55.228]],"v":[[197.75,561.189],[395.5,461.189],[197.75,361.189],[0,461.189]],"c":true},"ix":2},"nm":"Path 32","mn":"ADBE Vector Shape - Group","hd":false},{"ty":"fl","c":{"a":0,"k":[0,0,0,1],"ix":4},"o":{"a":0,"k":13,"ix":5},"r":1,"bm":0,"nm":"Fill 32","mn":"ADBE Vector Graphic - Fill","hd":false}],"ip":0,"op":500,"st":0,"bm":0},{"ddd":0,"ind":14,"ty":4,"nm":"pawn black Outlines","parent":15,"sr":1,"ks":{"o":{"a":0,"k":100,"ix":11},"r":{"a":0,"k":0,"ix":10},"p":{"a":0,"k":[-153.5,-430.5,0],"ix":2,"l":2},"a":{"a":0,"k":[170.5,231.5,0],"ix":1,"l":2},"s":{"a":0,"k":[29,58,100],"ix":6,"l":2}},"ao":0,"shapes":[{"ind":0,"ty":"sh","ix":1,"ks":{"a":0,"k":{"i":[[5.949,2.473],[0,0],[0,0],[0,-0.55],[-20.78,-6.52],[0,0]],"o":[[0,0],[0,0],[0,0.55],[0,14.66],[0,0],[-6.361,-1.022]],"v":[[165.7,175.98],[135.24,266.44],[135.4,266.44],[135.34,268.08],[170.23,302],[184.23,181.24]],"c":true},"ix":2},"nm":"Path 1","mn":"ADBE Vector Shape - Group","hd":false},{"ty":"fl","c":{"a":0,"k":[0.164705882353,0.164705882353,0.164705882353,1],"ix":4},"o":{"a":0,"k":100,"ix":5},"r":1,"bm":0,"nm":"Fill 1","mn":"ADBE Vector Graphic - Fill","hd":false},{"ind":2,"ty":"sh","ix":3,"ks":{"a":0,"k":{"i":[[0,23.88],[0,0],[0,-17.4],[0,0],[-36.92,-13.98],[0,0],[-8.19,1.79],[0,0.04]],"o":[[0,0],[-14.64,10],[0,0],[0,27.73],[0,0],[0,-12.31],[0,0],[-30.66,-11.99]],"v":[[91.461,342.9],[91.461,315.33],[68.221,356.24],[68.221,369.79],[129.621,435.86],[129.621,423.31],[142.491,399.87],[142.491,399.78]],"c":true},"ix":2},"nm":"Path 2","mn":"ADBE Vector Shape - Group","hd":false},{"ty":"fl","c":{"a":0,"k":[0.188235309077,0.188235309077,0.188235309077,1],"ix":4},"o":{"a":0,"k":100,"ix":5},"r":1,"bm":0,"nm":"Fill 2","mn":"ADBE Vector Graphic - Fill","hd":false},{"ind":4,"ty":"sh","ix":5,"ks":{"a":0,"k":{"i":[[14.65,10.05],[0,0],[60.97,0],[0,37.24],[0,0],[0,-17.41],[0,0],[-73.79,0],[0,43.38],[0,0]],"o":[[0,0],[0,37.29],[-60.97,0],[0,0],[-14.66,10.05],[0,0],[0,43.38],[73.79,0],[0,0],[0,-17.41]],"v":[[312.231,315.291],[312.231,342.901],[201.841,410.421],[91.461,342.901],[91.461,315.291],[68.221,356.241],[68.221,369.791],[201.841,448.331],[335.461,369.791],[335.461,356.241]],"c":true},"ix":2},"nm":"Path 3","mn":"ADBE Vector Shape - Group","hd":false},{"ty":"fl","c":{"a":0,"k":[0.250980392157,0.250980392157,0.250980392157,1],"ix":4},"o":{"a":0,"k":100,"ix":5},"r":1,"bm":0,"nm":"Fill 3","mn":"ADBE Vector Graphic - Fill","hd":false},{"ind":6,"ty":"sh","ix":7,"ks":{"a":0,"k":{"i":[[-9.088,5.167],[-0.043,-11.894],[-5.975,-10.284],[-10.312,-5.927],[-11.894,0.012],[-10.228,5.862],[8.664,-5.851],[10.361,-1.399],[9.905,3.344],[7.392,7.392],[3.344,9.905],[-1.399,10.361],[-5.851,8.664]],"o":[[-5.9,10.327],[0.043,11.894],[5.975,10.284],[10.312,5.927],[11.788,0.004],[-5.167,9.088],[-8.664,5.851],[-10.361,1.399],[-9.905,-3.344],[-7.393,-7.392],[-3.344,-9.905],[1.399,-10.361],[5.851,-8.664]],"v":[[164.74,22.84],[155.8,56.757],[164.987,90.608],[189.847,115.352],[223.74,124.38],[257.34,115.44],[236.314,138.152],[207.392,149.175],[176.582,146.217],[150.285,129.895],[133.962,103.598],[131.005,72.788],[142.028,43.866]],"c":true},"ix":2},"nm":"Path 4","mn":"ADBE Vector Shape - Group","hd":false},{"ty":"fl","c":{"a":0,"k":[0.164705882353,0.164705882353,0.164705882353,1],"ix":4},"o":{"a":0,"k":100,"ix":5},"r":1,"bm":0,"nm":"Fill 4","mn":"ADBE Vector Graphic - Fill","hd":false},{"ind":8,"ty":"sh","ix":9,"ks":{"a":0,"k":{"i":[[-8.696,36.501],[36.501,8.696],[8.696,-36.501],[-36.501,-8.696]],"o":[[8.696,-36.501],[-36.501,-8.696],[-8.696,36.501],[36.501,8.696]],"v":[[264.437,97.581],[214.092,15.746],[132.257,66.091],[182.602,147.927]],"c":true},"ix":2},"nm":"Path 5","mn":"ADBE Vector Shape - Group","hd":false},{"ty":"fl","c":{"a":0,"k":[0.219607858097,0.219607858097,0.219607858097,1],"ix":4},"o":{"a":0,"k":100,"ix":5},"r":1,"bm":0,"nm":"Fill 5","mn":"ADBE Vector Graphic - Fill","hd":false},{"ind":10,"ty":"sh","ix":11,"ks":{"a":0,"k":{"i":[[13.109,0.139],[10.702,4.367],[0,0],[-12.349,0.108],[-11,5.92],[0,0]],"o":[[-11.558,0.083],[0,0],[11.292,4.998],[15.13,0],[0,0],[-11.825,5.659]],"v":[[199.421,182.47],[165.701,175.98],[163.551,182.36],[199.421,189.78],[239.421,180.3],[237.321,174.08]],"c":true},"ix":2},"nm":"Path 6","mn":"ADBE Vector Shape - Group","hd":false},{"ty":"fl","c":{"a":0,"k":[0.164705882353,0.164705882353,0.164705882353,1],"ix":4},"o":{"a":0,"k":100,"ix":5},"r":1,"bm":0,"nm":"Fill 6","mn":"ADBE Vector Graphic - Fill","hd":false},{"ind":12,"ty":"sh","ix":13,"ks":{"a":0,"k":{"i":[[16.06,9.69],[0,0],[0,0],[0,-0.55],[36.75,0],[0,21.29],[-0.06,0.55],[0,0],[0,0],[0,-15.33],[-45.15,0],[0,29.25]],"o":[[0,0],[0,0],[0,0.55],[0,21.29],[-36.75,0],[0,-0.55],[0,0],[0,0],[-16,9.68],[0,29.3],[45.15,0],[0,-15.4]],"v":[[257.48,233.99],[268.4,266.44],[268.34,266.44],[268.4,268.08],[201.87,306.64],[135.34,268.08],[135.4,266.44],[135.24,266.44],[146.15,234.03],[120.08,272.85],[201.84,325.9],[283.6,272.9]],"c":true},"ix":2},"nm":"Path 7","mn":"ADBE Vector Shape - Group","hd":false},{"ty":"fl","c":{"a":0,"k":[0.298039215686,0.298039215686,0.298039215686,1],"ix":4},"o":{"a":0,"k":100,"ix":5},"r":1,"bm":0,"nm":"Fill 7","mn":"ADBE Vector Graphic - Fill","hd":false},{"ind":14,"ty":"sh","ix":15,"ks":{"a":0,"k":{"i":[[0,0],[0,0],[13.102,0.136],[10.702,4.367],[0,0],[0,0],[0,-0.55],[-36.75,0],[0,21.29],[0.06,0.55]],"o":[[0,0],[-11.819,5.656],[-11.558,0.083],[0,0],[0,0],[0,0.55],[0,21.29],[36.75,0],[0,-0.55],[0,0]],"v":[[268.4,266.44],[237.3,174.08],[199.42,182.47],[165.7,175.98],[135.24,266.44],[135.4,266.44],[135.34,268.08],[201.87,306.64],[268.4,268.08],[268.34,266.44]],"c":true},"ix":2},"nm":"Path 8","mn":"ADBE Vector Shape - Group","hd":false},{"ty":"fl","c":{"a":0,"k":[0.219607858097,0.219607858097,0.219607858097,1],"ix":4},"o":{"a":0,"k":100,"ix":5},"r":1,"bm":0,"nm":"Fill 8","mn":"ADBE Vector Graphic - Fill","hd":false},{"ind":16,"ty":"sh","ix":17,"ks":{"a":0,"k":{"i":[[5.42,6.33],[-0.071,-5.021],[33.2,0],[0,19.9],[-2.976,4.045],[0,-7.84],[-35.36,0],[0,23.82]],"o":[[2.973,4.046],[0,19.87],[-33.2,0],[0.074,-5.022],[-5.42,6.33],[0,23.82],[35.36,0],[-0.08,-7.84]],"v":[[254.851,117.811],[259.531,131.751],[199.421,167.751],[139.311,131.751],[144.001,117.811],[135.461,139.331],[199.461,182.471],[263.461,139.331]],"c":true},"ix":2},"nm":"Path 9","mn":"ADBE Vector Shape - Group","hd":false},{"ty":"fl","c":{"a":0,"k":[0.160784313725,0.160784313725,0.160784313725,1],"ix":4},"o":{"a":0,"k":100,"ix":5},"r":1,"bm":0,"nm":"Fill 9","mn":"ADBE Vector Graphic - Fill","hd":false},{"ind":18,"ty":"sh","ix":19,"ks":{"a":0,"k":{"i":[[0,-19.85],[-33.2,0],[0,19.9],[33.2,0]],"o":[[0,19.87],[33.2,0],[0,-19.9],[-33.2,0]],"v":[[139.311,131.75],[199.421,167.75],[259.531,131.75],[199.421,95.75]],"c":true},"ix":2},"nm":"Path 10","mn":"ADBE Vector Shape - Group","hd":false},{"ty":"fl","c":{"a":0,"k":[0.219607858097,0.219607858097,0.219607858097,1],"ix":4},"o":{"a":0,"k":100,"ix":5},"r":1,"bm":0,"nm":"Fill 10","mn":"ADBE Vector Graphic - Fill","hd":false},{"ind":20,"ty":"sh","ix":21,"ks":{"a":0,"k":{"i":[[-13.88,8.8],[1.95,18.9],[0,0],[0,0],[-4.2,6.134],[0,-20.71],[0,0],[-30.84,-11.94],[0.008,1.094],[0,0]],"o":[[-24.53,-8.34],[0,0],[0,0],[0.084,-7.434],[-21.69,13.03],[0,0],[0,24],[-0.159,-1.083],[0,0],[0,-13.43]],"v":[[164.001,339.35],[120.311,295.92],[120.121,295.77],[120.121,272.9],[126.691,252.09],[91.461,304.46],[91.461,342.9],[142.781,399.9],[142.531,396.63],[142.531,375.98]],"c":true},"ix":2},"nm":"Path 11","mn":"ADBE Vector Shape - Group","hd":false},{"ty":"fl","c":{"a":0,"k":[0.164705882353,0.164705882353,0.164705882353,1],"ix":4},"o":{"a":0,"k":100,"ix":5},"r":1,"bm":0,"nm":"Fill 11","mn":"ADBE Vector Graphic - Fill","hd":false},{"ind":22,"ty":"sh","ix":23,"ks":{"a":0,"k":{"i":[[21.68,13.08],[-0.079,-7.458],[0,0],[0,0],[43.28,0],[2.85,27.65],[0,0],[0,0],[-4.199,6.139],[0,-20.71],[0,0],[-60.96,0],[0,37.24],[0,0]],"o":[[4.223,6.147],[0,0],[0,0],[-2.88,27.6],[-43.28,0],[0,0],[0,0],[0.085,-7.437],[-21.65,13.03],[0,0],[0,37.29],[60.96,0],[0,0],[0,-20.71]],"v":[[277.001,252.031],[283.601,272.901],[283.601,295.821],[283.411,296.011],[201.841,345.431],[120.271,295.901],[120.081,295.751],[120.081,272.901],[126.651,252.081],[91.461,304.461],[91.461,342.901],[201.841,410.421],[312.231,342.901],[312.231,304.461]],"c":true},"ix":2},"nm":"Path 12","mn":"ADBE Vector Shape - Group","hd":false},{"ty":"fl","c":{"a":0,"k":[0.219607858097,0.219607858097,0.219607858097,1],"ix":4},"o":{"a":0,"k":100,"ix":5},"r":1,"bm":0,"nm":"Fill 12","mn":"ADBE Vector Graphic - Fill","hd":false},{"ind":24,"ty":"sh","ix":25,"ks":{"a":0,"k":{"i":[[45.16,0],[0,29.3],[0,0],[0,0],[-43.29,0],[-2.88,27.6],[0,0],[0,0]],"o":[[-45.15,0],[0,0],[0,0],[2.85,27.63],[43.29,0],[0,0],[0,0],[0,29.25]],"v":[[201.84,325.9],[120.08,272.85],[120.08,295.77],[120.27,295.92],[201.84,345.38],[283.41,295.96],[283.6,295.77],[283.6,272.9]],"c":true},"ix":2},"nm":"Path 13","mn":"ADBE Vector Shape - Group","hd":false},{"ty":"fl","c":{"a":0,"k":[0.16862745098,0.16862745098,0.16862745098,1],"ix":4},"o":{"a":0,"k":100,"ix":5},"r":1,"bm":0,"nm":"Fill 13","mn":"ADBE Vector Graphic - Fill","hd":false},{"ind":26,"ty":"sh","ix":27,"ks":{"a":0,"k":{"i":[[-93.927,0],[0,47.502],[93.927,0],[0,-47.502]],"o":[[93.927,0],[0,-47.502],[-93.927,0],[0,47.502]],"v":[[170.07,462.27],[340.14,376.26],[170.07,290.25],[0,376.26]],"c":true},"ix":2},"nm":"Path 14","mn":"ADBE Vector Shape - Group","hd":false},{"ty":"fl","c":{"a":0,"k":[0,0,0,1],"ix":4},"o":{"a":0,"k":13,"ix":5},"r":1,"bm":0,"nm":"Fill 14","mn":"ADBE Vector Graphic - Fill","hd":false}],"ip":0,"op":500,"st":0,"bm":0},{"ddd":0,"ind":15,"ty":4,"nm":"Shape Layer 1","td":1,"sr":1,"ks":{"o":{"a":0,"k":100,"ix":11},"r":{"a":0,"k":0,"ix":10},"p":{"a":0,"k":[187.497,294.892,0],"ix":2,"l":2},"a":{"a":0,"k":[-197.503,-305.716,0],"ix":1,"l":2},"s":{"a":1,"k":[{"i":{"x":[0.3,0.3,0.3],"y":[1,1,1]},"o":{"x":[0.3,0.3,0.3],"y":[0,0,0]},"t":100,"s":[100,50,100]},{"t":200,"s":[60,30,100]}],"ix":6,"l":2}},"ao":0,"shapes":[{"ty":"gr","it":[{"d":1,"ty":"el","s":{"a":0,"k":[772,772],"ix":2},"p":{"a":0,"k":[0,0],"ix":3},"nm":"Ellipse Path 1","mn":"ADBE Vector Shape - Ellipse","hd":false},{"ty":"gf","o":{"a":0,"k":100,"ix":10},"r":1,"bm":0,"g":{"p":3,"k":{"a":0,"k":[0,1,1,1,0.5,1,1,1,1,1,1,1,0,1,0.38,0.5,0.76,0],"ix":9}},"s":{"a":0,"k":[0,0],"ix":5},"e":{"a":0,"k":[386,0],"ix":6},"t":2,"h":{"a":0,"k":0,"ix":7},"a":{"a":0,"k":0,"ix":8},"nm":"Gradient Fill 1","mn":"ADBE Vector Graphic - G-Fill","hd":false},{"ty":"tr","p":{"a":0,"k":[-197.5,-160.5],"ix":2},"a":{"a":0,"k":[0,0],"ix":1},"s":{"a":0,"k":[100,100],"ix":3},"r":{"a":0,"k":0,"ix":6},"o":{"a":0,"k":100,"ix":7},"sk":{"a":0,"k":0,"ix":4},"sa":{"a":0,"k":0,"ix":5},"nm":"Transform"}],"nm":"Ellipse 1","np":3,"cix":2,"bm":0,"ix":1,"mn":"ADBE Vector Group","hd":false}],"ip":0,"op":500,"st":0,"bm":0},{"ddd":0,"ind":16,"ty":4,"nm":"board square Outlines","parent":15,"tt":1,"sr":1,"ks":{"o":{"a":0,"k":20,"ix":11},"r":{"a":0,"k":0,"ix":10},"p":{"a":0,"k":[-197.5,-160.5,0],"ix":2,"l":2},"a":{"a":0,"k":[385,222,0],"ix":1,"l":2},"s":{"a":0,"k":[100,200,100],"ix":6,"l":2}},"ao":0,"shapes":[{"ind":0,"ty":"sh","ix":1,"ks":{"a":0,"k":{"i":[[0,0],[0,0],[0,0],[0,0]],"o":[[0,0],[0,0],[0,0],[0,0]],"v":[[226.85,301.408],[302.337,359.9],[171.59,393.671],[96.104,335.179]],"c":true},"ix":2},"nm":"Path 1","mn":"ADBE Vector Shape - Group","hd":false},{"ind":1,"ty":"sh","ix":2,"ks":{"a":0,"k":{"i":[[0,0],[0,0],[0,0],[0,0]],"o":[[0,0],[0,0],[0,0],[0,0]],"v":[[282.077,209.143],[357.564,267.635],[226.817,301.405],[151.33,242.913]],"c":true},"ix":2},"nm":"Path 2","mn":"ADBE Vector Shape - Group","hd":false},{"ind":2,"ty":"sh","ix":3,"ks":{"a":0,"k":{"i":[[0,0],[0,0],[0,0],[0,0]],"o":[[0,0],[0,0],[0,0],[0,0]],"v":[[336.981,116.873],[412.468,175.365],[281.721,209.135],[206.234,150.643]],"c":true},"ix":2},"nm":"Path 3","mn":"ADBE Vector Shape - Group","hd":false},{"ind":3,"ty":"sh","ix":4,"ks":{"a":0,"k":{"i":[[0,0],[0,0],[0,0],[0,0]],"o":[[0,0],[0,0],[0,0],[0,0]],"v":[[392.21,24.611],[467.696,83.103],[336.95,116.874],[261.463,58.382]],"c":true},"ix":2},"nm":"Path 4","mn":"ADBE Vector Shape - Group","hd":false},{"ind":4,"ty":"sh","ix":5,"ks":{"a":0,"k":{"i":[[0,0],[0,0],[0,0],[0,0]],"o":[[0,0],[0,0],[0,0],[0,0]],"v":[[130.747,92.264],[206.233,150.756],[75.487,184.526],[0,126.034]],"c":true},"ix":2},"nm":"Path 5","mn":"ADBE Vector Shape - Group","hd":false},{"ind":5,"ty":"sh","ix":6,"ks":{"a":0,"k":{"i":[[0,0],[0,0],[0,0],[0,0]],"o":[[0,0],[0,0],[0,0],[0,0]],"v":[[185.971,0],[261.458,58.492],[130.711,92.262],[55.225,33.77]],"c":true},"ix":2},"nm":"Path 6","mn":"ADBE Vector Shape - Group","hd":false},{"ind":6,"ty":"sh","ix":7,"ks":{"a":0,"k":{"i":[[0,0],[0,0],[0,0],[0,0]],"o":[[0,0],[0,0],[0,0],[0,0]],"v":[[639.057,350.852],[714.544,409.344],[583.797,443.114],[508.311,384.622]],"c":true},"ix":2},"nm":"Path 8","mn":"ADBE Vector Shape - Group","hd":false},{"ind":7,"ty":"sh","ix":8,"ks":{"a":0,"k":{"i":[[0,0],[0,0],[0,0],[0,0]],"o":[[0,0],[0,0],[0,0],[0,0]],"v":[[694.284,258.586],[769.771,317.078],[639.024,350.848],[563.537,292.356]],"c":true},"ix":2},"nm":"Path 7","mn":"ADBE Vector Shape - Group","hd":false},{"ind":8,"ty":"sh","ix":9,"ks":{"a":0,"k":{"i":[[0,0],[0,0],[0,0],[0,0]],"o":[[0,0],[0,0],[0,0],[0,0]],"v":[[432.827,326.236],[508.314,384.728],[377.567,418.499],[302.08,360.007]],"c":true},"ix":2},"nm":"Path 9","mn":"ADBE Vector Shape - Group","hd":false},{"ind":9,"ty":"sh","ix":10,"ks":{"a":0,"k":{"i":[[0,0],[0,0],[0,0],[0,0]],"o":[[0,0],[0,0],[0,0],[0,0]],"v":[[488.053,233.973],[563.54,292.465],[432.793,326.235],[357.307,267.743]],"c":true},"ix":2},"nm":"Path 10","mn":"ADBE Vector Shape - Group","hd":false},{"ind":10,"ty":"sh","ix":11,"ks":{"a":0,"k":{"i":[[0,0],[0,0],[0,0],[0,0]],"o":[[0,0],[0,0],[0,0],[0,0]],"v":[[542.958,141.715],[618.444,200.207],[487.698,233.977],[412.211,175.485]],"c":true},"ix":2},"nm":"Path 11","mn":"ADBE Vector Shape - Group","hd":false},{"ind":11,"ty":"sh","ix":12,"ks":{"a":0,"k":{"i":[[0,0],[0,0],[0,0],[0,0]],"o":[[0,0],[0,0],[0,0],[0,0]],"v":[[598.184,49.451],[673.671,107.943],[542.924,141.714],[467.438,83.222]],"c":true},"ix":2},"nm":"Path 12","mn":"ADBE Vector Shape - Group","hd":false},{"ty":"fl","c":{"a":0,"k":[1,1,1,1],"ix":4},"o":{"a":0,"k":100,"ix":5},"r":1,"bm":0,"nm":"Fill 12","mn":"ADBE Vector Graphic - Fill","hd":false}],"ip":0,"op":500,"st":0,"bm":0}]}],"layers":[{"ddd":0,"ind":1,"ty":0,"nm":"Comp 1","refId":"comp_0","sr":1,"ks":{"o":{"a":1,"k":[{"i":{"x":[0],"y":[1]},"o":{"x":[0.167],"y":[0.167]},"t":0,"s":[0]},{"t":30,"s":[100]}],"ix":11},"r":{"a":0,"k":0,"ix":10},"p":{"a":1,"k":[{"i":{"x":0,"y":1},"o":{"x":0.167,"y":0},"t":0,"s":[187.5,213.5,0],"to":[0,-4.333,0],"ti":[0,4.333,0]},{"t":50,"s":[187.5,187.5,0]}],"ix":2,"l":2},"a":{"a":0,"k":[187.5,333.5,0],"ix":1,"l":2},"s":{"a":0,"k":[100,100,100],"ix":6,"l":2}},"ao":0,"w":375,"h":667,"ip":0,"op":500,"st":0,"bm":0}],"markers":[]}